program,portfolio_domain,source_repo,item_number,item_url,item_type,title,state,created_at,updated_at,closed_at,age_days,cycle_time_days,time_since_update_days,comment_count,label_count,labels,assignee_count,has_milestone,locked,author_association,body_length,title_length,created_day_of_week,created_month,has_blocker_signal,has_bug_signal,has_priority_signal,has_triage_signal,delayed_or_stale,repo_stars,repo_forks,repo_open_issues,repo_watchers,repo_size,delay_risk_probability,delay_risk_score,risk_level,recommended_action
Cloud Native Platform Reliability,Cloud Platform,kubernetes/kubernetes,141056,https://github.com/kubernetes/kubernetes/issues/141056,Issue,unit-master-dependencies: TestCelCostStability fails with cel-go v0.30.0 because runtime costs changed,closed,2026-07-30 16:29:09+00:00,2026-07-30 22:19:32+00:00,2026-07-30 22:19:32+00:00,19.34,0.24,19.1,3,7,sig/api-machinery | kind/failing-test | sig/architecture | area/dependency | area/code-organization | needs-triage | area/code-organization/future-dependencies,0,0,0,MEMBER,2463,102,3,7,1,0,0,1,0,124580,43868,2952,124580,1510698,0.014,1.4,Low,Keep In Normal Delivery Rhythm.
Cloud Native Platform Reliability,Cloud Platform,kubernetes/kubernetes,141057,https://github.com/kubernetes/kubernetes/pull/141057,Pull Request,Fix statefulset parallel scale down,open,2026-07-30 17:53:25+00:00,2026-08-12 17:48:20+00:00,,19.28,19.28,6.29,8,11,kind/bug | lgtm | release-note | size/L | kind/api-change | sig/apps | approved | cncf-cla: yes | ok-to-test | needs-priority | needs-triage,1,0,0,CONTRIBUTOR,2825,35,3,7,1,1,1,1,1,124580,43868,2952,124580,1510698,0.9704,97.0,High,"Escalate Blocker, Confirm Owner, And Add Executive Visibility This Week."
Cloud Native Platform Reliability,Cloud Platform,kubernetes/kubernetes,141058,https://github.com/kubernetes/kubernetes/pull/141058,Pull Request,Update github.com/google/cel-go to v0.30.0,closed,2026-07-30 18:02:26+00:00,2026-08-04 14:26:41+00:00,2026-08-04 14:26:41+00:00,19.28,4.85,14.43,9,21,kind/cleanup | sig/scheduling | area/apiserver | lgtm | area/cloudprovider | sig/node | sig/api-machinery | release-note | size/S | sig/auth | approved | cncf-cla: yes | kind/failing-test | sig/architecture | do-not-merge/hold | sig/cloud-provider | needs-priority | area/dependency | area/code-organization | needs-triage | wg/device-management,1,1,0,MEMBER,1667,42,3,7,1,0,1,1,0,124580,43868,2952,124580,1510698,0.7499,75.0,High,"Escalate Blocker, Confirm Owner, And Add Executive Visibility This Week."
Cloud Native Platform Reliability,Cloud Platform,kubernetes/kubernetes,141059,https://github.com/kubernetes/kubernetes/issues/141059,Issue,[Flaking tests] TestDRA/all/OptionalNodeOperations/podgroup-scheduled-on-supported-node,closed,2026-07-30 18:33:58+00:00,2026-08-05 06:30:52+00:00,2026-08-05 06:30:51+00:00,19.26,5.5,13.76,4,5,sig/scheduling | sig/node | kind/flake | triage/accepted | wg/device-management,1,0,0,CONTRIBUTOR,2759,87,3,7,0,0,0,1,0,124580,43868,2952,124580,1510698,0.0281,2.8,Low,Keep In Normal Delivery Rhythm.
Cloud Native Platform Reliability,Cloud Platform,kubernetes/kubernetes,141060,https://github.com/kubernetes/kubernetes/pull/141060,Pull Request,test/integration: fix dra optional node operations podgroup flake,closed,2026-07-30 18:35:20+00:00,2026-08-04 16:54:32+00:00,2026-08-04 16:54:32+00:00,19.26,4.93,14.33,10,13,area/test | sig/scheduling | lgtm | sig/node | size/S | kind/flake | release-note-none | approved | cncf-cla: yes | sig/testing | needs-priority | needs-triage | wg/device-management,5,1,0,CONTRIBUTOR,3669,65,3,7,1,0,1,1,0,124580,43868,2952,124580,1510698,0.0137,1.4,Low,Keep In Normal Delivery Rhythm.
Cloud Native Platform Reliability,Cloud Platform,kubernetes/kubernetes,141061,https://github.com/kubernetes/kubernetes/pull/141061,Pull Request,kubelet: report volume stats for pod-scoped (non-PVC) volumes,open,2026-07-30 19:03:46+00:00,2026-07-30 19:04:36+00:00,,19.24,19.24,19.23,4,9,area/kubelet | sig/node | release-note | size/L | kind/feature | cncf-cla: yes | needs-ok-to-test | needs-priority | needs-triage,0,0,0,NONE,2011,61,3,7,1,0,1,1,1,124580,43868,2952,124580,1510698,0.9499,95.0,High,"Escalate Blocker, Confirm Owner, And Add Executive Visibility This Week."
Cloud Native Platform Reliability,Cloud Platform,kubernetes/kubernetes,141062,https://github.com/kubernetes/kubernetes/pull/141062,Pull Request,Wait for pending state to clear before triggering 2nd unmount,closed,2026-07-30 20:59:07+00:00,2026-08-03 09:47:14+00:00,2026-08-03 09:47:14+00:00,19.16,3.53,15.62,14,11,area/kubelet | lgtm | sig/storage | sig/node | size/S | kind/flake | release-note-none | approved | cncf-cla: yes | needs-priority | needs-triage,1,1,0,MEMBER,74,61,3,7,1,0,1,1,0,124580,43868,2952,124580,1510698,0.0088,0.9,Low,Keep In Normal Delivery Rhythm.
Cloud Native Platform Reliability,Cloud Platform,kubernetes/kubernetes,141063,https://github.com/kubernetes/kubernetes/pull/141063,Pull Request,Pin github.com/google/cel-go to v0.29.2 in unwanted-dependencies.json,closed,2026-07-30 21:21:09+00:00,2026-07-30 22:09:42+00:00,2026-07-30 22:09:42+00:00,19.14,0.03,19.11,6,11,lgtm | sig/api-machinery | size/XS | release-note-none | approved | cncf-cla: yes | kind/failing-test | sig/architecture | needs-priority | area/dependency | needs-triage,1,1,0,MEMBER,1099,69,3,7,1,0,1,1,0,124580,43868,2952,124580,1510698,0.0089,0.9,Low,Keep In Normal Delivery Rhythm.
Cloud Native Platform Reliability,Cloud Platform,kubernetes/kubernetes,141064,https://github.com/kubernetes/kubernetes/issues/141064,Issue,"in-place resizing of Guaranteed pods breaks conformance tests if ""static"" CPU Manager policy is used",open,2026-07-30 22:39:18+00:00,2026-08-06 20:27:08+00:00,,19.09,19.09,12.18,17,3,kind/bug | sig/node | triage/accepted,0,0,0,CONTRIBUTOR,2522,100,3,7,0,1,0,1,1,124580,43868,2952,124580,1510698,0.98,98.0,High,"Move To PMO Watchlist, Validate Scope, Owner, And Next Decision Date."
Cloud Native Platform Reliability,Cloud Platform,kubernetes/kubernetes,141065,https://github.com/kubernetes/kubernetes/issues/141065,Issue,[Failing test] apisnoop-conformance-gate red since 2026-07-23: getLifecycleAPIGroup untested — pending_eligible_endpoints.yaml is not consumed by the gate,open,2026-07-30 23:34:18+00:00,2026-08-02 05:22:24+00:00,,19.05,19.05,16.81,4,6,priority/important-soon | sig/node | kind/failing-test | sig/architecture | needs-triage | wg/node-lifecycle,1,0,0,MEMBER,4642,154,3,7,1,0,1,1,1,124580,43868,2952,124580,1510698,0.7782,77.8,High,"Escalate Blocker, Confirm Owner, And Add Executive Visibility This Week."
Cloud Native Platform Reliability,Cloud Platform,kubernetes/kubernetes,141066,https://github.com/kubernetes/kubernetes/pull/141066,Pull Request,Fix unit test compile failure under the fieldsv1string build tag,closed,2026-07-31 01:14:26+00:00,2026-07-31 17:13:41+00:00,2026-07-31 17:13:41+00:00,18.98,0.67,18.31,9,9,lgtm | sig/api-machinery | size/XS | release-note-none | approved | cncf-cla: yes | kind/failing-test | needs-priority | needs-triage,2,1,0,MEMBER,744,64,4,7,1,0,1,1,0,124580,43868,2952,124580,1510698,0.013,1.3,Low,Keep In Normal Delivery Rhythm.
Cloud Native Platform Reliability,Cloud Platform,kubernetes/kubernetes,141067,https://github.com/kubernetes/kubernetes/pull/141067,Pull Request,cluster/gce: pick single latest image when the image family matches multiple images,closed,2026-07-31 02:32:07+00:00,2026-08-01 01:54:25+00:00,2026-08-01 01:54:25+00:00,18.92,0.97,17.95,10,13,kind/bug | priority/important-soon | lgtm | area/provider/gcp | sig/cluster-lifecycle | needs-rebase | size/XS | kind/flake | release-note-none | cncf-cla: yes | sig/cloud-provider | area/e2e-test-framework | triage/accepted,1,0,0,MEMBER,2075,83,4,7,1,1,1,1,0,124580,43868,2952,124580,1510698,0.0604,6.0,Low,Keep In Normal Delivery Rhythm.
Cloud Native Platform Reliability,Cloud Platform,kubernetes/kubernetes,141068,https://github.com/kubernetes/kubernetes/pull/141068,Pull Request,kubelet: pass logger to swap utilities,open,2026-07-31 03:04:56+00:00,2026-08-19 00:08:58+00:00,,18.9,18.9,0.02,10,11,area/kubelet | kind/cleanup | sig/storage | sig/node | size/S | release-note-none | cncf-cla: yes | sig/instrumentation | ok-to-test | needs-priority | needs-triage,0,0,0,NONE,598,38,4,7,1,0,1,1,1,124580,43868,2952,124580,1510698,0.977,97.7,High,"Escalate Blocker, Confirm Owner, And Add Executive Visibility This Week."
Cloud Native Platform Reliability,Cloud Platform,kubernetes/kubernetes,141069,https://github.com/kubernetes/kubernetes/issues/141069,Issue,Memory Manager pod-scope restore compares container blocks with the pod request,open,2026-07-31 05:59:44+00:00,2026-08-05 13:16:26+00:00,,18.78,18.78,13.48,4,4,kind/bug | priority/critical-urgent | sig/node | triage/accepted,1,0,0,CONTRIBUTOR,963,79,4,7,0,1,1,1,1,124580,43868,2952,124580,1510698,0.4107,41.1,Medium,"Monitor Aging, Confirm Milestone Fit, And Refresh Status Evidence."
Cloud Native Platform Reliability,Cloud Platform,kubernetes/kubernetes,141070,https://github.com/kubernetes/kubernetes/pull/141070,Pull Request,memorymanager: restore pod hints from pod allocation,open,2026-07-31 06:16:01+00:00,2026-08-12 16:55:31+00:00,,18.77,18.77,6.32,13,9,kind/bug | priority/critical-urgent | area/kubelet | lgtm | sig/node | release-note | size/M | cncf-cla: yes | triage/accepted,1,0,0,CONTRIBUTOR,649,52,4,7,0,1,1,1,1,124580,43868,2952,124580,1510698,0.9896,99.0,High,"Fast-Track Review Path, Resolve Review Bottlenecks, And Confirm Merge Readiness."
Cloud Native Platform Reliability,Cloud Platform,kubernetes/kubernetes,141071,https://github.com/kubernetes/kubernetes/pull/141071,Pull Request,scheduler: refactor entity key extraction logic,open,2026-07-31 07:57:41+00:00,2026-07-31 13:04:03+00:00,,18.7,18.7,18.49,8,9,kind/cleanup | sig/scheduling | lgtm | size/L | release-note-none | approved | cncf-cla: yes | needs-priority | needs-triage,2,0,0,CONTRIBUTOR,3134,47,4,7,1,0,1,1,1,124580,43868,2952,124580,1510698,0.9711,97.1,High,"Escalate Blocker, Confirm Owner, And Add Executive Visibility This Week."
Cloud Native Platform Reliability,Cloud Platform,kubernetes/kubernetes,141072,https://github.com/kubernetes/kubernetes/issues/141072,Issue,[Flaking][sig-node] k8s.io/kubernetes/test/integration/dra.all,closed,2026-07-31 07:58:05+00:00,2026-08-05 06:30:08+00:00,2026-08-05 06:30:07+00:00,18.7,4.94,13.76,7,3,sig/node | kind/flake | needs-triage,1,0,0,NONE,2578,62,4,7,1,0,0,1,0,124580,43868,2952,124580,1510698,0.3143,31.4,Low,Keep In Normal Delivery Rhythm.
Cloud Native Platform Reliability,Cloud Platform,kubernetes/kubernetes,141073,https://github.com/kubernetes/kubernetes/issues/141073,Issue,[Flaking Test] [sig-node] Probing restartable init container liveness probe flake on capz-windows-master,closed,2026-07-31 09:43:11+00:00,2026-08-05 06:45:25+00:00,2026-08-05 06:45:24+00:00,18.62,4.88,13.75,3,4,sig/node | kind/flake | sig/windows | needs-triage,0,0,0,MEMBER,1325,104,4,7,1,0,0,1,0,124580,43868,2952,124580,1510698,0.0213,2.1,Low,Keep In Normal Delivery Rhythm.
Cloud Native Platform Reliability,Cloud Platform,kubernetes/kubernetes,141074,https://github.com/kubernetes/kubernetes/issues/141074,Issue,"gofmt in go1.26.5 gives different output on amd64 and arm64, which breaks ci-kubernetes-verify-master-canary",closed,2026-07-31 12:24:59+00:00,2026-07-31 14:37:44+00:00,2026-07-31 14:37:44+00:00,18.51,0.09,18.42,2,4,sig/scheduling | kind/failing-test | needs-triage | sig/k8s-infra,0,0,0,MEMBER,2320,108,4,7,1,0,0,1,0,124580,43868,2952,124580,1510698,0.0118,1.2,Low,Keep In Normal Delivery Rhythm.
Cloud Native Platform Reliability,Cloud Platform,kubernetes/kubernetes,141075,https://github.com/kubernetes/kubernetes/pull/141075,Pull Request,Add blank lines around long CSILimits field for stable gofmt output,closed,2026-07-31 12:29:30+00:00,2026-07-31 14:37:43+00:00,2026-07-31 14:37:42+00:00,18.51,0.09,18.42,8,10,sig/scheduling | lgtm | sig/storage | size/XS | release-note-none | approved | cncf-cla: yes | kind/failing-test | needs-priority | needs-triage,1,1,0,MEMBER,845,67,4,7,1,0,1,1,0,124580,43868,2952,124580,1510698,0.0104,1.0,Low,Keep In Normal Delivery Rhythm.
Cloud Native Platform Reliability,Cloud Platform,kubernetes/kubernetes,141076,https://github.com/kubernetes/kubernetes/issues/141076,Issue,node下线时没有清理PVC/PV，新Pod绑定到PVC/PV，需要调度到PVC/PV绑定的已下线node，导致新Pod处于pending状态,closed,2026-07-31 13:36:45+00:00,2026-07-31 13:40:28+00:00,2026-07-31 13:40:28+00:00,18.46,0.0,18.46,2,3,kind/bug | needs-sig | needs-triage,0,0,0,NONE,881,71,4,7,1,1,0,1,0,124580,43868,2952,124580,1510698,0.0131,1.3,Low,Keep In Normal Delivery Rhythm.
Cloud Native Platform Reliability,Cloud Platform,kubernetes/kubernetes,141077,https://github.com/kubernetes/kubernetes/pull/141077,Pull Request,memorymanager: preserve restored pod allocations,open,2026-07-31 14:47:58+00:00,2026-08-12 16:38:28+00:00,,18.41,18.41,6.34,15,10,kind/bug | priority/critical-urgent | area/kubelet | lgtm | sig/node | size/S | release-note-none | approved | cncf-cla: yes | triage/accepted,2,0,0,CONTRIBUTOR,599,48,4,7,0,1,1,1,1,124580,43868,2952,124580,1510698,0.9877,98.8,High,"Fast-Track Review Path, Resolve Review Bottlenecks, And Confirm Merge Readiness."
Cloud Native Platform Reliability,Cloud Platform,kubernetes/kubernetes,141078,https://github.com/kubernetes/kubernetes/pull/141078,Pull Request,cache: handle pod UID mismatch in UpdatePod,open,2026-07-31 15:01:29+00:00,2026-07-31 15:54:23+00:00,,18.4,18.4,18.37,5,7,kind/bug | sig/scheduling | size/L | release-note-none | cncf-cla: yes | needs-priority | needs-triage,0,0,0,CONTRIBUTOR,1400,43,4,7,1,1,1,1,1,124580,43868,2952,124580,1510698,0.9913,99.1,High,"Escalate Blocker, Confirm Owner, And Add Executive Visibility This Week."
Cloud Native Platform Reliability,Cloud Platform,kubernetes/kubernetes,141079,https://github.com/kubernetes/kubernetes/pull/141079,Pull Request,workqueue: make ShutDownWithDrain wait for queued items,open,2026-07-31 15:02:01+00:00,2026-07-31 15:04:37+00:00,,18.4,18.4,18.4,6,8,kind/bug | sig/api-machinery | release-note | size/L | cncf-cla: yes | needs-ok-to-test | needs-priority | needs-triage,0,0,0,NONE,1458,55,4,7,1,1,1,1,1,124580,43868,2952,124580,1510698,0.9628,96.3,High,"Escalate Blocker, Confirm Owner, And Add Executive Visibility This Week."
Cloud Native Platform Reliability,Cloud Platform,kubernetes/kubernetes,141080,https://github.com/kubernetes/kubernetes/issues/141080,Issue,Failure cluster [ea667941...] `Failed to create master instance due to non-retryable error`,closed,2026-07-31 15:29:59+00:00,2026-07-31 18:49:44+00:00,2026-07-31 18:49:44+00:00,18.38,0.14,18.25,1,4,sig/cluster-lifecycle | sig/testing | kind/failing-test | triage/accepted,0,0,0,MEMBER,1281,91,4,7,0,0,0,1,0,124580,43868,2952,124580,1510698,0.0681,6.8,Low,Keep In Normal Delivery Rhythm.
Cloud Native Platform Reliability,Cloud Platform,kubernetes/kubernetes,141081,https://github.com/kubernetes/kubernetes/pull/141081,Pull Request,Unify code for PodGroups and CompositePodGroups in workloadForest,open,2026-07-31 15:30:54+00:00,2026-08-18 09:24:31+00:00,,18.38,18.38,0.64,11,11,kind/cleanup | sig/scheduling | lgtm | sig/node | size/XXL | release-note-none | approved | cncf-cla: yes | needs-priority | needs-triage | wg/device-management,1,0,0,MEMBER,3576,65,4,7,1,0,1,1,1,124580,43868,2952,124580,1510698,0.9282,92.8,High,"Escalate Blocker, Confirm Owner, And Add Executive Visibility This Week."
Cloud Native Platform Reliability,Cloud Platform,kubernetes/kubernetes,141082,https://github.com/kubernetes/kubernetes/pull/141082,Pull Request,cluster/gce: pick exactly one image when the family lists multiple,closed,2026-07-31 15:40:56+00:00,2026-07-31 18:49:43+00:00,2026-07-31 18:49:43+00:00,18.38,0.13,18.25,9,12,kind/bug | lgtm | area/provider/gcp | sig/cluster-lifecycle | size/XS | release-note-none | approved | cncf-cla: yes | kind/failing-test | sig/cloud-provider | needs-priority | needs-triage,4,1,0,MEMBER,1787,66,4,7,1,1,1,1,0,124580,43868,2952,124580,1510698,0.0145,1.4,Low,Keep In Normal Delivery Rhythm.
Cloud Native Platform Reliability,Cloud Platform,kubernetes/kubernetes,141083,https://github.com/kubernetes/kubernetes/pull/141083,Pull Request,apiserver/client-go: make protobuf optional with toggles,open,2026-07-31 18:29:30+00:00,2026-08-05 17:21:57+00:00,,18.26,18.26,13.31,6,13,area/test | priority/backlog | area/apiserver | sig/api-machinery | release-note | size/L | kind/feature | cncf-cla: yes | sig/instrumentation | sig/testing | do-not-merge/hold | area/code-generation | needs-triage,0,0,0,MEMBER,4300,56,4,7,1,0,1,1,1,124580,43868,2952,124580,1510698,0.9707,97.1,High,"Escalate Blocker, Confirm Owner, And Add Executive Visibility This Week."
Cloud Native Platform Reliability,Cloud Platform,kubernetes/kubernetes,141084,https://github.com/kubernetes/kubernetes/pull/141084,Pull Request,"kubectl wait: support !=, <= and >= in --for=jsonpath filter expressions",open,2026-07-31 18:47:24+00:00,2026-07-31 18:48:13+00:00,,18.25,18.25,18.25,6,11,kind/bug | area/test | area/kubectl | release-note | size/M | sig/cli | cncf-cla: yes | sig/testing | needs-ok-to-test | needs-priority | needs-triage,0,0,0,NONE,2219,72,4,7,1,1,1,1,1,124580,43868,2952,124580,1510698,0.9397,94.0,High,"Escalate Blocker, Confirm Owner, And Add Executive Visibility This Week."
Cloud Native Platform Reliability,Cloud Platform,kubernetes/kubernetes,141085,https://github.com/kubernetes/kubernetes/issues/141085,Issue,sig-windows-gce Security Context test are failing,open,2026-07-31 20:01:46+00:00,2026-08-01 20:23:05+00:00,,18.19,18.19,17.18,2,3,sig/windows | kind/failing-test | needs-triage,0,0,0,CONTRIBUTOR,2389,49,4,7,1,0,0,1,1,124580,43868,2952,124580,1510698,0.9968,99.7,High,"Escalate Blocker, Confirm Owner, And Add Executive Visibility This Week."
Cloud Native Platform Reliability,Cloud Platform,kubernetes/kubernetes,141086,https://github.com/kubernetes/kubernetes/pull/141086,Pull Request,Add atomic struct markers to EventSeries,open,2026-07-31 20:13:00+00:00,2026-08-15 06:37:48+00:00,,18.19,18.19,3.75,12,13,kind/bug | area/test | sig/api-machinery | size/L | kind/api-change | release-note-none | cncf-cla: yes | sig/testing | area/code-generation | ok-to-test | needs-priority | api-review | needs-triage,1,0,0,NONE,828,40,4,7,1,1,1,1,1,124580,43868,2952,124580,1510698,0.9833,98.3,High,"Escalate Blocker, Confirm Owner, And Add Executive Visibility This Week."
Cloud Native Platform Reliability,Cloud Platform,kubernetes/kubernetes,141087,https://github.com/kubernetes/kubernetes/issues/141087,Issue,kubectl rollout history: printer errors silently dropped when listing all revisions with -o flag,open,2026-07-31 20:28:39+00:00,2026-07-31 20:29:12+00:00,,18.18,18.18,18.18,3,2,needs-sig | needs-triage,1,0,0,NONE,2691,96,4,7,1,0,0,1,1,124580,43868,2952,124580,1510698,0.9803,98.0,High,"Escalate Blocker, Confirm Owner, And Add Executive Visibility This Week."
Cloud Native Platform Reliability,Cloud Platform,kubernetes/kubernetes,141088,https://github.com/kubernetes/kubernetes/pull/141088,Pull Request,hack: add verify script for slow e2e tests,closed,2026-07-31 21:26:59+00:00,2026-07-31 21:45:27+00:00,2026-07-31 21:45:26+00:00,18.14,0.01,18.12,6,8,size/L | kind/feature | cncf-cla: yes | sig/testing | needs-ok-to-test | do-not-merge/release-note-label-needed | needs-priority | needs-triage,0,0,0,NONE,2427,42,4,7,1,0,1,1,0,124580,43868,2952,124580,1510698,0.0594,5.9,Low,Keep In Normal Delivery Rhythm.
Cloud Native Platform Reliability,Cloud Platform,kubernetes/kubernetes,141089,https://github.com/kubernetes/kubernetes/pull/141089,Pull Request,Fix node lifecycle controller to mark pods NotReady on False to Unknown transition,open,2026-07-31 21:42:43+00:00,2026-08-10 08:35:02+00:00,,18.12,18.12,8.67,8,9,kind/bug | sig/node | size/M | sig/apps | cncf-cla: yes | needs-ok-to-test | do-not-merge/release-note-label-needed | needs-priority | needs-triage,0,0,0,NONE,2920,82,4,7,1,1,1,1,1,124580,43868,2952,124580,1510698,0.9805,98.1,High,"Escalate Blocker, Confirm Owner, And Add Executive Visibility This Week."
Cloud Native Platform Reliability,Cloud Platform,kubernetes/kubernetes,141090,https://github.com/kubernetes/kubernetes/pull/141090,Pull Request,kubectl: propagate printer error in rollout history all revisions output,open,2026-08-01 03:19:31+00:00,2026-08-01 03:23:09+00:00,,17.89,17.89,17.89,5,9,kind/bug | area/kubectl | release-note | size/M | sig/cli | cncf-cla: yes | needs-ok-to-test | needs-priority | needs-triage,0,0,0,NONE,810,72,5,8,1,1,1,1,1,124580,43868,2952,124580,1510698,0.9926,99.3,High,"Escalate Blocker, Confirm Owner, And Add Executive Visibility This Week."
Cloud Native Platform Reliability,Cloud Platform,kubernetes/kubernetes,141091,https://github.com/kubernetes/kubernetes/pull/141091,Pull Request,DRA: treat feature-unusable devices as non-matching in isSelectable,open,2026-08-01 09:27:55+00:00,2026-08-17 12:21:51+00:00,,17.64,17.64,1.51,6,9,kind/bug | sig/node | release-note | size/M | cncf-cla: yes | ok-to-test | needs-priority | needs-triage | wg/device-management,1,0,0,CONTRIBUTOR,2857,67,5,8,1,1,1,1,1,124580,43868,2952,124580,1510698,0.1529,15.3,Low,Keep In Normal Delivery Rhythm.
Cloud Native Platform Reliability,Cloud Platform,kubernetes/kubernetes,141092,https://github.com/kubernetes/kubernetes/pull/141092,Pull Request,Drop unvalidated labels from apiserver_request_terminations_total,closed,2026-08-01 09:32:14+00:00,2026-08-03 20:48:21+00:00,2026-08-03 20:44:48+00:00,17.63,2.47,15.16,9,9,kind/bug | area/apiserver | sig/api-machinery | size/XS | cncf-cla: yes | needs-ok-to-test | do-not-merge/release-note-label-needed | needs-priority | needs-triage,0,0,0,NONE,552,65,5,8,1,1,1,1,0,124580,43868,2952,124580,1510698,0.8872,88.7,High,"Escalate Blocker, Confirm Owner, And Add Executive Visibility This Week."
Cloud Native Platform Reliability,Cloud Platform,kubernetes/kubernetes,141093,https://github.com/kubernetes/kubernetes/pull/141093,Pull Request,Fix nil-pointer panic in kubectl auth reconcile for RoleBindings,closed,2026-08-01 09:39:48+00:00,2026-08-03 10:01:34+00:00,2026-08-03 09:56:25+00:00,17.63,2.01,15.61,6,12,kind/bug | area/apiserver | area/kubectl | sig/api-machinery | release-note | size/M | sig/auth | sig/cli | cncf-cla: yes | needs-ok-to-test | needs-priority | needs-triage,0,0,0,NONE,979,64,5,8,1,1,1,1,0,124580,43868,2952,124580,1510698,0.9299,93.0,High,"Escalate Blocker, Confirm Owner, And Add Executive Visibility This Week."
Cloud Native Platform Reliability,Cloud Platform,kubernetes/kubernetes,141094,https://github.com/kubernetes/kubernetes/pull/141094,Pull Request,Fix StatefulSet bug of matching leading-zero pod name,open,2026-08-01 11:55:17+00:00,2026-08-01 16:47:43+00:00,,17.53,17.53,17.33,9,8,kind/bug | size/S | sig/apps | cncf-cla: yes | needs-ok-to-test | do-not-merge/release-note-label-needed | needs-priority | needs-triage,0,0,0,NONE,4737,53,5,8,1,1,1,1,1,124580,43868,2952,124580,1510698,0.9483,94.8,High,"Escalate Blocker, Confirm Owner, And Add Executive Visibility This Week."
Cloud Native Platform Reliability,Cloud Platform,kubernetes/kubernetes,141095,https://github.com/kubernetes/kubernetes/issues/141095,Issue,`StatefulSet` update stuck at the previous error,open,2026-08-01 15:49:54+00:00,2026-08-01 16:06:27+00:00,,17.37,17.37,17.36,2,3,kind/bug | sig/apps | needs-triage,0,0,0,MEMBER,2292,48,5,8,1,1,0,1,1,124580,43868,2952,124580,1510698,0.9913,99.1,High,"Escalate Blocker, Confirm Owner, And Add Executive Visibility This Week."
Cloud Native Platform Reliability,Cloud Platform,kubernetes/kubernetes,141096,https://github.com/kubernetes/kubernetes/pull/141096,Pull Request,e2e/node: mark NFS host cleanup tests as Slow,open,2026-08-01 16:21:31+00:00,2026-08-05 17:17:23+00:00,,17.35,17.35,13.31,6,10,area/test | kind/cleanup | sig/node | size/XS | release-note-none | cncf-cla: yes | sig/testing | needs-ok-to-test | needs-priority | needs-triage,1,0,0,NONE,1474,45,5,8,1,0,1,1,1,124580,43868,2952,124580,1510698,0.9781,97.8,High,"Escalate Blocker, Confirm Owner, And Add Executive Visibility This Week."
Cloud Native Platform Reliability,Cloud Platform,kubernetes/kubernetes,141097,https://github.com/kubernetes/kubernetes/pull/141097,Pull Request,Fix `StatefulSet` update stuck at the previous error,open,2026-08-01 16:57:38+00:00,2026-08-01 16:57:48+00:00,,17.32,17.32,17.32,3,7,kind/bug | size/L | release-note-none | sig/apps | cncf-cla: yes | needs-priority | needs-triage,0,0,0,MEMBER,382,52,5,8,1,1,1,1,1,124580,43868,2952,124580,1510698,0.3952,39.5,Medium,"Monitor Aging, Confirm Milestone Fit, And Refresh Status Evidence."
Cloud Native Platform Reliability,Cloud Platform,kubernetes/kubernetes,141098,https://github.com/kubernetes/kubernetes/pull/141098,Pull Request,client-go: fix RealFIFO.Resync wrapping the wrong error,open,2026-08-01 17:00:55+00:00,2026-08-12 13:22:39+00:00,,17.32,17.32,6.47,12,10,kind/bug | lgtm | sig/api-machinery | size/S | release-note-none | approved | cncf-cla: yes | ok-to-test | needs-priority | needs-triage,2,1,0,NONE,1382,55,5,8,1,1,1,1,1,124580,43868,2952,124580,1510698,0.9891,98.9,High,"Escalate Blocker, Confirm Owner, And Add Executive Visibility This Week."
Cloud Native Platform Reliability,Cloud Platform,kubernetes/kubernetes,141099,https://github.com/kubernetes/kubernetes/pull/141099,Pull Request,kubectl kuberc view: fix panic when declining to generate a default file,open,2026-08-01 17:33:20+00:00,2026-08-01 17:33:30+00:00,,17.3,17.3,17.3,4,9,kind/bug | area/kubectl | release-note | size/S | sig/cli | cncf-cla: yes | needs-ok-to-test | needs-priority | needs-triage,0,0,0,NONE,1511,72,5,8,1,1,1,1,1,124580,43868,2952,124580,1510698,0.9831,98.3,High,"Escalate Blocker, Confirm Owner, And Add Executive Visibility This Week."
Cloud Native Platform Reliability,Cloud Platform,kubernetes/kubernetes,141100,https://github.com/kubernetes/kubernetes/pull/141100,Pull Request,kubelet: fix wrong variable in container memory resize validation,open,2026-08-01 17:40:18+00:00,2026-08-01 17:40:28+00:00,,17.29,17.29,17.29,4,9,kind/bug | area/kubelet | sig/node | release-note | size/S | cncf-cla: yes | needs-ok-to-test | needs-priority | needs-triage,0,0,0,NONE,2069,65,5,8,1,1,1,1,1,124580,43868,2952,124580,1510698,0.9424,94.2,High,"Escalate Blocker, Confirm Owner, And Add Executive Visibility This Week."
Cloud Native Platform Reliability,Cloud Platform,kubernetes/kubernetes,141101,https://github.com/kubernetes/kubernetes/pull/141101,Pull Request,e2e/storage: drop Slow label from HostPathType tests,open,2026-08-01 17:42:24+00:00,2026-08-01 17:42:34+00:00,,17.29,17.29,17.29,4,10,area/test | kind/cleanup | sig/storage | size/S | release-note-none | cncf-cla: yes | sig/testing | needs-ok-to-test | needs-priority | needs-triage,0,0,0,NONE,1213,52,5,8,1,0,1,1,1,124580,43868,2952,124580,1510698,0.9908,99.1,High,"Escalate Blocker, Confirm Owner, And Add Executive Visibility This Week."
Cloud Native Platform Reliability,Cloud Platform,kubernetes/kubernetes,141102,https://github.com/kubernetes/kubernetes/pull/141102,Pull Request,adding reason tag DO NOT MERGE OR REVIEW; ITS A DRAFT PR.,open,2026-08-01 22:00:24+00:00,2026-08-03 17:18:36+00:00,,17.11,17.11,15.31,12,16,sig/scheduling | area/provider/gcp | sig/storage | sig/node | sig/api-machinery | size/M | kind/api-change | sig/auth | sig/apps | cncf-cla: yes | do-not-merge/release-note-label-needed | area/code-generation | sig/cloud-provider | needs-priority | do-not-merge/contains-merge-commits | needs-triage,0,0,0,CONTRIBUTOR,0,57,5,8,1,0,1,1,1,124580,43868,2952,124580,1510698,0.9755,97.5,High,"Escalate Blocker, Confirm Owner, And Add Executive Visibility This Week."
Cloud Native Platform Reliability,Cloud Platform,kubernetes/kubernetes,141103,https://github.com/kubernetes/kubernetes/issues/141103,Issue,DRA: ExtendedResourceCache serves stale mappings and can drop the winner across DeviceClass updates and collisions,open,2026-08-01 23:38:05+00:00,2026-08-02 04:47:18+00:00,,17.04,17.04,16.83,2,4,kind/bug | sig/scheduling | needs-triage | wg/device-management,1,0,0,MEMBER,3082,114,5,8,1,1,0,1,1,124580,43868,2952,124580,1510698,0.9873,98.7,High,"Escalate Blocker, Confirm Owner, And Add Executive Visibility This Week."
Cloud Native Platform Reliability,Cloud Platform,kubernetes/kubernetes,141104,https://github.com/kubernetes/kubernetes/pull/141104,Pull Request,resourceclaim: copy template annotations before creating claims,closed,2026-08-01 23:59:47+00:00,2026-08-17 12:30:01+00:00,2026-08-17 12:28:23+00:00,17.03,15.52,1.51,10,12,kind/bug | lgtm | sig/node | release-note | size/M | sig/apps | approved | cncf-cla: yes | ok-to-test | needs-priority | needs-triage | wg/device-management,1,1,0,MEMBER,1804,63,5,8,1,1,1,1,1,124580,43868,2952,124580,1510698,0.0011,0.1,Low,Keep In Normal Delivery Rhythm.
Cloud Native Platform Reliability,Cloud Platform,kubernetes/kubernetes,141105,https://github.com/kubernetes/kubernetes/pull/141105,Pull Request,kubeletplugin: preserve Unix socket cleanup errors,closed,2026-08-02 00:42:36+00:00,2026-08-17 17:37:30+00:00,2026-08-17 13:26:19+00:00,17.0,15.53,1.3,6,11,kind/bug | lgtm | sig/node | release-note | size/M | approved | cncf-cla: yes | ok-to-test | needs-priority | needs-triage | wg/device-management,1,1,0,MEMBER,2826,50,6,8,1,1,1,1,1,124580,43868,2952,124580,1510698,0.9933,99.3,High,"Escalate Blocker, Confirm Owner, And Add Executive Visibility This Week."
Cloud Native Platform Reliability,Cloud Platform,kubernetes/kubernetes,141106,https://github.com/kubernetes/kubernetes/pull/141106,Pull Request,dra/client: use the v1beta2 client for UpdateStatus,open,2026-08-02 00:45:44+00:00,2026-08-18 07:21:43+00:00,,17.0,17.0,0.72,6,10,kind/bug | lgtm | sig/node | release-note | size/M | cncf-cla: yes | ok-to-test | needs-priority | needs-triage | wg/device-management,1,0,0,MEMBER,3218,51,6,8,1,1,1,1,1,124580,43868,2952,124580,1510698,0.99,99.0,High,"Escalate Blocker, Confirm Owner, And Add Executive Visibility This Week."
Cloud Native Platform Reliability,Cloud Platform,kubernetes/kubernetes,141107,https://github.com/kubernetes/kubernetes/pull/141107,Pull Request,DRA: preserve TimeAdded for every matching device taint,open,2026-08-02 00:55:28+00:00,2026-08-18 20:32:39+00:00,,16.99,16.99,0.17,9,9,kind/bug | sig/node | release-note | size/L | cncf-cla: yes | ok-to-test | needs-priority | needs-triage | wg/device-management,0,0,0,MEMBER,3227,55,6,8,1,1,1,1,1,124580,43868,2952,124580,1510698,0.8368,83.7,High,"Escalate Blocker, Confirm Owner, And Add Executive Visibility This Week."
Cloud Native Platform Reliability,Cloud Platform,kubernetes/kubernetes,141108,https://github.com/kubernetes/kubernetes/pull/141108,Pull Request,DRA: invoke ResourceSlice update errors outside the controller lock,open,2026-08-02 01:28:00+00:00,2026-08-17 12:35:07+00:00,,16.97,16.97,1.51,5,9,kind/bug | sig/node | release-note | size/M | cncf-cla: yes | needs-ok-to-test | needs-priority | needs-triage | wg/device-management,0,0,0,NONE,2550,67,6,8,1,1,1,1,1,124580,43868,2952,124580,1510698,0.9884,98.8,High,"Escalate Blocker, Confirm Owner, And Add Executive Visibility This Week."
Cloud Native Platform Reliability,Cloud Platform,kubernetes/kubernetes,141109,https://github.com/kubernetes/kubernetes/pull/141109,Pull Request,conformance: fix up group discovery endpoint exemptions,open,2026-08-02 05:01:15+00:00,2026-08-02 05:08:33+00:00,,16.82,16.82,16.82,5,10,kind/cleanup | size/S | release-note-none | cncf-cla: yes | needs-ok-to-test | sig/architecture | do-not-merge/hold | area/conformance | needs-priority | needs-triage,0,0,0,CONTRIBUTOR,1512,55,6,8,1,0,1,1,1,124580,43868,2952,124580,1510698,0.0361,3.6,Low,Keep In Normal Delivery Rhythm.
Cloud Native Platform Reliability,Cloud Platform,kubernetes/kubernetes,141110,https://github.com/kubernetes/kubernetes/pull/141110,Pull Request,DRA: Fix ExtendedResourceCache handling of DeviceClass collisions,open,2026-08-02 05:37:17+00:00,2026-08-17 18:41:06+00:00,,16.8,16.8,1.25,16,9,sig/node | size/XL | release-note-none | cncf-cla: yes | ok-to-test | needs-priority | needs-triage | do-not-merge/needs-kind | wg/device-management,1,0,0,NONE,3357,65,6,8,1,0,1,1,1,124580,43868,2952,124580,1510698,0.9615,96.2,High,"Escalate Blocker, Confirm Owner, And Add Executive Visibility This Week."
Cloud Native Platform Reliability,Cloud Platform,kubernetes/kubernetes,141111,https://github.com/kubernetes/kubernetes/pull/141111,Pull Request, etcd3: enable etcd client watch buffer backlog logging for all watches,open,2026-08-02 06:17:20+00:00,2026-08-18 20:17:34+00:00,,16.77,16.77,0.18,9,12,area/apiserver | lgtm | sig/api-machinery | size/XS | kind/feature | release-note-none | approved | cncf-cla: yes | ok-to-test | needs-priority | triage/accepted | sig/etcd,1,0,0,MEMBER,4037,71,6,8,1,0,1,1,1,124580,43868,2952,124580,1510698,0.9756,97.6,High,"Escalate Blocker, Confirm Owner, And Add Executive Visibility This Week."
Cloud Native Platform Reliability,Cloud Platform,kubernetes/kubernetes,141112,https://github.com/kubernetes/kubernetes/issues/141112,Issue,kubectl patch: 'map does not contain declared merge key' error lacks actionable context,closed,2026-08-02 06:34:11+00:00,2026-08-02 08:16:54+00:00,2026-08-02 08:16:54+00:00,16.76,0.07,16.68,3,5,kind/documentation | area/kubectl | sig/api-machinery | sig/cli | needs-triage,0,0,0,NONE,1838,87,6,8,1,0,0,1,0,124580,43868,2952,124580,1510698,0.0039,0.4,Low,Keep In Normal Delivery Rhythm.
Cloud Native Platform Reliability,Cloud Platform,kubernetes/kubernetes,141113,https://github.com/kubernetes/kubernetes/pull/141113,Pull Request,kubeadm: tolerate etcd WAL .tmp rename during upgrade backup,open,2026-08-02 09:33:06+00:00,2026-08-06 20:15:49+00:00,,16.63,16.63,12.19,7,10,kind/bug | sig/cluster-lifecycle | release-note | size/L | approved | area/kubeadm | cncf-cla: yes | do-not-merge/hold | needs-priority | needs-triage,0,0,0,MEMBER,3604,60,6,8,1,1,1,1,1,124580,43868,2952,124580,1510698,0.7167,71.7,High,"Escalate Blocker, Confirm Owner, And Add Executive Visibility This Week."
Cloud Native Platform Reliability,Cloud Platform,kubernetes/kubernetes,141114,https://github.com/kubernetes/kubernetes/pull/141114,Pull Request,kubelet: test internal container lifecycle,open,2026-08-02 10:31:52+00:00,2026-08-03 01:07:53+00:00,,16.59,16.59,15.98,6,9,area/kubelet | kind/cleanup | sig/node | size/L | release-note-none | cncf-cla: yes | needs-ok-to-test | needs-priority | needs-triage,0,0,0,NONE,743,42,6,8,1,0,1,1,1,124580,43868,2952,124580,1510698,0.9892,98.9,High,"Escalate Blocker, Confirm Owner, And Add Executive Visibility This Week."
Cloud Native Platform Reliability,Cloud Platform,kubernetes/kubernetes,141115,https://github.com/kubernetes/kubernetes/issues/141115,Issue,kubectl get: PrintObj errors are silently discarded in human-readable output loop,open,2026-08-02 14:08:09+00:00,2026-08-03 15:57:27+00:00,,16.44,16.44,15.36,5,3,kind/bug | sig/cli | needs-triage,1,0,0,NONE,3850,81,6,8,1,1,0,1,1,124580,43868,2952,124580,1510698,0.9748,97.5,High,"Escalate Blocker, Confirm Owner, And Add Executive Visibility This Week."
Cloud Native Platform Reliability,Cloud Platform,kubernetes/kubernetes,141116,https://github.com/kubernetes/kubernetes/pull/141116,Pull Request,fix: propagate PrintObj errors in kubectl get and kubectl apply --prune,closed,2026-08-02 14:47:27+00:00,2026-08-02 18:07:28+00:00,2026-08-02 18:07:28+00:00,16.41,0.14,16.27,7,10,kind/bug | area/kubectl | release-note | size/L | sig/cli | cncf-cla: yes | needs-ok-to-test | needs-priority | do-not-merge/invalid-commit-message | needs-triage,0,0,0,NONE,1431,71,6,8,1,1,1,1,0,124580,43868,2952,124580,1510698,0.7968,79.7,High,"Escalate Blocker, Confirm Owner, And Add Executive Visibility This Week."
Cloud Native Platform Reliability,Cloud Platform,kubernetes/kubernetes,141117,https://github.com/kubernetes/kubernetes/issues/141117,Issue,DRA: GatherPools completeness is order-dependent when ResourceSliceCount values disagree,open,2026-08-02 15:36:06+00:00,2026-08-02 16:25:31+00:00,,16.38,16.38,16.35,4,4,kind/bug | sig/scheduling | needs-triage | wg/device-management,0,0,0,MEMBER,3726,88,6,8,1,1,0,1,1,124580,43868,2952,124580,1510698,0.199,19.9,Low,Keep In Normal Delivery Rhythm.
Cloud Native Platform Reliability,Cloud Platform,kubernetes/kubernetes,141118,https://github.com/kubernetes/kubernetes/pull/141118,Pull Request,dra: reject pools whose slices disagree on ResourceSliceCount,open,2026-08-02 16:13:05+00:00,2026-08-02 18:18:47+00:00,,16.35,16.35,16.27,3,9,kind/bug | sig/scheduling | sig/node | release-note | size/L | cncf-cla: yes | needs-priority | needs-triage | wg/device-management,0,0,0,MEMBER,2690,61,6,8,1,1,1,1,1,124580,43868,2952,124580,1510698,0.9799,98.0,High,"Escalate Blocker, Confirm Owner, And Add Executive Visibility This Week."
Cloud Native Platform Reliability,Cloud Platform,kubernetes/kubernetes,141119,https://github.com/kubernetes/kubernetes/issues/141119,Issue,kubelet eviction manager: transient HasDedicatedImageFs failure permanently disables disk-pressure eviction signals,open,2026-08-02 17:21:41+00:00,2026-08-03 13:36:44+00:00,,16.31,16.31,15.46,8,2,sig/node | needs-triage,1,0,0,NONE,3072,115,6,8,1,0,0,1,1,124580,43868,2952,124580,1510698,0.9786,97.9,High,"Escalate Blocker, Confirm Owner, And Add Executive Visibility This Week."
Cloud Native Platform Reliability,Cloud Platform,kubernetes/kubernetes,141120,https://github.com/kubernetes/kubernetes/issues/141120,Issue,hack/README.md: punctuation errors (comma splice and missing space) in vestigial redirection notice,closed,2026-08-02 17:30:48+00:00,2026-08-02 17:35:40+00:00,2026-08-02 17:35:40+00:00,16.3,0.0,16.3,4,3,kind/cleanup | sig/testing | needs-triage,1,0,0,NONE,1105,99,6,8,1,0,0,1,0,124580,43868,2952,124580,1510698,0.0223,2.2,Low,Keep In Normal Delivery Rhythm.
Cloud Native Platform Reliability,Cloud Platform,kubernetes/kubernetes,141121,https://github.com/kubernetes/kubernetes/issues/141121,Issue,"hack/README.md: writing quality issues (weasel words, comma splice, wordiness, missing space, passive voice)",open,2026-08-02 17:46:08+00:00,2026-08-02 17:46:45+00:00,,16.29,16.29,16.29,2,3,kind/cleanup | sig/testing | needs-triage,0,0,0,NONE,405,108,6,8,1,0,0,1,1,124580,43868,2952,124580,1510698,0.9832,98.3,High,"Escalate Blocker, Confirm Owner, And Add Executive Visibility This Week."
Cloud Native Platform Reliability,Cloud Platform,kubernetes/kubernetes,141122,https://github.com/kubernetes/kubernetes/pull/141122,Pull Request,"hack/README.md: fix comma splices, missing space, and prose quality issues",closed,2026-08-02 17:55:37+00:00,2026-08-02 20:52:53+00:00,2026-08-02 20:52:52+00:00,16.28,0.12,16.16,7,8,kind/cleanup | size/S | release-note-none | cncf-cla: yes | sig/testing | needs-ok-to-test | needs-priority | needs-triage,0,0,0,NONE,1494,74,6,8,1,0,1,1,0,124580,43868,2952,124580,1510698,0.0054,0.5,Low,Keep In Normal Delivery Rhythm.
Cloud Native Platform Reliability,Cloud Platform,kubernetes/kubernetes,141123,https://github.com/kubernetes/kubernetes/pull/141123,Pull Request,e2e: drop Slow tag from DNS configMap nameserver tests,open,2026-08-02 19:40:43+00:00,2026-08-12 08:52:35+00:00,,16.21,16.21,6.66,8,10,area/test | sig/network | kind/cleanup | size/XS | release-note-none | cncf-cla: yes | sig/testing | ok-to-test | needs-priority | needs-triage,0,0,0,NONE,902,54,6,8,1,0,1,1,1,124580,43868,2952,124580,1510698,0.9667,96.7,High,"Escalate Blocker, Confirm Owner, And Add Executive Visibility This Week."
Cloud Native Platform Reliability,Cloud Platform,kubernetes/kubernetes,141124,https://github.com/kubernetes/kubernetes/pull/141124,Pull Request,e2e: drop Slow tags from fast storage tests,open,2026-08-02 19:53:29+00:00,2026-08-02 21:23:12+00:00,,16.2,16.2,16.14,7,10,area/test | kind/cleanup | sig/storage | size/M | release-note-none | cncf-cla: yes | sig/testing | needs-ok-to-test | needs-priority | needs-triage,0,0,0,NONE,1746,43,6,8,1,0,1,1,1,124580,43868,2952,124580,1510698,0.9395,94.0,High,"Escalate Blocker, Confirm Owner, And Add Executive Visibility This Week."
Cloud Native Platform Reliability,Cloud Platform,kubernetes/kubernetes,141125,https://github.com/kubernetes/kubernetes/pull/141125,Pull Request,apiserver: merge duplicate new keys in CEL map-list concat,open,2026-08-02 20:28:26+00:00,2026-08-02 23:34:31+00:00,,16.18,16.18,16.05,5,9,kind/bug | area/apiserver | sig/api-machinery | release-note | size/XS | cncf-cla: yes | needs-ok-to-test | needs-priority | needs-triage,0,0,0,NONE,1295,58,6,8,1,1,1,1,1,124580,43868,2952,124580,1510698,0.9583,95.8,High,"Escalate Blocker, Confirm Owner, And Add Executive Visibility This Week."
Cloud Native Platform Reliability,Cloud Platform,kubernetes/kubernetes,141126,https://github.com/kubernetes/kubernetes/pull/141126,Pull Request,deps: bump google.golang.org/grpc to v1.79.3 on release-1.35,open,2026-08-02 20:55:45+00:00,2026-08-08 05:10:25+00:00,,16.16,16.16,10.81,9,29,kind/bug | priority/important-soon | sig/network | area/kubelet | sig/scheduling | area/kube-proxy | area/apiserver | area/kubectl | area/cloudprovider | sig/storage | sig/node | sig/api-machinery | sig/cluster-lifecycle | release-note | needs-rebase | size/XL | sig/auth | sig/cli | cncf-cla: yes | sig/instrumentation | needs-ok-to-test | sig/architecture | do-not-merge/cherry-pick-not-approved | do-not-merge/work-in-progress | area/code-generation | sig/cloud-provider | area/dependency | needs-triage | wg/device-management,0,1,0,NONE,2002,60,6,8,1,1,1,1,1,124580,43868,2952,124580,1510698,0.0141,1.4,Low,Keep In Normal Delivery Rhythm.
Cloud Native Platform Reliability,Cloud Platform,kubernetes/kubernetes,141127,https://github.com/kubernetes/kubernetes/pull/141127,Pull Request,deps: bump google.golang.org/grpc to v1.79.3 on release-1.34,open,2026-08-02 20:58:48+00:00,2026-08-10 18:01:24+00:00,,16.16,16.16,8.28,7,29,kind/bug | priority/important-soon | sig/network | area/kubelet | sig/scheduling | area/kube-proxy | area/apiserver | area/kubectl | area/cloudprovider | sig/storage | sig/node | sig/api-machinery | sig/cluster-lifecycle | release-note | needs-rebase | size/XL | sig/auth | sig/cli | cncf-cla: yes | sig/instrumentation | needs-ok-to-test | sig/architecture | do-not-merge/cherry-pick-not-approved | do-not-merge/work-in-progress | area/code-generation | sig/cloud-provider | area/dependency | needs-triage | wg/device-management,0,1,0,NONE,1838,60,6,8,1,1,1,1,1,124580,43868,2952,124580,1510698,0.0169,1.7,Low,Keep In Normal Delivery Rhythm.
Cloud Native Platform Reliability,Cloud Platform,kubernetes/kubernetes,141128,https://github.com/kubernetes/kubernetes/pull/141128,Pull Request,Seed ClusterIP allocator metrics on EnableMetrics(),open,2026-08-02 22:23:46+00:00,2026-08-04 07:36:48+00:00,,16.1,16.1,14.71,6,8,kind/bug | sig/network | release-note | size/M | cncf-cla: yes | ok-to-test | needs-priority | needs-triage,0,0,0,NONE,1619,51,6,8,1,1,1,1,1,124580,43868,2952,124580,1510698,0.0385,3.8,Low,Keep In Normal Delivery Rhythm.
Cloud Native Platform Reliability,Cloud Platform,kubernetes/kubernetes,141129,https://github.com/kubernetes/kubernetes/pull/141129,Pull Request,Drop orphaned MySQL/Cassandra/Zookeeper e2e dependencies,open,2026-08-02 23:10:36+00:00,2026-08-02 23:28:51+00:00,,16.06,16.06,16.05,5,10,area/test | kind/cleanup | size/XXL | release-note-none | sig/apps | cncf-cla: yes | sig/testing | needs-ok-to-test | needs-priority | needs-triage,0,0,0,NONE,2493,56,6,8,1,0,1,1,1,124580,43868,2952,124580,1510698,0.9721,97.2,High,"Escalate Blocker, Confirm Owner, And Add Executive Visibility This Week."
Cloud Native Platform Reliability,Cloud Platform,kubernetes/kubernetes,141130,https://github.com/kubernetes/kubernetes/pull/141130,Pull Request,Add unit tests for serviceaccount TokenREST Create paths,closed,2026-08-02 23:17:43+00:00,2026-08-03 16:15:29+00:00,2026-08-03 16:15:28+00:00,16.06,0.71,15.35,7,8,kind/cleanup | size/XL | release-note-none | sig/auth | cncf-cla: yes | needs-ok-to-test | needs-priority | needs-triage,0,0,0,NONE,1124,56,6,8,1,0,1,1,0,124580,43868,2952,124580,1510698,0.0174,1.7,Low,Keep In Normal Delivery Rhythm.
Cloud Native Platform Reliability,Cloud Platform,kubernetes/kubernetes,141131,https://github.com/kubernetes/kubernetes/pull/141131,Pull Request,make test: collect coverage only for the main workspace,closed,2026-08-03 02:49:37+00:00,2026-08-03 13:47:16+00:00,2026-08-03 13:47:16+00:00,15.91,0.46,15.46,10,9,lgtm | size/XS | release-note-none | approved | cncf-cla: yes | sig/testing | kind/failing-test | needs-priority | needs-triage,4,1,0,MEMBER,2457,55,0,8,1,0,1,1,0,124580,43868,2952,124580,1510698,0.009,0.9,Low,Keep In Normal Delivery Rhythm.
Cloud Native Platform Reliability,Cloud Platform,kubernetes/kubernetes,141132,https://github.com/kubernetes/kubernetes/pull/141132,Pull Request,kubelet: retry HasDedicatedImageFs on failure without blocking eviction sync loop,open,2026-08-03 04:17:52+00:00,2026-08-03 04:23:56+00:00,,15.85,15.85,15.85,4,9,area/kubelet | sig/node | size/L | release-note-none | cncf-cla: yes | needs-ok-to-test | needs-priority | needs-triage | do-not-merge/needs-kind,0,0,0,NONE,1066,81,0,8,1,0,1,1,1,124580,43868,2952,124580,1510698,0.9727,97.3,High,"Escalate Blocker, Confirm Owner, And Add Executive Visibility This Week."
Cloud Native Platform Reliability,Cloud Platform,kubernetes/kubernetes,141133,https://github.com/kubernetes/kubernetes/issues/141133,Issue,[Flaking Test] [sig-network] LoadBalancers [Feature:LoadBalancer] should be able to change the type and ports of a UDP service [Slow],open,2026-08-03 04:35:54+00:00,2026-08-13 14:31:16+00:00,,15.84,15.84,5.42,2,3,sig/network | kind/flake | triage/unresolved,0,0,0,MEMBER,1314,133,0,8,0,0,0,1,1,124580,43868,2952,124580,1510698,0.9833,98.3,High,"Move To PMO Watchlist, Validate Scope, Owner, And Next Decision Date."
Cloud Native Platform Reliability,Cloud Platform,kubernetes/kubernetes,141134,https://github.com/kubernetes/kubernetes/pull/141134,Pull Request,HPA: preserve spec replicas when average-value metrics are within tolerance,open,2026-08-03 05:06:16+00:00,2026-08-03 05:06:26+00:00,,15.82,15.82,15.82,4,9,kind/bug | release-note | sig/autoscaling | size/L | sig/apps | cncf-cla: yes | needs-ok-to-test | needs-priority | needs-triage,0,0,0,NONE,1795,75,0,8,1,1,1,1,1,124580,43868,2952,124580,1510698,0.9706,97.1,High,"Escalate Blocker, Confirm Owner, And Add Executive Visibility This Week."
Cloud Native Platform Reliability,Cloud Platform,kubernetes/kubernetes,141135,https://github.com/kubernetes/kubernetes/pull/141135,Pull Request,client-go: replace deprecated wait.PollXxx calls with context-based alternatives,closed,2026-08-03 06:17:39+00:00,2026-08-05 05:16:10+00:00,2026-08-05 05:16:10+00:00,15.77,1.96,13.81,6,8,sig/api-machinery | size/M | cncf-cla: yes | needs-ok-to-test | do-not-merge/release-note-label-needed | needs-priority | needs-triage | do-not-merge/needs-kind,0,0,0,NONE,2193,80,0,8,1,0,1,1,0,124580,43868,2952,124580,1510698,0.0114,1.1,Low,Keep In Normal Delivery Rhythm.
Cloud Native Platform Reliability,Cloud Platform,kubernetes/kubernetes,141136,https://github.com/kubernetes/kubernetes/issues/141136,Issue,[Flaking Test] [sig-network] LoadBalancers ExternalTrafficPolicy: Local [Feature:LoadBalancer] should only target nodes with endpoints [Slow],open,2026-08-03 06:53:52+00:00,2026-08-13 14:30:43+00:00,,15.74,15.74,5.42,1,3,sig/network | kind/flake | triage/unresolved,0,0,0,CONTRIBUTOR,1266,141,0,8,0,0,0,1,1,124580,43868,2952,124580,1510698,0.9933,99.3,High,"Move To PMO Watchlist, Validate Scope, Owner, And Next Decision Date."
Cloud Native Platform Reliability,Cloud Platform,kubernetes/kubernetes,141137,https://github.com/kubernetes/kubernetes/pull/141137,Pull Request,"scheduler: make cache dumper log nodes as struct in JSON, string in text",open,2026-08-03 07:29:12+00:00,2026-08-03 10:51:13+00:00,,15.72,15.72,15.58,6,8,sig/scheduling | release-note | size/L | kind/feature | cncf-cla: yes | ok-to-test | needs-priority | needs-triage,0,0,0,CONTRIBUTOR,4033,72,0,8,1,0,1,1,1,124580,43868,2952,124580,1510698,0.9689,96.9,High,"Escalate Blocker, Confirm Owner, And Add Executive Visibility This Week."
Cloud Native Platform Reliability,Cloud Platform,kubernetes/kubernetes,141138,https://github.com/kubernetes/kubernetes/issues/141138,Issue,[Flaking Test] [sig-network] LoadBalancers ExternalTrafficPolicy: Local [Feature:LoadBalancer] should work for type=LoadBalancer [Slow],open,2026-08-03 08:36:50+00:00,2026-08-13 14:29:58+00:00,,15.67,15.67,5.43,1,3,sig/network | kind/flake | triage/unresolved,0,0,0,NONE,1297,135,0,8,0,0,0,1,1,124580,43868,2952,124580,1510698,0.9741,97.4,High,"Move To PMO Watchlist, Validate Scope, Owner, And Next Decision Date."
Cloud Native Platform Reliability,Cloud Platform,kubernetes/kubernetes,141139,https://github.com/kubernetes/kubernetes/pull/141139,Pull Request,Extending integration tests for WAP to match ones for pod preemption,open,2026-08-03 09:47:47+00:00,2026-08-18 09:56:30+00:00,,15.62,15.62,0.62,11,10,area/test | kind/cleanup | sig/scheduling | size/XXL | release-note-none | cncf-cla: yes | sig/testing | ok-to-test | needs-priority | needs-triage,2,0,0,CONTRIBUTOR,3731,68,0,8,1,0,1,1,1,124580,43868,2952,124580,1510698,0.9534,95.3,High,"Escalate Blocker, Confirm Owner, And Add Executive Visibility This Week."
Cloud Native Platform Reliability,Cloud Platform,kubernetes/kubernetes,141140,https://github.com/kubernetes/kubernetes/pull/141140,Pull Request,env: name the offending variable in parse errors,open,2026-08-03 12:33:56+00:00,2026-08-04 05:08:41+00:00,,15.51,15.51,14.82,8,8,kind/cleanup | size/S | release-note-none | cncf-cla: yes | needs-ok-to-test | needs-priority | needs-triage | do-not-merge/needs-sig,0,0,0,NONE,4322,48,0,8,1,0,1,1,1,124580,43868,2952,124580,1510698,0.2375,23.7,Low,Keep In Normal Delivery Rhythm.
Cloud Native Platform Reliability,Cloud Platform,kubernetes/kubernetes,141141,https://github.com/kubernetes/kubernetes/pull/141141,Pull Request,parsers: wrap parse errors with %w,closed,2026-08-03 12:52:21+00:00,2026-08-06 17:19:33+00:00,2026-08-03 13:48:15+00:00,15.49,0.04,12.31,6,8,kind/cleanup | size/S | release-note-none | cncf-cla: yes | needs-ok-to-test | needs-priority | needs-triage | do-not-merge/needs-sig,0,0,0,NONE,4419,34,0,8,1,0,1,1,0,124580,43868,2952,124580,1510698,0.0234,2.3,Low,Keep In Normal Delivery Rhythm.
Cloud Native Platform Reliability,Cloud Platform,kubernetes/kubernetes,141142,https://github.com/kubernetes/kubernetes/pull/141142,Pull Request,gotemplate: make include and generate errors actionable,open,2026-08-03 13:04:40+00:00,2026-08-03 13:34:56+00:00,,15.48,15.48,15.46,6,8,kind/cleanup | size/S | release-note-none | cncf-cla: yes | sig/testing | needs-ok-to-test | needs-priority | needs-triage,0,0,0,NONE,4393,55,0,8,1,0,1,1,1,124580,43868,2952,124580,1510698,0.5445,54.4,Medium,"Monitor Aging, Confirm Milestone Fit, And Refresh Status Evidence."
Cloud Native Platform Reliability,Cloud Platform,kubernetes/kubernetes,141143,https://github.com/kubernetes/kubernetes/pull/141143,Pull Request,importverifier: improve error handling and add tests,open,2026-08-03 13:28:05+00:00,2026-08-03 13:44:39+00:00,,15.47,15.47,15.46,6,8,kind/cleanup | size/M | release-note-none | cncf-cla: yes | needs-ok-to-test | needs-priority | needs-triage | do-not-merge/needs-sig,0,0,0,NONE,4549,52,0,8,1,0,1,1,1,124580,43868,2952,124580,1510698,0.9717,97.2,High,"Escalate Blocker, Confirm Owner, And Add Executive Visibility This Week."
Cloud Native Platform Reliability,Cloud Platform,kubernetes/kubernetes,141144,https://github.com/kubernetes/kubernetes/issues/141144,Issue,problematic dependency: cyphar.com/go-pathrs,open,2026-08-03 13:43:33+00:00,2026-08-03 13:58:15+00:00,,15.46,15.46,15.45,3,4,sig/architecture | area/code-organization | needs-triage | kind/dependency,0,0,0,MEMBER,994,44,0,8,1,0,0,1,1,124580,43868,2952,124580,1510698,0.9952,99.5,High,"Escalate Blocker, Confirm Owner, And Add Executive Visibility This Week."
Cloud Native Platform Reliability,Cloud Platform,kubernetes/kubernetes,141145,https://github.com/kubernetes/kubernetes/pull/141145,Pull Request,golang-client: metrics: Register: Fix incorrect assignment,closed,2026-08-03 14:11:44+00:00,2026-08-04 12:28:30+00:00,2026-08-04 12:28:30+00:00,15.44,0.93,14.51,14,10,kind/bug | lgtm | sig/api-machinery | size/XS | release-note-none | approved | cncf-cla: yes | ok-to-test | needs-priority | needs-triage,3,1,0,CONTRIBUTOR,3586,58,0,8,1,1,1,1,0,124580,43868,2952,124580,1510698,0.0176,1.8,Low,Keep In Normal Delivery Rhythm.
Cloud Native Platform Reliability,Cloud Platform,kubernetes/kubernetes,141146,https://github.com/kubernetes/kubernetes/pull/141146,Pull Request,node e2e: fix the memory PSI test for new kernels and remove the CRI-O skip,closed,2026-08-03 17:44:11+00:00,2026-08-06 02:22:34+00:00,2026-08-06 02:22:34+00:00,15.29,2.36,12.93,23,11,area/test | lgtm | sig/node | size/M | release-note-none | approved | cncf-cla: yes | sig/testing | kind/failing-test | needs-priority | needs-triage,5,1,0,MEMBER,5148,75,0,8,1,0,1,1,0,124580,43868,2952,124580,1510698,0.0009,0.1,Low,Keep In Normal Delivery Rhythm.
Cloud Native Platform Reliability,Cloud Platform,kubernetes/kubernetes,141147,https://github.com/kubernetes/kubernetes/pull/141147,Pull Request,kubectl: propagate PrintObj errors in human-readable output loop,open,2026-08-03 19:03:58+00:00,2026-08-10 15:31:42+00:00,,15.24,15.24,8.38,6,9,kind/bug | area/kubectl | release-note | size/L | sig/cli | cncf-cla: yes | needs-ok-to-test | needs-priority | needs-triage,0,0,0,NONE,1431,64,0,8,1,1,1,1,1,124580,43868,2952,124580,1510698,0.9396,94.0,High,"Escalate Blocker, Confirm Owner, And Add Executive Visibility This Week."
Runtime Platform Stabilization,Runtime Engineering,nodejs/node,64992,https://github.com/nodejs/node/pull/64992,Pull Request,esm: only register text format when enabled,closed,2026-08-03 22:28:12+00:00,2026-08-08 15:54:35+00:00,2026-08-08 15:54:34+00:00,15.09,4.73,10.37,9,5,process | esm | author ready | needs-ci | commit-queue-squash,0,0,0,MEMBER,495,43,0,8,1,0,0,0,0,119012,36525,1490,119012,1537562,0.0001,0.0,Low,Keep In Normal Delivery Rhythm.
Cloud Native Platform Reliability,Cloud Platform,kubernetes/kubernetes,141148,https://github.com/kubernetes/kubernetes/pull/141148,Pull Request,apiserver: drop hardcoded storage version overrides,open,2026-08-03 23:30:45+00:00,2026-08-18 20:16:08+00:00,,15.05,15.05,0.19,3,13,kind/cleanup | sig/scheduling | area/apiserver | sig/storage | sig/api-machinery | size/M | release-note-none | sig/auth | sig/apps | cncf-cla: yes | needs-priority | triage/accepted | wg/device-management,0,0,0,MEMBER,1147,51,0,8,1,0,1,1,1,124580,43868,2952,124580,1510698,0.9819,98.2,High,"Escalate Blocker, Confirm Owner, And Add Executive Visibility This Week."
Runtime Platform Stabilization,Runtime Engineering,nodejs/node,64993,https://github.com/nodejs/node/pull/64993,Pull Request,doc: document REPL DEP0185 throws and uncaught-exception behavior,closed,2026-08-03 23:37:28+00:00,2026-08-13 17:26:26+00:00,2026-08-13 17:26:23+00:00,15.05,9.74,5.3,1,3,doc | repl | author ready,0,0,0,CONTRIBUTOR,1239,65,0,8,0,0,0,0,0,119012,36525,1490,119012,1537562,0.0022,0.2,Low,Keep In Normal Delivery Rhythm.
Runtime Platform Stabilization,Runtime Engineering,nodejs/node,64994,https://github.com/nodejs/node/issues/64994,Issue,Test runner: --test-reporter-destination should create the folder if not found,open,2026-08-03 23:58:11+00:00,2026-08-04 13:07:02+00:00,,15.03,15.03,14.48,0,2,feature request | test_runner,0,0,0,NONE,1126,78,0,8,0,0,0,0,1,119012,36525,1490,119012,1537562,0.0019,0.2,Low,Keep In Normal Delivery Rhythm.
Cloud Native Platform Reliability,Cloud Platform,kubernetes/kubernetes,141149,https://github.com/kubernetes/kubernetes/pull/141149,Pull Request,DV: comment erroneous docs for k8s-ip format,open,2026-08-04 00:22:27+00:00,2026-08-15 00:07:22+00:00,,15.01,15.01,4.02,4,9,kind/bug | sig/api-machinery | size/S | release-note-none | approved | cncf-cla: yes | area/code-generation | needs-priority | needs-triage,1,0,0,MEMBER,43,44,1,8,1,1,1,1,1,124580,43868,2952,124580,1510698,0.9937,99.4,High,"Escalate Blocker, Confirm Owner, And Add Executive Visibility This Week."
Runtime Platform Stabilization,Runtime Engineering,nodejs/node,64995,https://github.com/nodejs/node/pull/64995,Pull Request,doc(test-runner): add example for mocking errors,closed,2026-08-04 00:42:16+00:00,2026-08-04 02:17:04+00:00,2026-08-04 02:14:04+00:00,15.0,0.06,14.93,2,2,doc | test_runner,0,0,0,NONE,75,48,1,8,0,0,0,0,0,119012,36525,1490,119012,1537562,0.0007,0.1,Low,Keep In Normal Delivery Rhythm.
Runtime Platform Stabilization,Runtime Engineering,nodejs/node,64996,https://github.com/nodejs/node/pull/64996,Pull Request,lib: improve error message when WebAssembly is unavailable for TypeScript,closed,2026-08-04 00:42:20+00:00,2026-08-04 14:50:01+00:00,2026-08-04 13:17:34+00:00,15.0,0.52,14.41,2,2,errors | needs-ci,0,0,0,NONE,75,73,1,8,1,0,0,0,0,119012,36525,1490,119012,1537562,0.0095,0.9,Low,Keep In Normal Delivery Rhythm.
Runtime Platform Stabilization,Runtime Engineering,nodejs/node,64997,https://github.com/nodejs/node/pull/64997,Pull Request,doc: narrow ReadableStreamBYOBRequest.view type to Uint8Array,open,2026-08-04 00:42:24+00:00,2026-08-05 08:16:55+00:00,,15.0,15.0,13.68,1,1,doc,0,0,0,NONE,819,61,1,8,0,0,0,0,1,119012,36525,1490,119012,1537562,0.9884,98.8,High,"Fast-Track Review Path, Resolve Review Bottlenecks, And Confirm Merge Readiness."
Cloud Native Platform Reliability,Cloud Platform,kubernetes/kubernetes,141150,https://github.com/kubernetes/kubernetes/pull/141150,Pull Request,node e2e: remove the CRI-O skip from the memory PSI test,closed,2026-08-04 01:21:08+00:00,2026-08-04 02:35:09+00:00,2026-08-04 02:35:09+00:00,14.97,0.05,14.92,8,11,area/test | sig/node | size/M | release-note-none | approved | cncf-cla: yes | sig/testing | kind/failing-test | do-not-merge/work-in-progress | needs-priority | needs-triage,0,0,0,MEMBER,1787,56,1,8,1,0,1,1,0,124580,43868,2952,124580,1510698,0.0034,0.3,Low,Keep In Normal Delivery Rhythm.
Cloud Native Platform Reliability,Cloud Platform,kubernetes/kubernetes,141151,https://github.com/kubernetes/kubernetes/issues/141151,Issue,volumeattachment could not be cleanup while controller-manager restart after volumeattachment created because of csidriver created delay,open,2026-08-04 01:54:47+00:00,2026-08-06 00:57:49+00:00,,14.95,14.95,12.99,5,3,kind/bug | sig/storage | needs-triage,0,0,0,MEMBER,1811,136,1,8,1,1,0,1,1,124580,43868,2952,124580,1510698,0.9824,98.2,High,"Escalate Blocker, Confirm Owner, And Add Executive Visibility This Week."
Runtime Platform Stabilization,Runtime Engineering,nodejs/node,64998,https://github.com/nodejs/node/pull/64998,Pull Request,ffi: remove dead null check in callback arguments,closed,2026-08-04 03:56:29+00:00,2026-08-17 18:36:10+00:00,2026-08-17 16:39:53+00:00,14.87,13.53,1.25,7,3,c++ | needs-ci | ffi,0,0,0,MEMBER,659,49,1,8,1,0,0,0,0,119012,36525,1490,119012,1537562,0.0002,0.0,Low,Keep In Normal Delivery Rhythm.
Cloud Native Platform Reliability,Cloud Platform,kubernetes/kubernetes,141152,https://github.com/kubernetes/kubernetes/issues/141152,Issue,sig/network: API Server validation error message leaks full ClusterIP CIDR range to low-privileged users,open,2026-08-04 04:03:25+00:00,2026-08-13 14:25:42+00:00,,14.86,14.86,5.43,3,4,kind/bug | area/security | sig/api-machinery | needs-triage,0,0,0,NONE,2641,104,1,8,1,1,0,1,1,124580,43868,2952,124580,1510698,0.974,97.4,High,"Escalate Blocker, Confirm Owner, And Add Executive Visibility This Week."
Runtime Platform Stabilization,Runtime Engineering,nodejs/node,64999,https://github.com/nodejs/node/pull/64999,Pull Request,v8: serialize heap profile script IDs as strings,closed,2026-08-04 04:16:10+00:00,2026-08-10 09:55:56+00:00,2026-08-10 09:55:56+00:00,14.85,6.24,8.62,1,2,c++ | needs-ci,0,0,0,CONTRIBUTOR,2081,48,1,8,1,0,0,0,0,119012,36525,1490,119012,1537562,0.0083,0.8,Low,Keep In Normal Delivery Rhythm.
Runtime Platform Stabilization,Runtime Engineering,nodejs/node,65000,https://github.com/nodejs/node/pull/65000,Pull Request,src: delete cppgc tracking nodes during Realm cleanup,closed,2026-08-04 04:39:39+00:00,2026-08-10 09:55:55+00:00,2026-08-10 09:55:55+00:00,14.84,6.22,8.62,1,2,c++ | needs-ci,0,0,0,CONTRIBUTOR,2137,53,1,8,1,0,0,0,0,119012,36525,1490,119012,1537562,0.0001,0.0,Low,Keep In Normal Delivery Rhythm.
Cloud Native Platform Reliability,Cloud Platform,kubernetes/kubernetes,141153,https://github.com/kubernetes/kubernetes/issues/141153,Issue,"managedfields.ExtractInto fails with ""expected map, got <nil>"" when the field manager owns only fields absent from the object (e.g. Secret stringData).",open,2026-08-04 05:37:13+00:00,2026-08-04 05:38:29+00:00,,14.8,14.8,14.79,3,4,kind/bug | sig/api-machinery | wg/api-expression | needs-triage,0,0,0,NONE,3943,151,1,8,1,1,0,1,1,124580,43868,2952,124580,1510698,0.9755,97.6,High,"Escalate Blocker, Confirm Owner, And Add Executive Visibility This Week."
Runtime Platform Stabilization,Runtime Engineering,nodejs/node,65001,https://github.com/nodejs/node/pull/65001,Pull Request,src: remove unused BindingData::LoadEnvFile declaration,closed,2026-08-04 06:53:32+00:00,2026-08-10 09:55:54+00:00,2026-08-10 09:55:53+00:00,14.74,6.13,8.62,2,2,c++ | needs-ci,0,0,0,CONTRIBUTOR,2120,55,1,8,1,0,0,0,0,119012,36525,1490,119012,1537562,0.0001,0.0,Low,Keep In Normal Delivery Rhythm.
Cloud Native Platform Reliability,Cloud Platform,kubernetes/kubernetes,141154,https://github.com/kubernetes/kubernetes/pull/141154,Pull Request,refactor horizontal_test.go,open,2026-08-04 07:05:33+00:00,2026-08-12 12:22:28+00:00,,14.73,14.73,6.51,6,9,kind/cleanup | sig/autoscaling | size/XXL | release-note-none | sig/apps | cncf-cla: yes | priority/important-longterm | tide/merge-method-squash | triage/accepted,0,0,0,MEMBER,4724,27,1,8,0,0,1,1,1,124580,43868,2952,124580,1510698,0.9836,98.4,High,"Fast-Track Review Path, Resolve Review Bottlenecks, And Confirm Merge Readiness."
Runtime Platform Stabilization,Runtime Engineering,nodejs/node,65002,https://github.com/nodejs/node/pull/65002,Pull Request,zlib: validate central directory record count,closed,2026-08-04 08:08:41+00:00,2026-08-12 09:03:00+00:00,2026-08-12 09:02:58+00:00,14.69,8.04,6.65,7,3,zlib | author ready | needs-ci,0,0,0,MEMBER,260,45,1,8,1,0,0,0,0,119012,36525,1490,119012,1537562,0.0021,0.2,Low,Keep In Normal Delivery Rhythm.
Cloud Native Platform Reliability,Cloud Platform,kubernetes/kubernetes,141155,https://github.com/kubernetes/kubernetes/issues/141155,Issue,Liveness probe failure container restart leads to container starting up with started=true and liveness probes starting before startup probes have run,open,2026-08-04 08:47:50+00:00,2026-08-13 01:52:52+00:00,,14.66,14.66,5.95,8,4,kind/bug | priority/important-soon | sig/node | triage/accepted,0,0,0,NONE,8476,149,1,8,0,1,1,1,1,124580,43868,2952,124580,1510698,0.9647,96.5,High,"Move To PMO Watchlist, Validate Scope, Owner, And Next Decision Date."
Runtime Platform Stabilization,Runtime Engineering,nodejs/node,65003,https://github.com/nodejs/node/pull/65003,Pull Request,buffer: support aligned allocations,closed,2026-08-04 08:58:47+00:00,2026-08-06 09:25:53+00:00,2026-08-06 09:25:51+00:00,14.66,2.02,12.64,7,4,buffer | c++ | author ready | needs-ci,0,0,0,MEMBER,2292,35,1,8,1,0,0,0,0,119012,36525,1490,119012,1537562,0.0002,0.0,Low,Keep In Normal Delivery Rhythm.
Cloud Native Platform Reliability,Cloud Platform,kubernetes/kubernetes,141156,https://github.com/kubernetes/kubernetes/pull/141156,Pull Request,Update leaderelection.go,closed,2026-08-04 09:06:14+00:00,2026-08-04 12:34:23+00:00,2026-08-04 12:34:23+00:00,14.65,0.14,14.51,7,8,kind/documentation | sig/api-machinery | size/XS | cncf-cla: yes | needs-ok-to-test | do-not-merge/release-note-label-needed | needs-priority | needs-triage,0,0,0,NONE,121,24,1,8,1,0,1,1,0,124580,43868,2952,124580,1510698,0.0001,0.0,Low,Keep In Normal Delivery Rhythm.
Runtime Platform Stabilization,Runtime Engineering,nodejs/node,65004,https://github.com/nodejs/node/pull/65004,Pull Request,tools: lazy-abort failed PR merges in CQ,closed,2026-08-04 09:23:01+00:00,2026-08-07 10:28:38+00:00,2026-08-07 09:16:37+00:00,14.64,3.0,11.59,2,2,tools | author ready,0,0,0,CONTRIBUTOR,85,40,1,8,0,0,0,0,0,119012,36525,1490,119012,1537562,0.0,0.0,Low,Keep In Normal Delivery Rhythm.
Runtime Platform Stabilization,Runtime Engineering,nodejs/node,65005,https://github.com/nodejs/node/pull/65005,Pull Request,tools: add fallback cleanup job for CQ,closed,2026-08-04 09:51:10+00:00,2026-08-07 18:07:48+00:00,2026-08-07 18:07:43+00:00,14.62,3.34,11.27,2,1,meta,0,0,0,CONTRIBUTOR,2161,38,1,8,0,0,0,0,0,119012,36525,1490,119012,1537562,0.0007,0.1,Low,Keep In Normal Delivery Rhythm.
Runtime Platform Stabilization,Runtime Engineering,nodejs/node,65006,https://github.com/nodejs/node/issues/65006,Issue,`dns.setServers.apply` triggers SIGABRT when passed an address with port 0,closed,2026-08-04 09:58:04+00:00,2026-08-06 11:13:06+00:00,2026-08-06 11:13:06+00:00,14.61,2.05,12.56,1,2,confirmed-bug | dns,0,0,0,NONE,1829,74,1,8,0,1,0,0,0,119012,36525,1490,119012,1537562,0.0017,0.2,Low,Keep In Normal Delivery Rhythm.
Runtime Platform Stabilization,Runtime Engineering,nodejs/node,65007,https://github.com/nodejs/node/pull/65007,Pull Request,zlib: reject ambiguous ZIP archive ends,closed,2026-08-04 10:39:47+00:00,2026-08-06 12:47:18+00:00,2026-08-06 12:47:14+00:00,14.59,2.09,12.5,5,2,author ready | needs-ci,0,0,0,MEMBER,417,39,1,8,1,0,0,0,0,119012,36525,1490,119012,1537562,0.0001,0.0,Low,Keep In Normal Delivery Rhythm.
Runtime Platform Stabilization,Runtime Engineering,nodejs/node,65008,https://github.com/nodejs/node/pull/65008,Pull Request,Create parent directories for test reporter destinations,open,2026-08-04 10:40:54+00:00,2026-08-17 21:41:39+00:00,,14.58,14.58,1.13,3,2,needs-ci | test_runner,0,0,0,NONE,295,56,1,8,1,0,0,0,1,119012,36525,1490,119012,1537562,0.9875,98.8,High,"Escalate Blocker, Confirm Owner, And Add Executive Visibility This Week."
Runtime Platform Stabilization,Runtime Engineering,nodejs/node,65009,https://github.com/nodejs/node/pull/65009,Pull Request,dns: fix crash on setServers with port 0,closed,2026-08-04 10:51:39+00:00,2026-08-06 11:13:06+00:00,2026-08-06 11:13:04+00:00,14.58,2.01,12.56,6,5,c++ | cares | author ready | needs-ci | commit-queue-squash,0,0,0,CONTRIBUTOR,733,40,1,8,1,0,0,0,0,119012,36525,1490,119012,1537562,0.0,0.0,Low,Keep In Normal Delivery Rhythm.
Runtime Platform Stabilization,Runtime Engineering,nodejs/node,65010,https://github.com/nodejs/node/pull/65010,Pull Request,http: reject responses exceeding header limit,open,2026-08-04 10:55:59+00:00,2026-08-07 08:14:27+00:00,,14.57,14.57,11.69,2,4,c++ | semver-major | http_parser | needs-ci,0,0,0,MEMBER,2263,45,1,8,1,0,0,0,1,119012,36525,1490,119012,1537562,0.9888,98.9,High,"Escalate Blocker, Confirm Owner, And Add Executive Visibility This Week."
Cloud Native Platform Reliability,Cloud Platform,kubernetes/kubernetes,141157,https://github.com/kubernetes/kubernetes/pull/141157,Pull Request,Migrate to declarative validation: PodSpec.ActiveDeadlineSeconds field,open,2026-08-04 11:27:22+00:00,2026-08-04 11:58:37+00:00,,14.55,14.55,14.53,6,10,area/test | size/M | kind/api-change | sig/apps | cncf-cla: yes | sig/testing | needs-ok-to-test | do-not-merge/release-note-label-needed | needs-priority | needs-triage,0,0,0,NONE,728,70,1,8,1,0,1,1,1,124580,43868,2952,124580,1510698,0.948,94.8,High,"Escalate Blocker, Confirm Owner, And Add Executive Visibility This Week."
Runtime Platform Stabilization,Runtime Engineering,nodejs/node,65011,https://github.com/nodejs/node/pull/65011,Pull Request,tools: bump undici from 6.27.0 to 6.28.0 in /tools/doc,closed,2026-08-04 11:53:46+00:00,2026-08-18 07:27:36+00:00,2026-08-18 07:27:32+00:00,14.53,13.82,0.72,2,4,doc | tools | dependencies | javascript,0,0,0,CONTRIBUTOR,5563,54,1,8,0,0,0,0,0,119012,36525,1490,119012,1537562,0.0002,0.0,Low,Keep In Normal Delivery Rhythm.
Runtime Platform Stabilization,Runtime Engineering,nodejs/node,65012,https://github.com/nodejs/node/issues/65012,Issue,fetch/FormData multipart uploads retain ArrayBuffer memory after request completion in Node.js 24.16+,closed,2026-08-04 12:14:25+00:00,2026-08-04 12:25:36+00:00,2026-08-04 12:25:36+00:00,14.52,0.01,14.51,1,0,,0,0,0,NONE,4414,101,1,8,0,0,0,0,0,119012,36525,1490,119012,1537562,0.0008,0.1,Low,Keep In Normal Delivery Rhythm.
Runtime Platform Stabilization,Runtime Engineering,nodejs/node,65013,https://github.com/nodejs/node/pull/65013,Pull Request,V26.x staging,closed,2026-08-04 12:52:09+00:00,2026-08-04 19:33:39+00:00,2026-08-04 19:30:52+00:00,14.49,0.28,14.21,3,2,wontfix | wip,0,0,0,CONTRIBUTOR,178,13,1,8,0,1,0,0,0,119012,36525,1490,119012,1537562,0.0,0.0,Low,Keep In Normal Delivery Rhythm.
Cloud Native Platform Reliability,Cloud Platform,kubernetes/kubernetes,141158,https://github.com/kubernetes/kubernetes/pull/141158,Pull Request,fix:volumeattachment could not be cleanup while controller-manager restart after volumeattachment created because of csidriver created delay,open,2026-08-04 12:56:09+00:00,2026-08-06 01:53:15+00:00,,14.49,14.49,12.95,5,8,kind/bug | sig/storage | size/L | release-note-none | sig/apps | cncf-cla: yes | needs-priority | needs-triage,1,0,0,MEMBER,3299,140,1,8,1,1,1,1,1,124580,43868,2952,124580,1510698,0.9753,97.5,High,"Escalate Blocker, Confirm Owner, And Add Executive Visibility This Week."
Cloud Native Platform Reliability,Cloud Platform,kubernetes/kubernetes,141159,https://github.com/kubernetes/kubernetes/pull/141159,Pull Request,workqueue: simplify waitingLoop timer handling,open,2026-08-04 13:06:42+00:00,2026-08-04 18:34:01+00:00,,14.48,14.48,14.26,5,7,kind/cleanup | sig/api-machinery | size/S | release-note-none | cncf-cla: yes | needs-priority | needs-triage,0,0,0,CONTRIBUTOR,3613,46,1,8,1,0,1,1,1,124580,43868,2952,124580,1510698,0.9651,96.5,High,"Escalate Blocker, Confirm Owner, And Add Executive Visibility This Week."
Cloud Native Platform Reliability,Cloud Platform,kubernetes/kubernetes,141160,https://github.com/kubernetes/kubernetes/pull/141160,Pull Request,docs: fix typo in SUPPORT.md - remove extra word 'about',closed,2026-08-04 13:19:52+00:00,2026-08-04 13:32:21+00:00,2026-08-04 13:32:20+00:00,14.47,0.01,14.47,7,8,size/XS | release-note-none | cncf-cla: yes | needs-ok-to-test | needs-priority | needs-triage | do-not-merge/needs-sig | do-not-merge/needs-kind,0,0,0,NONE,3572,56,1,8,1,0,1,1,0,124580,43868,2952,124580,1510698,0.0139,1.4,Low,Keep In Normal Delivery Rhythm.
Cloud Native Platform Reliability,Cloud Platform,kubernetes/kubernetes,141161,https://github.com/kubernetes/kubernetes/pull/141161,Pull Request,Promote apiserver_flowcontrol_priority_level_seat_utilization to BETA,open,2026-08-04 13:32:01+00:00,2026-08-07 15:53:50+00:00,,14.47,14.47,11.37,7,11,kind/cleanup | area/apiserver | sig/api-machinery | release-note | size/L | cncf-cla: yes | sig/instrumentation | needs-ok-to-test | needs-priority | triage/accepted | area/stable-metrics,1,0,0,NONE,3460,69,1,8,1,0,1,1,1,124580,43868,2952,124580,1510698,0.9632,96.3,High,"Escalate Blocker, Confirm Owner, And Add Executive Visibility This Week."
Cloud Native Platform Reliability,Cloud Platform,kubernetes/kubernetes,141162,https://github.com/kubernetes/kubernetes/issues/141162,Issue,[Feature request] Single API endpoint for feature gates values,open,2026-08-04 13:39:18+00:00,2026-08-18 12:31:27+00:00,,14.46,14.46,0.51,15,4,sig/api-machinery | kind/feature | sig/architecture | needs-triage,0,0,0,NONE,309,62,1,8,1,0,0,1,1,124580,43868,2952,124580,1510698,0.0132,1.3,Low,Keep In Normal Delivery Rhythm.
Cloud Native Platform Reliability,Cloud Platform,kubernetes/kubernetes,141163,https://github.com/kubernetes/kubernetes/pull/141163,Pull Request,kubelet: add node-level metrics to CRI stats path,open,2026-08-04 14:05:44+00:00,2026-08-13 14:58:46+00:00,,14.44,14.44,5.41,6,11,kind/bug | area/kubelet | sig/node | release-note | size/L | cncf-cla: yes | sig/instrumentation | sig/architecture | needs-priority | area/dependency | needs-triage,1,0,0,MEMBER,4265,49,1,8,1,1,1,1,1,124580,43868,2952,124580,1510698,0.9686,96.9,High,"Escalate Blocker, Confirm Owner, And Add Executive Visibility This Week."
Runtime Platform Stabilization,Runtime Engineering,nodejs/node,65014,https://github.com/nodejs/node/pull/65014,Pull Request,stream: use validateNumber for BYOB reader options.min,closed,2026-08-04 14:06:38+00:00,2026-08-17 02:00:20+00:00,2026-08-17 02:00:16+00:00,14.44,12.5,1.95,3,3,author ready | needs-ci | web streams,0,0,0,CONTRIBUTOR,468,54,1,8,1,0,0,0,0,119012,36525,1490,119012,1537562,0.0003,0.0,Low,Keep In Normal Delivery Rhythm.
Runtime Platform Stabilization,Runtime Engineering,nodejs/node,65015,https://github.com/nodejs/node/pull/65015,Pull Request,stream: use validateObject for zlib/iter params,closed,2026-08-04 14:10:09+00:00,2026-08-17 03:39:45+00:00,2026-08-17 03:39:43+00:00,14.44,12.56,1.88,8,3,stream | author ready | needs-ci,0,0,0,CONTRIBUTOR,563,47,1,8,1,0,0,0,0,119012,36525,1490,119012,1537562,0.0001,0.0,Low,Keep In Normal Delivery Rhythm.
Runtime Platform Stabilization,Runtime Engineering,nodejs/node,65016,https://github.com/nodejs/node/pull/65016,Pull Request,zlib: harden ZIP archive reading and writing against malicious input,closed,2026-08-04 14:13:53+00:00,2026-08-14 03:39:54+00:00,2026-08-14 03:39:52+00:00,14.44,9.56,4.88,14,3,zlib | needs-ci | commit-queue-rebase,0,0,0,CONTRIBUTOR,6148,68,1,8,1,0,0,0,0,119012,36525,1490,119012,1537562,0.004,0.4,Low,Keep In Normal Delivery Rhythm.
Runtime Platform Stabilization,Runtime Engineering,nodejs/node,65017,https://github.com/nodejs/node/pull/65017,Pull Request,perf_hooks: add missing resource timing attributes,open,2026-08-04 14:15:41+00:00,2026-08-04 17:05:59+00:00,,14.44,14.44,14.32,2,1,needs-ci,0,0,0,CONTRIBUTOR,871,50,1,8,1,0,0,0,1,119012,36525,1490,119012,1537562,0.9885,98.9,High,"Escalate Blocker, Confirm Owner, And Add Executive Visibility This Week."
Cloud Native Platform Reliability,Cloud Platform,kubernetes/kubernetes,141164,https://github.com/kubernetes/kubernetes/pull/141164,Pull Request,Promote apiserver_resource_size_estimate_bytes to BETA,open,2026-08-04 14:18:57+00:00,2026-08-05 20:52:19+00:00,,14.43,14.43,13.16,7,12,kind/cleanup | area/apiserver | sig/api-machinery | release-note | size/L | cncf-cla: yes | sig/instrumentation | ok-to-test | needs-priority | needs-triage | area/stable-metrics | sig/etcd,0,0,0,NONE,3465,54,1,8,1,0,1,1,1,124580,43868,2952,124580,1510698,0.9269,92.7,High,"Escalate Blocker, Confirm Owner, And Add Executive Visibility This Week."
Runtime Platform Stabilization,Runtime Engineering,nodejs/node,65018,https://github.com/nodejs/node/issues/65018,Issue,Enormous HTML documents causing some docs pages to crash and be unusable,open,2026-08-04 15:38:59+00:00,2026-08-05 17:34:58+00:00,,14.38,14.38,13.3,8,1,doc,0,0,0,NONE,729,72,1,8,0,0,0,0,1,119012,36525,1490,119012,1537562,0.985,98.5,High,"Move To PMO Watchlist, Validate Scope, Owner, And Next Decision Date."
Runtime Platform Stabilization,Runtime Engineering,nodejs/node,65019,https://github.com/nodejs/node/pull/65019,Pull Request,doc: note resourceLimits termination is best-effort,open,2026-08-04 15:39:15+00:00,2026-08-04 15:39:27+00:00,,14.38,14.38,14.38,0,2,doc | worker,0,0,0,NONE,3975,51,1,8,0,0,0,0,1,119012,36525,1490,119012,1537562,0.0003,0.0,Low,Keep In Normal Delivery Rhythm.
Runtime Platform Stabilization,Runtime Engineering,nodejs/node,65020,https://github.com/nodejs/node/pull/65020,Pull Request,cluster: report EADDRINUSE when a worker listens twice on the same port,open,2026-08-04 15:41:42+00:00,2026-08-10 07:32:48+00:00,,14.38,14.38,8.72,1,2,cluster | needs-ci,0,0,0,MEMBER,222,71,1,8,1,0,0,0,1,119012,36525,1490,119012,1537562,0.9857,98.6,High,"Escalate Blocker, Confirm Owner, And Add Executive Visibility This Week."
Runtime Platform Stabilization,Runtime Engineering,nodejs/node,65021,https://github.com/nodejs/node/pull/65021,Pull Request,dns: validate port range in `setServers()`,closed,2026-08-04 15:47:34+00:00,2026-08-07 13:07:07+00:00,2026-08-07 13:06:03+00:00,14.37,2.89,11.48,5,3,dns | author ready | needs-ci,0,0,0,MEMBER,762,42,1,8,1,0,0,0,0,119012,36525,1490,119012,1537562,0.0009,0.1,Low,Keep In Normal Delivery Rhythm.
Cloud Native Platform Reliability,Cloud Platform,kubernetes/kubernetes,141165,https://github.com/kubernetes/kubernetes/pull/141165,Pull Request,Remove internal network range from allocator error messages,closed,2026-08-04 16:13:04+00:00,2026-08-05 14:02:09+00:00,2026-08-05 11:12:08+00:00,14.35,0.79,13.44,10,8,kind/bug | sig/network | size/S | cncf-cla: no | needs-ok-to-test | do-not-merge/release-note-label-needed | needs-priority | needs-triage,0,0,0,NONE,1274,59,1,8,1,1,1,1,0,124580,43868,2952,124580,1510698,0.1491,14.9,Low,Keep In Normal Delivery Rhythm.
Runtime Platform Stabilization,Runtime Engineering,nodejs/node,65022,https://github.com/nodejs/node/pull/65022,Pull Request,net: create socket recv/send buffer size getters and setters,closed,2026-08-04 16:15:46+00:00,2026-08-19 00:25:33+00:00,2026-08-19 00:25:33+00:00,14.35,14.34,0.01,1,3,c++ | lib / src | needs-ci,0,0,0,MEMBER,0,60,1,8,1,0,0,0,1,119012,36525,1490,119012,1537562,0.9918,99.2,High,"Escalate Blocker, Confirm Owner, And Add Executive Visibility This Week."
Cloud Native Platform Reliability,Cloud Platform,kubernetes/kubernetes,141166,https://github.com/kubernetes/kubernetes/issues/141166,Issue,Burndown: Quantity int64 overflow and checked accessors,open,2026-08-04 17:01:21+00:00,2026-08-10 17:36:12+00:00,,14.32,14.32,8.3,19,4,kind/bug | kind/cleanup | sig/api-machinery | triage/accepted,0,0,0,CONTRIBUTOR,4288,55,1,8,0,1,0,1,1,124580,43868,2952,124580,1510698,0.9825,98.3,High,"Move To PMO Watchlist, Validate Scope, Owner, And Next Decision Date."
Runtime Platform Stabilization,Runtime Engineering,nodejs/node,65023,https://github.com/nodejs/node/pull/65023,Pull Request,tools: fix `pkcs11-store-test` check,closed,2026-08-04 17:18:16+00:00,2026-08-06 22:13:13+00:00,2026-08-06 21:25:21+00:00,14.31,2.17,12.1,3,2,meta | author ready,0,0,0,CONTRIBUTOR,2111,36,1,8,0,0,0,0,0,119012,36525,1490,119012,1537562,0.0,0.0,Low,Keep In Normal Delivery Rhythm.
Runtime Platform Stabilization,Runtime Engineering,nodejs/node,65024,https://github.com/nodejs/node/pull/65024,Pull Request,"lib,src: improve histogram implementation",closed,2026-08-04 17:52:12+00:00,2026-08-12 14:42:36+00:00,2026-08-12 14:42:36+00:00,14.28,7.87,6.42,4,6,c++ | semver-minor | lib / src | author ready | needs-ci | commit-queue-squash,0,0,0,MEMBER,794,41,1,8,1,0,0,0,0,119012,36525,1490,119012,1537562,0.0003,0.0,Low,Keep In Normal Delivery Rhythm.
Runtime Platform Stabilization,Runtime Engineering,nodejs/node,65025,https://github.com/nodejs/node/issues/65025,Issue,vm: lexical declaration no longer throws SyntaxError over a global function declaration in vm context (regression in v26.6.0),open,2026-08-04 17:57:11+00:00,2026-08-08 10:15:31+00:00,,14.28,14.28,10.6,4,3,confirmed-bug | vm | v8 engine,0,0,0,NONE,3983,125,1,8,0,1,0,0,1,119012,36525,1490,119012,1537562,0.0647,6.5,Low,Keep In Normal Delivery Rhythm.
Runtime Platform Stabilization,Runtime Engineering,nodejs/node,65026,https://github.com/nodejs/node/issues/65026,Issue,Static build on macOS fails beacuse the sources list for `libnode.a` is empty,closed,2026-08-04 18:23:56+00:00,2026-08-07 15:06:23+00:00,2026-08-07 15:06:23+00:00,14.26,2.86,11.4,6,2,build | macos,0,0,0,NONE,1438,77,1,8,0,0,0,0,0,119012,36525,1490,119012,1537562,0.0017,0.2,Low,Keep In Normal Delivery Rhythm.
Cloud Native Platform Reliability,Cloud Platform,kubernetes/kubernetes,141167,https://github.com/kubernetes/kubernetes/pull/141167,Pull Request,Remove expired TestPolicyAdmissionV1beta1 integration test,open,2026-08-04 18:52:18+00:00,2026-08-18 20:14:50+00:00,,14.24,14.24,0.19,5,11,area/test | kind/cleanup | lgtm | sig/api-machinery | size/L | release-note-none | approved | cncf-cla: yes | sig/testing | needs-priority | triage/accepted,2,0,0,MEMBER,847,58,1,8,1,0,1,1,1,124580,43868,2952,124580,1510698,0.0511,5.1,Low,Keep In Normal Delivery Rhythm.
Cloud Native Platform Reliability,Cloud Platform,kubernetes/kubernetes,141168,https://github.com/kubernetes/kubernetes/pull/141168,Pull Request,Expand status field wiping detection,open,2026-08-04 19:37:21+00:00,2026-08-18 20:13:56+00:00,,14.21,14.21,0.19,4,12,area/test | kind/cleanup | lgtm | sig/api-machinery | size/M | release-note-none | sig/apps | approved | cncf-cla: yes | sig/testing | needs-priority | triage/accepted,1,1,0,MEMBER,1879,36,1,8,1,0,1,1,1,124580,43868,2952,124580,1510698,0.9855,98.6,High,"Escalate Blocker, Confirm Owner, And Add Executive Visibility This Week."
Runtime Platform Stabilization,Runtime Engineering,nodejs/node,65027,https://github.com/nodejs/node/pull/65027,Pull Request,"2026-08-05, Version 26.7.0 (Current)",closed,2026-08-04 19:40:19+00:00,2026-08-16 22:19:45+00:00,2026-08-05 16:22:42+00:00,14.21,0.86,2.1,14,2,release | v26.x,1,0,0,CONTRIBUTOR,30657,36,1,8,0,0,0,0,0,119012,36525,1490,119012,1537562,0.0018,0.2,Low,Keep In Normal Delivery Rhythm.
Cloud Native Platform Reliability,Cloud Platform,kubernetes/kubernetes,141169,https://github.com/kubernetes/kubernetes/pull/141169,Pull Request,Use Sign() to reject negative quantities in validateBasicResource,open,2026-08-04 19:48:25+00:00,2026-08-07 21:38:20+00:00,,14.2,14.2,11.13,8,12,kind/bug | priority/important-soon | lgtm | sig/storage | sig/api-machinery | release-note | size/M | sig/apps | approved | cncf-cla: yes | ok-to-test | triage/accepted,1,0,0,NONE,3103,65,1,8,0,1,1,1,1,124580,43868,2952,124580,1510698,0.4891,48.9,Medium,"Monitor Aging, Confirm Milestone Fit, And Refresh Status Evidence."
Cloud Native Platform Reliability,Cloud Platform,kubernetes/kubernetes,141170,https://github.com/kubernetes/kubernetes/pull/141170,Pull Request,[Quantity] Add a baseline accessor test matrix for the int64 overflow burndown,open,2026-08-04 20:43:15+00:00,2026-08-07 20:03:22+00:00,,14.17,14.17,11.19,25,9,kind/cleanup | lgtm | sig/api-machinery | size/XL | release-note-none | approved | cncf-cla: yes | needs-priority | needs-triage,1,0,0,MEMBER,3177,78,1,8,1,0,1,1,1,124580,43868,2952,124580,1510698,0.9801,98.0,High,"Escalate Blocker, Confirm Owner, And Add Executive Visibility This Week."
Cloud Native Platform Reliability,Cloud Platform,kubernetes/kubernetes,141171,https://github.com/kubernetes/kubernetes/pull/141171,Pull Request,Fix kubectl describe showing memory in millibytes,closed,2026-08-04 21:22:32+00:00,2026-08-05 11:11:56+00:00,2026-08-05 11:11:56+00:00,14.14,0.58,13.56,6,9,kind/bug | area/kubectl | release-note | size/L | sig/cli | cncf-cla: no | needs-ok-to-test | needs-priority | needs-triage,0,0,0,NONE,3762,49,1,8,1,1,1,1,0,124580,43868,2952,124580,1510698,0.0162,1.6,Low,Keep In Normal Delivery Rhythm.
Cloud Native Platform Reliability,Cloud Platform,kubernetes/kubernetes,141172,https://github.com/kubernetes/kubernetes/pull/141172,Pull Request,client-go: support multiple leader election metrics providers,open,2026-08-04 22:14:53+00:00,2026-08-18 04:03:08+00:00,,14.1,14.1,0.86,10,9,kind/bug | sig/api-machinery | release-note | size/L | cncf-cla: yes | sig/instrumentation | needs-ok-to-test | needs-priority | triage/accepted,1,0,0,NONE,1533,61,1,8,1,1,1,1,1,124580,43868,2952,124580,1510698,0.9469,94.7,High,"Escalate Blocker, Confirm Owner, And Add Executive Visibility This Week."
Cloud Native Platform Reliability,Cloud Platform,kubernetes/kubernetes,141173,https://github.com/kubernetes/kubernetes/issues/141173,Issue,Failure cluster [040e0a52...] `[sig-node] HugepageAwareMemoryReporting [Feature:HugePages] with feature gate disabled should include hugepage capacity in memory.available`,closed,2026-08-04 22:50:20+00:00,2026-08-04 23:03:32+00:00,2026-08-04 23:03:31+00:00,14.08,0.01,14.07,2,3,sig/node | kind/failing-test | needs-triage,0,0,0,MEMBER,1451,171,1,8,1,0,0,1,0,124580,43868,2952,124580,1510698,0.0195,2.0,Low,Keep In Normal Delivery Rhythm.
Runtime Platform Stabilization,Runtime Engineering,nodejs/node,65028,https://github.com/nodejs/node/pull/65028,Pull Request,inspector: avoid calling into JS from V8 interrupts,closed,2026-08-04 23:13:34+00:00,2026-08-14 16:14:52+00:00,2026-08-14 16:14:49+00:00,14.06,9.71,4.35,7,4,c++ | lib / src | author ready | needs-ci,0,0,0,MEMBER,3318,51,1,8,1,0,0,0,0,119012,36525,1490,119012,1537562,0.0045,0.5,Low,Keep In Normal Delivery Rhythm.
Runtime Platform Stabilization,Runtime Engineering,nodejs/node,65029,https://github.com/nodejs/node/pull/65029,Pull Request,deps: fix ELF note section parsing alignment in postject,closed,2026-08-05 00:37:16+00:00,2026-08-08 22:34:07+00:00,2026-08-05 09:18:46+00:00,14.0,0.36,10.09,2,2,needs-ci | dependencies,0,0,0,NONE,871,56,2,8,1,0,0,0,0,119012,36525,1490,119012,1537562,0.0,0.0,Low,Keep In Normal Delivery Rhythm.
Runtime Platform Stabilization,Runtime Engineering,nodejs/node,65030,https://github.com/nodejs/node/pull/65030,Pull Request,module: fail closed when reading package.json is denied,open,2026-08-05 01:17:33+00:00,2026-08-10 08:34:13+00:00,,13.98,13.98,8.67,0,2,c++ | needs-ci,0,0,0,NONE,2323,55,2,8,1,0,0,0,0,119012,36525,1490,119012,1537562,0.0,0.0,Low,Keep In Normal Delivery Rhythm.
Cloud Native Platform Reliability,Cloud Platform,kubernetes/kubernetes,141174,https://github.com/kubernetes/kubernetes/pull/141174,Pull Request,[WIP] node e2e: check the hugepage reporting identity on one sample,closed,2026-08-05 01:48:11+00:00,2026-08-05 02:50:15+00:00,2026-08-05 02:45:34+00:00,13.95,0.04,13.91,11,11,area/test | sig/node | size/M | release-note-none | approved | cncf-cla: yes | sig/testing | kind/failing-test | do-not-merge/work-in-progress | needs-priority | needs-triage,0,0,0,MEMBER,4053,67,2,8,1,0,1,1,0,124580,43868,2952,124580,1510698,0.0104,1.0,Low,Keep In Normal Delivery Rhythm.
Runtime Platform Stabilization,Runtime Engineering,nodejs/node,65031,https://github.com/nodejs/node/issues/65031,Issue,ffi: optimized fast pointer BigInts bypass range validation,closed,2026-08-05 01:59:00+00:00,2026-08-12 02:46:07+00:00,2026-08-12 02:46:07+00:00,13.95,7.03,6.91,0,1,ffi,1,0,0,MEMBER,1760,59,2,8,0,0,0,0,0,119012,36525,1490,119012,1537562,0.0,0.0,Low,Keep In Normal Delivery Rhythm.
Runtime Platform Stabilization,Runtime Engineering,nodejs/node,65032,https://github.com/nodejs/node/pull/65032,Pull Request,ffi: validate fast pointer BigInt argument ranges,closed,2026-08-05 02:00:28+00:00,2026-08-16 16:01:43+00:00,2026-08-12 02:46:06+00:00,13.95,7.03,2.36,5,3,c++ | needs-ci | ffi,0,0,0,MEMBER,289,49,2,8,1,0,0,0,0,119012,36525,1490,119012,1537562,0.0,0.0,Low,Keep In Normal Delivery Rhythm.
Runtime Platform Stabilization,Runtime Engineering,nodejs/node,65033,https://github.com/nodejs/node/issues/65033,Issue,Review requested:,closed,2026-08-05 02:29:47+00:00,2026-08-05 02:44:32+00:00,2026-08-05 02:44:32+00:00,13.93,0.01,13.92,0,0,,0,0,0,NONE,163,17,2,8,0,0,0,0,0,119012,36525,1490,119012,1537562,0.0,0.0,Low,Keep In Normal Delivery Rhythm.
Runtime Platform Stabilization,Runtime Engineering,nodejs/node,65034,https://github.com/nodejs/node/pull/65034,Pull Request,tools: remove TrustCor check from mk-ca-bundle,open,2026-08-05 03:11:41+00:00,2026-08-05 03:11:55+00:00,,13.9,13.9,13.9,0,3,tls | openssl | tools,0,0,0,MEMBER,187,46,2,8,0,0,0,0,0,119012,36525,1490,119012,1537562,0.0,0.0,Low,Keep In Normal Delivery Rhythm.
Cloud Native Platform Reliability,Cloud Platform,kubernetes/kubernetes,141175,https://github.com/kubernetes/kubernetes/pull/141175,Pull Request,"Rename ""cache_to_watcher"" to ""watcher_to_client_handler"" in watch event dispatch duration metrics",open,2026-08-05 04:11:04+00:00,2026-08-10 07:06:36+00:00,,13.86,13.86,8.73,6,10,kind/cleanup | area/apiserver | lgtm | sig/api-machinery | release-note | size/S | cncf-cla: yes | sig/instrumentation | needs-priority | triage/accepted,2,0,0,CONTRIBUTOR,3894,97,2,8,1,0,1,1,0,124580,43868,2952,124580,1510698,0.001,0.1,Low,Keep In Normal Delivery Rhythm.
Cloud Native Platform Reliability,Cloud Platform,kubernetes/kubernetes,141176,https://github.com/kubernetes/kubernetes/pull/141176,Pull Request,Refactor watch event dispatch metric stage breakdown,open,2026-08-05 04:52:22+00:00,2026-08-18 20:12:49+00:00,,13.83,13.83,0.19,4,9,kind/cleanup | area/apiserver | sig/api-machinery | size/L | release-note-none | cncf-cla: yes | sig/instrumentation | needs-priority | triage/accepted,1,0,0,CONTRIBUTOR,3089,52,2,8,1,0,1,1,0,124580,43868,2952,124580,1510698,0.0003,0.0,Low,Keep In Normal Delivery Rhythm.
Cloud Native Platform Reliability,Cloud Platform,kubernetes/kubernetes,141177,https://github.com/kubernetes/kubernetes/pull/141177,Pull Request,apimachinery: fix managedfields.ExtractInto nil panic when fieldset leaves are absent from live object,open,2026-08-05 05:31:28+00:00,2026-08-05 13:03:47+00:00,,13.8,13.8,13.49,6,8,sig/api-machinery | release-note | size/M | cncf-cla: yes | needs-ok-to-test | needs-priority | needs-triage | do-not-merge/needs-kind,0,0,0,NONE,1937,102,2,8,1,0,1,1,0,124580,43868,2952,124580,1510698,0.0001,0.0,Low,Keep In Normal Delivery Rhythm.
Runtime Platform Stabilization,Runtime Engineering,nodejs/node,65035,https://github.com/nodejs/node/issues/65035,Issue,"During OpenSSL callbacks, calling OpenSSL functions is unsafe",open,2026-08-05 06:11:02+00:00,2026-08-07 14:46:14+00:00,,13.77,13.77,11.41,8,0,,0,0,0,NONE,9499,61,2,8,0,0,0,0,0,119012,36525,1490,119012,1537562,0.0001,0.0,Low,Keep In Normal Delivery Rhythm.
Runtime Platform Stabilization,Runtime Engineering,nodejs/node,65036,https://github.com/nodejs/node/pull/65036,Pull Request,typings: add credentials internal binding types,closed,2026-08-05 06:24:41+00:00,2026-08-12 09:51:25+00:00,2026-08-12 09:51:22+00:00,13.76,7.14,6.62,4,3,author ready | typings | commit-queue-squash,0,0,0,CONTRIBUTOR,511,47,2,8,0,0,0,0,0,119012,36525,1490,119012,1537562,0.0,0.0,Low,Keep In Normal Delivery Rhythm.
Runtime Platform Stabilization,Runtime Engineering,nodejs/node,65037,https://github.com/nodejs/node/issues/65037,Issue,"test_runner: `--watch` with `--test-isolation=none` reruns every test file, not the affected one",open,2026-08-05 06:34:15+00:00,2026-08-05 17:30:26+00:00,,13.76,13.76,13.3,0,0,,0,0,0,NONE,4169,96,2,8,0,0,0,0,0,119012,36525,1490,119012,1537562,0.0,0.0,Low,Keep In Normal Delivery Rhythm.
Runtime Platform Stabilization,Runtime Engineering,nodejs/node,65038,https://github.com/nodejs/node/pull/65038,Pull Request,doc: note that watch mode reruns all files with isolation none,open,2026-08-05 06:36:19+00:00,2026-08-05 06:38:35+00:00,,13.75,13.75,13.75,1,2,doc | test_runner,0,0,0,NONE,951,62,2,8,0,0,0,0,0,119012,36525,1490,119012,1537562,0.0,0.0,Low,Keep In Normal Delivery Rhythm.
Cloud Native Platform Reliability,Cloud Platform,kubernetes/kubernetes,141178,https://github.com/kubernetes/kubernetes/issues/141178,Issue,[Flake][sig-api-machinery]k8s.io/apiextensions-apiserver/test/integration.conversion,open,2026-08-05 06:58:51+00:00,2026-08-05 12:41:11+00:00,,13.74,13.74,13.5,3,3,sig/api-machinery | kind/flake | needs-triage,0,0,0,NONE,2175,84,2,8,1,0,0,1,0,124580,43868,2952,124580,1510698,0.0,0.0,Low,Keep In Normal Delivery Rhythm.
Cloud Native Platform Reliability,Cloud Platform,kubernetes/kubernetes,141202,https://github.com/kubernetes/kubernetes/issues/141202,Issue,"K8s v1.35.6 - [CVE-2026-46595] unfixed on AKS 1.35.6 shipping images: azure-cns v1.8.6-0, tigera/operator v1.40.2, calico v3.31.2 (golang.org/x/crypto < 0.52.0)",closed,2026-08-05 07:02:30+00:00,2026-08-05 17:38:12+00:00,2026-08-05 17:38:11+00:00,13.74,0.44,13.29,6,3,kind/support | needs-sig | needs-triage,0,0,0,NONE,4391,160,2,8,1,0,0,1,0,124580,43868,2952,124580,1510698,0.0013,0.1,Low,Keep In Normal Delivery Rhythm.
Cloud Native Platform Reliability,Cloud Platform,kubernetes/kubernetes,141179,https://github.com/kubernetes/kubernetes/pull/141179,Pull Request,Fix startup probe not gating liveness/readiness probes after containe…,closed,2026-08-05 07:37:38+00:00,2026-08-14 01:11:41+00:00,2026-08-14 01:11:41+00:00,13.71,8.73,4.98,17,11,kind/bug | area/test | priority/important-soon | area/kubelet | sig/node | release-note | size/L | cncf-cla: yes | sig/testing | ok-to-test | triage/accepted,0,0,0,NONE,4713,70,2,8,0,1,1,1,0,124580,43868,2952,124580,1510698,0.0092,0.9,Low,Keep In Normal Delivery Rhythm.
Cloud Native Platform Reliability,Cloud Platform,kubernetes/kubernetes,141180,https://github.com/kubernetes/kubernetes/issues/141180,Issue,[Flaking Test] ci-kubernetes-integration-arm64-master:[sig-instrumentation] k8s.io/kubernetes/test/integration.events,open,2026-08-05 07:46:07+00:00,2026-08-05 13:31:51+00:00,,13.71,13.71,13.47,8,3,kind/flake | sig/instrumentation | needs-triage,1,0,0,NONE,1579,117,2,8,1,0,0,1,0,124580,43868,2952,124580,1510698,0.0002,0.0,Low,Keep In Normal Delivery Rhythm.
Cloud Native Platform Reliability,Cloud Platform,kubernetes/kubernetes,141181,https://github.com/kubernetes/kubernetes/pull/141181,Pull Request,Do not rely on Quantity.Value() overflow to detect sign or unset limits,open,2026-08-05 07:49:16+00:00,2026-08-13 07:29:56+00:00,,13.7,13.7,5.72,12,12,kind/bug | priority/important-soon | area/kubelet | lgtm | sig/storage | sig/node | release-note | size/S | approved | cncf-cla: yes | ok-to-test | triage/accepted,3,0,0,CONTRIBUTOR,3623,71,2,8,0,1,1,1,0,124580,43868,2952,124580,1510698,0.0095,0.9,Low,Keep In Normal Delivery Rhythm.
Cloud Native Platform Reliability,Cloud Platform,kubernetes/kubernetes,141182,https://github.com/kubernetes/kubernetes/pull/141182,Pull Request,Remove Permit support from GangScheduling plugin,open,2026-08-05 08:06:27+00:00,2026-08-18 15:04:34+00:00,,13.69,13.69,0.4,13,9,kind/cleanup | sig/scheduling | lgtm | release-note | size/XXL | approved | cncf-cla: yes | needs-priority | needs-triage,2,0,0,MEMBER,5001,48,2,8,1,0,1,1,0,124580,43868,2952,124580,1510698,0.0009,0.1,Low,Keep In Normal Delivery Rhythm.
Cloud Native Platform Reliability,Cloud Platform,kubernetes/kubernetes,141183,https://github.com/kubernetes/kubernetes/pull/141183,Pull Request,kubelet: fix volumemanager SELinux metrics filename typo,open,2026-08-05 08:22:30+00:00,2026-08-05 11:36:16+00:00,,13.68,13.68,13.55,8,10,area/kubelet | kind/cleanup | lgtm | sig/node | size/XS | release-note-none | cncf-cla: yes | ok-to-test | needs-priority | needs-triage,1,0,0,NONE,644,56,2,8,1,0,1,1,0,124580,43868,2952,124580,1510698,0.001,0.1,Low,Keep In Normal Delivery Rhythm.
Cloud Native Platform Reliability,Cloud Platform,kubernetes/kubernetes,141184,https://github.com/kubernetes/kubernetes/pull/141184,Pull Request,kubelet: clarify devicemanager test config readiness,open,2026-08-05 08:22:34+00:00,2026-08-05 11:08:40+00:00,,13.68,13.68,13.57,5,9,area/kubelet | kind/cleanup | sig/node | size/XS | release-note-none | cncf-cla: yes | needs-ok-to-test | needs-priority | needs-triage,0,0,0,NONE,657,52,2,8,1,0,1,1,0,124580,43868,2952,124580,1510698,0.0011,0.1,Low,Keep In Normal Delivery Rhythm.
Runtime Platform Stabilization,Runtime Engineering,nodejs/node,65039,https://github.com/nodejs/node/pull/65039,Pull Request,src: reuse cached env strings in remaining files,closed,2026-08-05 08:35:30+00:00,2026-08-08 15:54:23+00:00,2026-08-08 15:54:22+00:00,13.67,3.3,10.37,7,3,c++ | author ready | needs-ci,0,0,0,CONTRIBUTOR,351,48,2,8,1,0,0,0,0,119012,36525,1490,119012,1537562,0.0,0.0,Low,Keep In Normal Delivery Rhythm.
Runtime Platform Stabilization,Runtime Engineering,nodejs/node,65040,https://github.com/nodejs/node/pull/65040,Pull Request,[v24.x backport] src: keep global list of addon-provided cleanup hooks,closed,2026-08-05 08:48:41+00:00,2026-08-05 08:59:45+00:00,2026-08-05 08:59:12+00:00,13.66,0.01,13.65,0,3,c++ | needs-ci | v24.x,0,0,0,NONE,599,70,2,8,1,0,0,0,0,119012,36525,1490,119012,1537562,0.0,0.0,Low,Keep In Normal Delivery Rhythm.
Runtime Platform Stabilization,Runtime Engineering,nodejs/node,65041,https://github.com/nodejs/node/pull/65041,Pull Request,sqlite: clear SQLTagStore bindings,closed,2026-08-05 08:48:57+00:00,2026-08-07 09:16:52+00:00,2026-08-07 09:16:51+00:00,13.66,2.02,11.64,4,4,c++ | author ready | needs-ci | sqlite,0,0,0,MEMBER,2186,34,2,8,1,0,0,0,0,119012,36525,1490,119012,1537562,0.0,0.0,Low,Keep In Normal Delivery Rhythm.
Runtime Platform Stabilization,Runtime Engineering,nodejs/node,65042,https://github.com/nodejs/node/pull/65042,Pull Request,[v24.x backport] src: keep global list of addon-provided cleanup hooks,open,2026-08-05 09:03:40+00:00,2026-08-13 09:28:13+00:00,,13.65,13.65,5.63,3,4,c++ | blocked | needs-ci | v24.x,0,0,0,NONE,599,70,2,8,1,0,0,0,0,119012,36525,1490,119012,1537562,0.0,0.0,Low,Keep In Normal Delivery Rhythm.
Cloud Native Platform Reliability,Cloud Platform,kubernetes/kubernetes,141185,https://github.com/kubernetes/kubernetes/pull/141185,Pull Request,kubelet: filter foreign pods from API updates,closed,2026-08-05 09:24:34+00:00,2026-08-05 15:33:33+00:00,2026-08-05 14:25:46+00:00,13.64,0.21,13.38,11,9,kind/bug | area/kubelet | sig/node | size/M | release-note-none | cncf-cla: yes | needs-ok-to-test | needs-priority | needs-triage,0,0,0,NONE,1344,45,2,8,1,1,1,1,0,124580,43868,2952,124580,1510698,0.0052,0.5,Low,Keep In Normal Delivery Rhythm.
Cloud Native Platform Reliability,Cloud Platform,kubernetes/kubernetes,141186,https://github.com/kubernetes/kubernetes/issues/141186,Issue,[Flaking Test] [sig-k8s-infra] ci-kubernetes-e2e-gci-gce-alpha-features kubetest.Timeout / TearDown / Test / Up [ci-kubernetes-e2e-gci-gce-alpha-features],open,2026-08-05 09:26:07+00:00,2026-08-18 19:42:31+00:00,,13.64,13.64,0.21,9,5,sig/node | kind/flake | sig/testing | needs-triage | sig/k8s-infra,0,0,0,CONTRIBUTOR,1440,154,2,8,1,0,0,1,0,124580,43868,2952,124580,1510698,0.0008,0.1,Low,Keep In Normal Delivery Rhythm.
Runtime Platform Stabilization,Runtime Engineering,nodejs/node,65043,https://github.com/nodejs/node/pull/65043,Pull Request,buffer: prevent string write offset overflow,open,2026-08-05 09:27:21+00:00,2026-08-16 10:27:35+00:00,,13.64,13.64,2.59,5,4,buffer | c++ | author ready | needs-ci,0,0,0,MEMBER,2161,44,2,8,1,0,0,0,0,119012,36525,1490,119012,1537562,0.0001,0.0,Low,Keep In Normal Delivery Rhythm.
Cloud Native Platform Reliability,Cloud Platform,kubernetes/kubernetes,141187,https://github.com/kubernetes/kubernetes/pull/141187,Pull Request,Clarify /flagz and /configz documentation in zpages,closed,2026-08-05 10:15:09+00:00,2026-08-05 14:35:49+00:00,2026-08-05 14:35:27+00:00,13.6,0.18,13.42,8,12,kind/documentation | area/apiserver | sig/api-machinery | sig/cluster-lifecycle | size/S | kind/api-change | release-note-none | cncf-cla: yes | sig/instrumentation | needs-ok-to-test | needs-priority | needs-triage,0,0,0,NONE,1027,51,2,8,1,0,1,1,0,124580,43868,2952,124580,1510698,0.0032,0.3,Low,Keep In Normal Delivery Rhythm.
Cloud Native Platform Reliability,Cloud Platform,kubernetes/kubernetes,141188,https://github.com/kubernetes/kubernetes/pull/141188,Pull Request,apimachinery/resource: fix Quantity doc for sub-milli suffixes,open,2026-08-05 11:02:14+00:00,2026-08-05 12:49:39+00:00,,13.57,13.57,13.5,8,10,kind/documentation | sig/api-machinery | size/XS | kind/api-change | release-note-none | cncf-cla: yes | needs-ok-to-test | area/code-generation | needs-priority | needs-triage,0,0,0,NONE,2625,62,2,8,1,0,1,1,0,124580,43868,2952,124580,1510698,0.0005,0.1,Low,Keep In Normal Delivery Rhythm.
Cloud Native Platform Reliability,Cloud Platform,kubernetes/kubernetes,141189,https://github.com/kubernetes/kubernetes/pull/141189,Pull Request,wip,closed,2026-08-05 11:02:33+00:00,2026-08-07 09:23:06+00:00,2026-08-07 09:23:06+00:00,13.57,1.93,11.64,7,8,size/XS | cncf-cla: yes | do-not-merge/release-note-label-needed | do-not-merge/work-in-progress | needs-priority | needs-triage | do-not-merge/needs-sig | do-not-merge/needs-kind,0,0,0,CONTRIBUTOR,58,3,2,8,1,0,1,1,0,124580,43868,2952,124580,1510698,0.0,0.0,Low,Keep In Normal Delivery Rhythm.
Cloud Native Platform Reliability,Cloud Platform,kubernetes/kubernetes,141190,https://github.com/kubernetes/kubernetes/pull/141190,Pull Request,pod-gc-controller: skip redundant delete calls for pods stuck on finalizers,open,2026-08-05 11:45:30+00:00,2026-08-06 15:32:20+00:00,,13.54,13.54,12.38,8,9,kind/bug | sig/scalability | size/L | sig/apps | cncf-cla: yes | needs-ok-to-test | do-not-merge/release-note-label-needed | needs-priority | needs-triage,0,0,0,CONTRIBUTOR,2379,75,2,8,1,1,1,1,0,124580,43868,2952,124580,1510698,0.0001,0.0,Low,Keep In Normal Delivery Rhythm.
Cloud Native Platform Reliability,Cloud Platform,kubernetes/kubernetes,141191,https://github.com/kubernetes/kubernetes/pull/141191,Pull Request,e2e: respect driver min size in group snapshot tests,open,2026-08-05 12:27:16+00:00,2026-08-12 08:33:01+00:00,,13.51,13.51,6.67,7,10,kind/bug | area/test | sig/storage | size/S | release-note-none | cncf-cla: yes | sig/testing | ok-to-test | needs-priority | needs-triage,0,0,0,NONE,822,52,2,8,1,1,1,1,0,124580,43868,2952,124580,1510698,0.0023,0.2,Low,Keep In Normal Delivery Rhythm.
Runtime Platform Stabilization,Runtime Engineering,nodejs/node,65044,https://github.com/nodejs/node/issues/65044,Issue,watch mode triggers unsolicided messages to Workers,open,2026-08-05 12:41:15+00:00,2026-08-05 14:53:40+00:00,,13.5,13.5,13.41,1,0,,0,0,0,NONE,2318,51,2,8,0,0,0,0,0,119012,36525,1490,119012,1537562,0.0,0.0,Low,Keep In Normal Delivery Rhythm.
Runtime Platform Stabilization,Runtime Engineering,nodejs/node,65045,https://github.com/nodejs/node/pull/65045,Pull Request,doc: fix broken fs.BigIntStats link in vfs.md,closed,2026-08-05 12:49:32+00:00,2026-08-12 13:38:45+00:00,2026-08-12 13:38:42+00:00,13.5,7.03,6.46,1,3,doc | author ready | vfs,0,0,0,CONTRIBUTOR,257,45,2,8,0,0,0,0,0,119012,36525,1490,119012,1537562,0.0,0.0,Low,Keep In Normal Delivery Rhythm.
Runtime Platform Stabilization,Runtime Engineering,nodejs/node,65046,https://github.com/nodejs/node/pull/65046,Pull Request,stream: use validateBuffer for BYOB reader view,closed,2026-08-05 12:51:50+00:00,2026-08-13 07:29:22+00:00,2026-08-13 07:29:18+00:00,13.49,7.78,5.72,7,3,author ready | needs-ci | web streams,0,0,0,CONTRIBUTOR,458,47,2,8,1,0,0,0,0,119012,36525,1490,119012,1537562,0.0,0.0,Low,Keep In Normal Delivery Rhythm.
Runtime Platform Stabilization,Runtime Engineering,nodejs/node,65047,https://github.com/nodejs/node/pull/65047,Pull Request,doc: add missing ESM examples to DEP0202 and DEP0207,open,2026-08-05 13:01:42+00:00,2026-08-11 21:44:50+00:00,,13.49,13.49,7.12,1,2,doc | deprecations,0,0,0,NONE,163,52,2,8,0,0,0,0,0,119012,36525,1490,119012,1537562,0.0,0.0,Low,Keep In Normal Delivery Rhythm.
Runtime Platform Stabilization,Runtime Engineering,nodejs/node,65048,https://github.com/nodejs/node/pull/65048,Pull Request,meta: add Aviv Keller to `.mailmap`,closed,2026-08-05 13:37:30+00:00,2026-08-07 14:01:21+00:00,2026-08-07 14:01:20+00:00,13.46,2.02,11.45,1,2,meta | author ready,0,0,0,MEMBER,37,35,2,8,0,0,0,0,0,119012,36525,1490,119012,1537562,0.0,0.0,Low,Keep In Normal Delivery Rhythm.
Cloud Native Platform Reliability,Cloud Platform,kubernetes/kubernetes,141192,https://github.com/kubernetes/kubernetes/issues/141192,Issue,Watch cache shrinks before burst scale-up,open,2026-08-05 13:37:52+00:00,2026-08-06 03:29:12+00:00,,13.46,13.46,12.88,2,3,kind/bug | sig/api-machinery | needs-triage,1,0,0,CONTRIBUTOR,3626,41,2,8,1,1,0,1,0,124580,43868,2952,124580,1510698,0.0008,0.1,Low,Keep In Normal Delivery Rhythm.
Cloud Native Platform Reliability,Cloud Platform,kubernetes/kubernetes,141193,https://github.com/kubernetes/kubernetes/issues/141193,Issue,Security implications of named ports in NetworkPolicy,open,2026-08-05 13:45:48+00:00,2026-08-13 14:23:40+00:00,,13.46,13.46,5.43,5,2,sig/network | needs-triage,0,0,0,NONE,1491,53,2,8,1,0,0,1,0,124580,43868,2952,124580,1510698,0.0001,0.0,Low,Keep In Normal Delivery Rhythm.
Cloud Native Platform Reliability,Cloud Platform,kubernetes/kubernetes,141194,https://github.com/kubernetes/kubernetes/pull/141194,Pull Request,test(events): log event details on TestEventCompatibility failure,closed,2026-08-05 13:47:55+00:00,2026-08-18 13:31:08+00:00,2026-08-18 13:31:08+00:00,13.45,12.99,0.47,8,11,area/test | priority/important-soon | lgtm | size/S | kind/flake | release-note-none | approved | cncf-cla: yes | sig/instrumentation | sig/testing | triage/accepted,1,1,0,MEMBER,3539,65,2,8,0,0,1,1,0,124580,43868,2952,124580,1510698,0.0,0.0,Low,Keep In Normal Delivery Rhythm.
Cloud Native Platform Reliability,Cloud Platform,kubernetes/kubernetes,141195,https://github.com/kubernetes/kubernetes/pull/141195,Pull Request,shrink watch cache hysteretically,open,2026-08-05 14:13:20+00:00,2026-08-06 03:39:57+00:00,,13.44,13.44,12.88,3,8,kind/bug | area/apiserver | sig/api-machinery | size/L | release-note-none | cncf-cla: yes | needs-priority | needs-triage,0,0,0,CONTRIBUTOR,1172,33,2,8,1,1,1,1,0,124580,43868,2952,124580,1510698,0.0001,0.0,Low,Keep In Normal Delivery Rhythm.
Cloud Native Platform Reliability,Cloud Platform,kubernetes/kubernetes,141196,https://github.com/kubernetes/kubernetes/issues/141196,Issue,CPU Manager strict reservation can leave an empty default CPUSet,open,2026-08-05 14:27:24+00:00,2026-08-05 14:34:56+00:00,,13.43,13.43,13.42,3,3,kind/bug | sig/node | triage/accepted,1,0,0,CONTRIBUTOR,3712,64,2,8,0,1,0,1,0,124580,43868,2952,124580,1510698,0.0002,0.0,Low,Keep In Normal Delivery Rhythm.
Cloud Native Platform Reliability,Cloud Platform,kubernetes/kubernetes,141197,https://github.com/kubernetes/kubernetes/pull/141197,Pull Request,kubelet: prevent strict CPU reservation from emptying shared pool,open,2026-08-05 14:41:47+00:00,2026-08-05 15:35:11+00:00,,13.42,13.42,13.38,4,8,kind/bug | area/kubelet | sig/node | release-note | size/M | cncf-cla: yes | needs-priority | needs-triage,0,0,0,CONTRIBUTOR,1238,65,2,8,1,1,1,1,0,124580,43868,2952,124580,1510698,0.0,0.0,Low,Keep In Normal Delivery Rhythm.
Runtime Platform Stabilization,Runtime Engineering,nodejs/node,65049,https://github.com/nodejs/node/pull/65049,Pull Request,worker: don't leak watch messages to listeners,open,2026-08-05 14:53:06+00:00,2026-08-10 08:33:54+00:00,,13.41,13.41,8.67,1,2,worker | needs-ci,0,0,0,CONTRIBUTOR,847,46,2,8,1,0,0,0,0,119012,36525,1490,119012,1537562,0.0,0.0,Low,Keep In Normal Delivery Rhythm.
Runtime Platform Stabilization,Runtime Engineering,nodejs/node,65050,https://github.com/nodejs/node/issues/65050,Issue,ffi reuses mutated temporary string buffer without restoring its contents,closed,2026-08-05 14:57:41+00:00,2026-08-14 01:54:42+00:00,2026-08-14 01:54:42+00:00,13.41,8.46,4.95,1,1,ffi,1,0,0,MEMBER,1305,73,2,8,0,0,0,0,0,119012,36525,1490,119012,1537562,0.0,0.0,Low,Keep In Normal Delivery Rhythm.
Runtime Platform Stabilization,Runtime Engineering,nodejs/node,65051,https://github.com/nodejs/node/pull/65051,Pull Request,ffi: refresh cached string buffers on every call,closed,2026-08-05 15:00:52+00:00,2026-08-16 16:01:36+00:00,2026-08-14 01:54:41+00:00,13.4,8.45,2.36,10,3,needs-ci | commit-queue-squash | ffi,0,0,0,MEMBER,295,48,2,8,1,0,0,0,0,119012,36525,1490,119012,1537562,0.0,0.0,Low,Keep In Normal Delivery Rhythm.
Cloud Native Platform Reliability,Cloud Platform,kubernetes/kubernetes,141198,https://github.com/kubernetes/kubernetes/issues/141198,Issue,"[Flaking Test] [sig-apps] Deployment should not disrupt a cloud load-balancer's connectivity during rollout [Provider:aws,azure,gce]",open,2026-08-05 15:41:37+00:00,2026-08-05 15:42:17+00:00,,13.38,13.38,13.38,2,3,kind/flake | sig/apps | needs-triage,0,0,0,MEMBER,1835,132,2,8,1,0,0,1,0,124580,43868,2952,124580,1510698,0.0,0.0,Low,Keep In Normal Delivery Rhythm.
Cloud Native Platform Reliability,Cloud Platform,kubernetes/kubernetes,141199,https://github.com/kubernetes/kubernetes/pull/141199,Pull Request,Add AI usage disclosure to the pull request template,open,2026-08-05 15:53:52+00:00,2026-08-15 02:01:01+00:00,,13.37,13.37,3.95,15,9,kind/documentation | lgtm | size/S | sig/contributor-experience | release-note-none | approved | cncf-cla: yes | needs-priority | needs-triage,7,0,0,CONTRIBUTOR,3485,52,2,8,1,0,1,1,0,124580,43868,2952,124580,1510698,0.0044,0.4,Low,Keep In Normal Delivery Rhythm.
Cloud Native Platform Reliability,Cloud Platform,kubernetes/kubernetes,141200,https://github.com/kubernetes/kubernetes/issues/141200,Issue,"[Flaking Test] [sig-node] [Feature:GPUDevicePlugin] Sanity test using nvidia-smi [Provider:aws,gce] should run nvidia-smi and cuda-demo-suite [Serial]",open,2026-08-05 15:54:52+00:00,2026-08-05 17:22:25+00:00,,13.37,13.37,13.31,3,3,sig/node | kind/flake | needs-triage,0,0,0,MEMBER,12527,150,2,8,1,0,0,1,0,124580,43868,2952,124580,1510698,0.0005,0.1,Low,Keep In Normal Delivery Rhythm.
Runtime Platform Stabilization,Runtime Engineering,nodejs/node,65052,https://github.com/nodejs/node/issues/65052,Issue,`SIGTERM` killing an invalid `node:child_process` spawn terminates main process,open,2026-08-05 16:20:34+00:00,2026-08-06 20:46:52+00:00,,13.35,13.35,12.16,2,0,,0,0,0,NONE,1595,79,2,8,0,0,0,0,0,119012,36525,1490,119012,1537562,0.0,0.0,Low,Keep In Normal Delivery Rhythm.
Cloud Native Platform Reliability,Cloud Platform,kubernetes/kubernetes,141201,https://github.com/kubernetes/kubernetes/pull/141201,Pull Request,Add regression test for Scale(MinInt32).infScale() sign edge case,open,2026-08-05 16:24:57+00:00,2026-08-05 16:26:05+00:00,,13.35,13.35,13.34,4,9,kind/cleanup | sig/api-machinery | size/S | kind/flake | release-note-none | cncf-cla: yes | needs-ok-to-test | needs-priority | needs-triage,0,0,0,NONE,1232,65,2,8,1,0,1,1,0,124580,43868,2952,124580,1510698,0.0004,0.0,Low,Keep In Normal Delivery Rhythm.
Runtime Platform Stabilization,Runtime Engineering,nodejs/node,65053,https://github.com/nodejs/node/pull/65053,Pull Request,doc: update `node.1` to fix linter,closed,2026-08-05 16:30:20+00:00,2026-08-05 21:53:36+00:00,2026-08-05 20:04:25+00:00,13.34,0.15,13.12,2,3,doc | fast-track | author ready,0,0,0,CONTRIBUTOR,2105,34,2,8,0,0,0,0,0,119012,36525,1490,119012,1537562,0.0,0.0,Low,Keep In Normal Delivery Rhythm.
Runtime Platform Stabilization,Runtime Engineering,nodejs/node,65054,https://github.com/nodejs/node/pull/65054,Pull Request,src: don't kill own process group on failed spawn,open,2026-08-05 16:34:50+00:00,2026-08-05 18:50:19+00:00,,13.34,13.34,13.24,0,3,child_process | c++ | needs-ci,0,0,0,CONTRIBUTOR,1597,49,2,8,1,0,0,0,0,119012,36525,1490,119012,1537562,0.0,0.0,Low,Keep In Normal Delivery Rhythm.
Runtime Platform Stabilization,Runtime Engineering,nodejs/node,65055,https://github.com/nodejs/node/issues/65055,Issue,doc(cli-flag): missing perfetto,closed,2026-08-05 17:17:45+00:00,2026-08-05 18:05:53+00:00,2026-08-05 18:05:53+00:00,13.31,0.03,13.28,2,1,doc,0,0,0,MEMBER,169,31,2,8,0,0,0,0,0,119012,36525,1490,119012,1537562,0.0,0.0,Low,Keep In Normal Delivery Rhythm.
Runtime Platform Stabilization,Runtime Engineering,nodejs/node,65056,https://github.com/nodejs/node/pull/65056,Pull Request,doc: document the --with-perfetto build flag,closed,2026-08-05 17:49:08+00:00,2026-08-08 09:58:14+00:00,2026-08-08 09:58:14+00:00,13.29,2.67,10.61,5,6,doc | build | author ready | commit-queue-squash | dont-land-on-v22.x | dont-land-on-v24.x,0,0,0,CONTRIBUTOR,571,44,2,8,0,0,0,0,0,119012,36525,1490,119012,1537562,0.0,0.0,Low,Keep In Normal Delivery Rhythm.
Cloud Native Platform Reliability,Cloud Platform,kubernetes/kubernetes,141203,https://github.com/kubernetes/kubernetes/pull/141203,Pull Request,Reject decimal exponents that do not fit the int32 scale,open,2026-08-05 18:22:34+00:00,2026-08-07 23:23:01+00:00,,13.26,13.26,11.06,6,8,kind/bug | kind/cleanup | sig/api-machinery | release-note | size/M | cncf-cla: yes | needs-priority | needs-triage,0,0,0,MEMBER,2736,56,2,8,1,1,1,1,0,124580,43868,2952,124580,1510698,0.0003,0.0,Low,Keep In Normal Delivery Rhythm.
Cloud Native Platform Reliability,Cloud Platform,kubernetes/kubernetes,141204,https://github.com/kubernetes/kubernetes/pull/141204,Pull Request,Accept flexible fractional-second precision when parsing MicroTime,open,2026-08-05 18:53:08+00:00,2026-08-05 18:54:11+00:00,,13.24,13.24,13.24,4,9,kind/bug | release-note | size/M | kind/api-change | cncf-cla: yes | needs-ok-to-test | needs-priority | needs-triage | do-not-merge/needs-sig,0,0,0,NONE,2480,66,2,8,1,1,1,1,0,124580,43868,2952,124580,1510698,0.0036,0.4,Low,Keep In Normal Delivery Rhythm.
Cloud Native Platform Reliability,Cloud Platform,kubernetes/kubernetes,141205,https://github.com/kubernetes/kubernetes/pull/141205,Pull Request,kubelet: add image and pull_policy labels to image pull duration metric,open,2026-08-05 19:15:17+00:00,2026-08-05 19:16:43+00:00,,13.23,13.23,13.23,5,10,area/kubelet | sig/node | release-note | size/L | kind/feature | cncf-cla: yes | sig/instrumentation | needs-ok-to-test | needs-priority | needs-triage,0,0,0,NONE,1839,71,2,8,1,0,1,1,0,124580,43868,2952,124580,1510698,0.0007,0.1,Low,Keep In Normal Delivery Rhythm.
Runtime Platform Stabilization,Runtime Engineering,nodejs/node,65057,https://github.com/nodejs/node/issues/65057,Issue,NODE_PENDING_PIPE_INSTANCES causes 0xC0000005 crash on Windows when a named-pipe listen() loses a bind race (EADDRINUSE),open,2026-08-05 19:42:16+00:00,2026-08-07 14:39:29+00:00,,13.21,13.21,11.42,3,0,,0,0,0,NONE,3891,120,2,8,0,0,0,0,0,119012,36525,1490,119012,1537562,0.0002,0.0,Low,Keep In Normal Delivery Rhythm.
Cloud Native Platform Reliability,Cloud Platform,kubernetes/kubernetes,141206,https://github.com/kubernetes/kubernetes/issues/141206,Issue,kubelet: allocation manager checkpoint failure handling leads to state desynchronization and ghost pod allocations,open,2026-08-05 19:58:40+00:00,2026-08-05 20:00:17+00:00,,13.2,13.2,13.2,3,2,sig/node | needs-triage,1,0,0,NONE,4544,114,2,8,1,0,0,1,0,124580,43868,2952,124580,1510698,0.0009,0.1,Low,Keep In Normal Delivery Rhythm.
Cloud Native Platform Reliability,Cloud Platform,kubernetes/kubernetes,141207,https://github.com/kubernetes/kubernetes/pull/141207,Pull Request,Remove locked GA feature gates CustomResourceFieldSelectors and CRDValidationRatcheting,open,2026-08-05 20:35:22+00:00,2026-08-18 20:11:36+00:00,,13.17,13.17,0.19,4,10,area/test | kind/cleanup | sig/api-machinery | release-note | size/XXL | kind/api-change | cncf-cla: yes | sig/testing | needs-priority | triage/accepted,0,0,0,MEMBER,629,87,2,8,1,0,1,1,0,124580,43868,2952,124580,1510698,0.0004,0.0,Low,Keep In Normal Delivery Rhythm.
Cloud Native Platform Reliability,Cloud Platform,kubernetes/kubernetes,141208,https://github.com/kubernetes/kubernetes/pull/141208,Pull Request,Remove apidiscovery.k8s.io/v2beta1,open,2026-08-05 21:04:44+00:00,2026-08-18 20:10:28+00:00,,13.15,13.15,0.19,3,10,kind/cleanup | area/apiserver | sig/api-machinery | release-note | size/XXL | kind/api-change | cncf-cla: yes | area/code-generation | needs-priority | triage/accepted,0,0,0,MEMBER,682,34,2,8,1,0,1,1,0,124580,43868,2952,124580,1510698,0.0002,0.0,Low,Keep In Normal Delivery Rhythm.
Runtime Platform Stabilization,Runtime Engineering,nodejs/node,65058,https://github.com/nodejs/node/issues/65058,Issue,TTY detection foreground/background color,open,2026-08-05 21:31:52+00:00,2026-08-09 02:24:50+00:00,,13.13,13.13,9.93,9,1,feature request,0,0,0,NONE,1238,41,2,8,0,0,0,0,0,119012,36525,1490,119012,1537562,0.0,0.0,Low,Keep In Normal Delivery Rhythm.
Cloud Native Platform Reliability,Cloud Platform,kubernetes/kubernetes,141209,https://github.com/kubernetes/kubernetes/pull/141209,Pull Request,disable PodLevelResourceManagers by default since there are critical …,closed,2026-08-05 22:08:00+00:00,2026-08-06 19:32:00+00:00,2026-08-05 23:18:33+00:00,13.11,0.05,12.22,10,9,kind/bug | lgtm | sig/node | release-note | size/XS | approved | cncf-cla: yes | needs-priority | needs-triage,1,1,0,MEMBER,696,70,2,8,1,1,1,1,0,124580,43868,2952,124580,1510698,0.0001,0.0,Low,Keep In Normal Delivery Rhythm.
Runtime Platform Stabilization,Runtime Engineering,nodejs/node,65059,https://github.com/nodejs/node/pull/65059,Pull Request,tools: add more automation for labeling,closed,2026-08-05 22:18:50+00:00,2026-08-15 21:21:12+00:00,2026-08-15 21:21:12+00:00,13.1,9.96,3.14,5,2,meta | tools,0,0,0,MEMBER,1166,39,2,8,0,0,0,0,0,119012,36525,1490,119012,1537562,0.0,0.0,Low,Keep In Normal Delivery Rhythm.
Runtime Platform Stabilization,Runtime Engineering,nodejs/node,65060,https://github.com/nodejs/node/issues/65060,Issue,"Windows: fs calls abort the process on a path containing U+10FFFF (libuv assert, fixed in libuv 1.52.0 but not in v22/v25)",open,2026-08-05 23:18:18+00:00,2026-08-06 02:51:25+00:00,,13.06,13.06,12.91,2,0,,0,0,0,NONE,3342,122,2,8,0,0,0,0,0,119012,36525,1490,119012,1537562,0.0,0.0,Low,Keep In Normal Delivery Rhythm.
Runtime Platform Stabilization,Runtime Engineering,nodejs/node,65061,https://github.com/nodejs/node/pull/65061,Pull Request,vm: preserve global function declaration restrictions,open,2026-08-05 23:34:43+00:00,2026-08-07 18:03:08+00:00,,13.05,13.05,11.28,2,3,c++ | vm | needs-ci,0,0,0,NONE,563,53,2,8,1,0,0,0,0,119012,36525,1490,119012,1537562,0.0,0.0,Low,Keep In Normal Delivery Rhythm.
Runtime Platform Stabilization,Runtime Engineering,nodejs/node,65062,https://github.com/nodejs/node/pull/65062,Pull Request,vfs: fix path returned by recursive mkdir,open,2026-08-05 23:45:15+00:00,2026-08-10 17:44:43+00:00,,13.04,13.04,8.29,1,2,needs-ci | vfs,0,0,0,MEMBER,2520,41,2,8,1,0,0,0,0,119012,36525,1490,119012,1537562,0.0001,0.0,Low,Keep In Normal Delivery Rhythm.
Cloud Native Platform Reliability,Cloud Platform,kubernetes/kubernetes,141210,https://github.com/kubernetes/kubernetes/issues/141210,Issue,Non deterministic pod ordering with PodsByCreationTime,open,2026-08-06 01:14:11+00:00,2026-08-06 12:23:10+00:00,,12.98,12.98,12.51,3,3,kind/bug | sig/node | needs-triage,1,0,0,CONTRIBUTOR,1176,54,3,8,1,1,0,1,0,124580,43868,2952,124580,1510698,0.0,0.0,Low,Keep In Normal Delivery Rhythm.
Cloud Native Platform Reliability,Cloud Platform,kubernetes/kubernetes,141211,https://github.com/kubernetes/kubernetes/pull/141211,Pull Request,Add UID tie-breaker to PodsByCreationTime sort,open,2026-08-06 01:17:27+00:00,2026-08-14 16:12:14+00:00,,12.98,12.98,4.35,8,8,kind/bug | area/kubelet | sig/node | size/M | release-note-none | cncf-cla: yes | needs-priority | needs-triage,0,0,0,CONTRIBUTOR,880,46,3,8,1,1,1,1,0,124580,43868,2952,124580,1510698,0.0009,0.1,Low,Keep In Normal Delivery Rhythm.
Runtime Platform Stabilization,Runtime Engineering,nodejs/node,65063,https://github.com/nodejs/node/issues/65063,Issue,`stream.pipeline()` leaks file descriptors when it throws synchronously (ERR_STREAM_UNABLE_TO_PIPE),open,2026-08-06 01:48:01+00:00,2026-08-06 01:48:42+00:00,,12.95,12.95,12.95,0,0,,0,0,0,CONTRIBUTOR,5873,99,3,8,0,0,0,0,0,119012,36525,1490,119012,1537562,0.0,0.0,Low,Keep In Normal Delivery Rhythm.
Runtime Platform Stabilization,Runtime Engineering,nodejs/node,65064,https://github.com/nodejs/node/pull/65064,Pull Request,stream: clean up when pipeline throws synchronously,open,2026-08-06 01:50:13+00:00,2026-08-08 05:13:52+00:00,,12.95,12.95,10.81,4,3,stream | needs-ci | request-ci,0,0,0,CONTRIBUTOR,2583,51,3,8,1,0,0,0,0,119012,36525,1490,119012,1537562,0.0,0.0,Low,Keep In Normal Delivery Rhythm.
Runtime Platform Stabilization,Runtime Engineering,nodejs/node,65065,https://github.com/nodejs/node/pull/65065,Pull Request,fs: do not call Dir read callback twice,open,2026-08-06 02:05:38+00:00,2026-08-10 08:33:13+00:00,,12.94,12.94,8.67,0,2,fs | needs-ci,0,0,0,CONTRIBUTOR,3130,39,3,8,1,0,0,0,0,119012,36525,1490,119012,1537562,0.0,0.0,Low,Keep In Normal Delivery Rhythm.
Runtime Platform Stabilization,Runtime Engineering,nodejs/node,65066,https://github.com/nodejs/node/pull/65066,Pull Request,http: fix keylog listener setup on existing agent sockets,closed,2026-08-06 02:20:31+00:00,2026-08-17 19:02:01+00:00,2026-08-17 19:01:56+00:00,12.93,11.7,1.24,6,3,http | author ready | needs-ci,0,0,0,CONTRIBUTOR,3094,57,3,8,1,0,0,0,0,119012,36525,1490,119012,1537562,0.0,0.0,Low,Keep In Normal Delivery Rhythm.
Runtime Platform Stabilization,Runtime Engineering,nodejs/node,65067,https://github.com/nodejs/node/pull/65067,Pull Request,src: fix UTF-8 two byte threshold in encodeInto,open,2026-08-06 02:38:11+00:00,2026-08-06 11:18:23+00:00,,12.92,12.92,12.56,0,2,c++ | needs-ci,0,0,0,CONTRIBUTOR,3154,47,3,8,1,0,0,0,0,119012,36525,1490,119012,1537562,0.0,0.0,Low,Keep In Normal Delivery Rhythm.
Cloud Native Platform Reliability,Cloud Platform,kubernetes/kubernetes,141212,https://github.com/kubernetes/kubernetes/issues/141212,Issue,DRA: per-device nodeSelector with multiple terms passes validation and aborts the scheduling cycle,open,2026-08-06 03:34:39+00:00,2026-08-06 03:34:47+00:00,,12.88,12.88,12.88,1,4,kind/bug | sig/scheduling | needs-triage | wg/device-management,0,0,0,MEMBER,6638,98,3,8,1,1,0,1,0,124580,43868,2952,124580,1510698,0.0,0.0,Low,Keep In Normal Delivery Rhythm.
Cloud Native Platform Reliability,Cloud Platform,kubernetes/kubernetes,141213,https://github.com/kubernetes/kubernetes/pull/141213,Pull Request,Reject multi-term per-device nodeSelector in ResourceSlice validation,open,2026-08-06 04:06:02+00:00,2026-08-17 21:17:36+00:00,,12.86,12.86,1.14,5,8,kind/bug | sig/node | release-note | size/M | cncf-cla: yes | needs-priority | needs-triage | wg/device-management,0,0,0,MEMBER,3706,69,3,8,1,1,1,1,0,124580,43868,2952,124580,1510698,0.0002,0.0,Low,Keep In Normal Delivery Rhythm.
Runtime Platform Stabilization,Runtime Engineering,nodejs/node,65068,https://github.com/nodejs/node/pull/65068,Pull Request,process: reject null bytes in chdir paths,closed,2026-08-06 04:59:49+00:00,2026-08-10 09:55:52+00:00,2026-08-10 09:55:52+00:00,12.82,4.21,8.62,2,2,lib / src | needs-ci,0,0,0,CONTRIBUTOR,2110,41,3,8,1,0,0,0,0,119012,36525,1490,119012,1537562,0.0,0.0,Low,Keep In Normal Delivery Rhythm.
Cloud Native Platform Reliability,Cloud Platform,kubernetes/kubernetes,141214,https://github.com/kubernetes/kubernetes/issues/141214,Issue,DRA: allocator should fail closed (per-node) on a malformed ResourceSlice nodeSelector term count,open,2026-08-06 05:50:02+00:00,2026-08-12 15:58:16+00:00,,12.79,12.79,6.36,6,3,kind/bug | sig/node | needs-triage,0,0,0,MEMBER,3305,97,3,8,1,1,0,1,0,124580,43868,2952,124580,1510698,0.001,0.1,Low,Keep In Normal Delivery Rhythm.
Runtime Platform Stabilization,Runtime Engineering,nodejs/node,65069,https://github.com/nodejs/node/issues/65069,Issue,`tls.connect()` aborts process on malformed ALPNProtocols instead of throwing an error,open,2026-08-06 06:02:57+00:00,2026-08-06 06:02:57+00:00,,12.78,12.78,12.78,0,0,,0,0,0,NONE,1768,86,3,8,0,0,0,0,0,119012,36525,1490,119012,1537562,0.0,0.0,Low,Keep In Normal Delivery Rhythm.
Cloud Native Platform Reliability,Cloud Platform,kubernetes/kubernetes,141215,https://github.com/kubernetes/kubernetes/pull/141215,Pull Request,fix BenchmarkRatcheting set locked feature gate CRDValidationRatcheting,open,2026-08-06 06:32:56+00:00,2026-08-11 08:53:11+00:00,,12.76,12.76,7.66,8,9,kind/bug | lgtm | sig/api-machinery | size/XS | release-note-none | approved | cncf-cla: yes | needs-priority | needs-triage,2,0,0,MEMBER,4819,71,3,8,1,1,1,1,0,124580,43868,2952,124580,1510698,0.0008,0.1,Low,Keep In Normal Delivery Rhythm.
Runtime Platform Stabilization,Runtime Engineering,nodejs/node,65070,https://github.com/nodejs/node/pull/65070,Pull Request,process: fix experimental warning tracking,closed,2026-08-06 06:49:16+00:00,2026-08-10 09:55:51+00:00,2026-08-10 09:55:51+00:00,12.75,4.13,8.62,1,3,c++ | process | needs-ci,0,0,0,CONTRIBUTOR,2102,42,3,8,1,0,0,0,0,119012,36525,1490,119012,1537562,0.0,0.0,Low,Keep In Normal Delivery Rhythm.
Cloud Native Platform Reliability,Cloud Platform,kubernetes/kubernetes,141216,https://github.com/kubernetes/kubernetes/issues/141216,Issue,DRA: a negative device consumesCounters value is accepted and over-commits a shared counter set,open,2026-08-06 06:57:31+00:00,2026-08-06 07:03:57+00:00,,12.74,12.74,12.74,2,4,kind/bug | sig/node | needs-triage | wg/device-management,0,0,0,MEMBER,3542,95,3,8,1,1,0,1,0,124580,43868,2952,124580,1510698,0.0002,0.0,Low,Keep In Normal Delivery Rhythm.
Runtime Platform Stabilization,Runtime Engineering,nodejs/node,65071,https://github.com/nodejs/node/pull/65071,Pull Request,typings: add internal_only_v8 binding types,closed,2026-08-06 06:58:47+00:00,2026-08-14 00:41:54+00:00,2026-08-14 00:41:51+00:00,12.74,7.74,5.0,1,3,author ready | typings | commit-queue-squash,0,0,0,CONTRIBUTOR,205,43,3,8,0,0,0,0,0,119012,36525,1490,119012,1537562,0.0,0.0,Low,Keep In Normal Delivery Rhythm.
Runtime Platform Stabilization,Runtime Engineering,nodejs/node,65072,https://github.com/nodejs/node/pull/65072,Pull Request,process: stop _kill on missing arguments,closed,2026-08-06 07:07:04+00:00,2026-08-10 09:55:49+00:00,2026-08-10 09:55:49+00:00,12.73,4.12,8.62,1,3,c++ | process | needs-ci,0,0,0,CONTRIBUTOR,2104,40,3,8,1,0,0,0,0,119012,36525,1490,119012,1537562,0.0,0.0,Low,Keep In Normal Delivery Rhythm.
Runtime Platform Stabilization,Runtime Engineering,nodejs/node,65073,https://github.com/nodejs/node/pull/65073,Pull Request,crypto: add mgf1Hash for RSA-OAEP,closed,2026-08-06 08:23:40+00:00,2026-08-09 23:06:35+00:00,2026-08-09 23:06:35+00:00,12.68,3.61,9.07,6,6,crypto | test | author ready | needs-ci | commit-queue-squash | lts-watch-v24.x,0,0,0,CONTRIBUTOR,749,33,3,8,1,0,0,0,0,119012,36525,1490,119012,1537562,0.0,0.0,Low,Keep In Normal Delivery Rhythm.
Cloud Native Platform Reliability,Cloud Platform,kubernetes/kubernetes,141217,https://github.com/kubernetes/kubernetes/issues/141217,Issue,"`--watch-cache-sizes` has applied to custom resources since v1.28, contrary to its documentation",open,2026-08-06 08:49:41+00:00,2026-08-06 08:49:49+00:00,,12.66,12.66,12.66,1,4,kind/bug | area/apiserver | sig/api-machinery | needs-triage,0,0,0,NONE,8524,96,3,8,1,1,0,1,0,124580,43868,2952,124580,1510698,0.0,0.0,Low,Keep In Normal Delivery Rhythm.
Runtime Platform Stabilization,Runtime Engineering,nodejs/node,65074,https://github.com/nodejs/node/pull/65074,Pull Request,domain: runtime-deprecate the module,open,2026-08-06 09:30:41+00:00,2026-08-13 14:14:08+00:00,,12.63,12.63,5.44,2,3,domain | semver-major | needs-ci,0,0,0,MEMBER,155,36,3,8,1,0,0,0,0,119012,36525,1490,119012,1537562,0.0,0.0,Low,Keep In Normal Delivery Rhythm.
Runtime Platform Stabilization,Runtime Engineering,nodejs/node,65075,https://github.com/nodejs/node/pull/65075,Pull Request,test: accept decoder errors for wrong FIPS passphrases,closed,2026-08-06 09:40:16+00:00,2026-08-10 09:55:48+00:00,2026-08-10 09:55:48+00:00,12.63,4.01,8.62,6,4,test | author ready | needs-ci | commit-queue-failed,0,0,0,CONTRIBUTOR,294,54,3,8,1,0,0,0,0,119012,36525,1490,119012,1537562,0.0,0.0,Low,Keep In Normal Delivery Rhythm.
Runtime Platform Stabilization,Runtime Engineering,nodejs/node,65076,https://github.com/nodejs/node/pull/65076,Pull Request,tls: throw on invalid ALPNProtocols instead of aborting,open,2026-08-06 09:40:43+00:00,2026-08-18 04:46:19+00:00,,12.63,12.63,0.83,8,5,crypto | c++ | author ready | needs-ci | request-ci,0,0,0,NONE,706,55,3,8,1,0,0,0,0,119012,36525,1490,119012,1537562,0.0,0.0,Low,Keep In Normal Delivery Rhythm.
Runtime Platform Stabilization,Runtime Engineering,nodejs/node,65077,https://github.com/nodejs/node/pull/65077,Pull Request,test: update passphrases to comply with the next OpenSSL FIPS mode,closed,2026-08-06 10:41:29+00:00,2026-08-08 12:19:51+00:00,2026-08-08 12:18:49+00:00,12.58,2.07,10.52,6,3,test | author ready | needs-ci,0,0,0,MEMBER,67,66,3,8,1,0,0,0,0,119012,36525,1490,119012,1537562,0.0,0.0,Low,Keep In Normal Delivery Rhythm.
Runtime Platform Stabilization,Runtime Engineering,nodejs/node,65078,https://github.com/nodejs/node/pull/65078,Pull Request,doc: fix broken link,closed,2026-08-06 10:46:00+00:00,2026-08-06 13:18:04+00:00,2026-08-06 13:17:13+00:00,12.58,0.11,12.48,2,3,buffer | doc | fast-track,0,0,0,CONTRIBUTOR,149,20,3,8,0,0,0,0,0,119012,36525,1490,119012,1537562,0.0,0.0,Low,Keep In Normal Delivery Rhythm.
Runtime Platform Stabilization,Runtime Engineering,nodejs/node,65079,https://github.com/nodejs/node/pull/65079,Pull Request,"stream: fix flaky stream destroy, reachable from HTTP/2 teardown",closed,2026-08-06 11:06:04+00:00,2026-08-10 07:07:27+00:00,2026-08-10 07:07:17+00:00,12.57,3.83,8.73,11,4,c++ | author ready | needs-ci | commit-queue-rebase,0,0,0,MEMBER,4090,64,3,8,1,0,0,0,0,119012,36525,1490,119012,1537562,0.0005,0.0,Low,Keep In Normal Delivery Rhythm.
Cloud Native Platform Reliability,Cloud Platform,kubernetes/kubernetes,141218,https://github.com/kubernetes/kubernetes/pull/141218,Pull Request,test: create snapshot metadata resources in PrepareTest when CapSnapshotMetadata is enabled,open,2026-08-06 11:36:35+00:00,2026-08-18 20:53:46+00:00,,12.55,12.55,0.16,8,10,kind/bug | area/test | priority/important-soon | lgtm | sig/storage | size/S | cncf-cla: yes | sig/testing | do-not-merge/release-note-label-needed | triage/accepted,1,0,0,CONTRIBUTOR,3249,91,3,8,0,1,1,1,0,124580,43868,2952,124580,1510698,0.0004,0.0,Low,Keep In Normal Delivery Rhythm.
Runtime Platform Stabilization,Runtime Engineering,nodejs/node,65080,https://github.com/nodejs/node/pull/65080,Pull Request,crypto: fix error check on decrypt and encrypt init in context,open,2026-08-06 12:20:49+00:00,2026-08-06 14:04:45+00:00,,12.52,12.52,12.44,2,3,crypto | c++ | needs-ci,0,0,0,CONTRIBUTOR,2170,62,3,8,1,0,0,0,0,119012,36525,1490,119012,1537562,0.0,0.0,Low,Keep In Normal Delivery Rhythm.
Cloud Native Platform Reliability,Cloud Platform,kubernetes/kubernetes,141219,https://github.com/kubernetes/kubernetes/pull/141219,Pull Request,core/v1: add alpha declarative validation for PodSpec.ActiveDeadlineSeconds,open,2026-08-06 12:42:55+00:00,2026-08-06 18:00:27+00:00,,12.5,12.5,12.28,7,10,area/test | release-note | size/L | kind/api-change | sig/apps | cncf-cla: yes | sig/testing | needs-ok-to-test | needs-priority | needs-triage,0,0,0,NONE,3833,75,3,8,1,0,1,1,0,124580,43868,2952,124580,1510698,0.0012,0.1,Low,Keep In Normal Delivery Rhythm.
Cloud Native Platform Reliability,Cloud Platform,kubernetes/kubernetes,141220,https://github.com/kubernetes/kubernetes/issues/141220,Issue,kube-apiserver fails PostStartHook on startup: nodeport repair Services LIST is not retried when the watch cache is initializing,open,2026-08-06 12:49:00+00:00,2026-08-14 11:12:27+00:00,,12.5,12.5,4.56,3,4,kind/bug | sig/network | sig/api-machinery | triage/accepted,1,0,0,NONE,5937,128,3,8,0,1,0,1,0,124580,43868,2952,124580,1510698,0.0002,0.0,Low,Keep In Normal Delivery Rhythm.
Cloud Native Platform Reliability,Cloud Platform,kubernetes/kubernetes,141221,https://github.com/kubernetes/kubernetes/issues/141221,Issue,KCM supports start informer before acquiring a lease,open,2026-08-06 12:58:07+00:00,2026-08-12 01:23:51+00:00,,12.49,12.49,6.97,6,3,sig/api-machinery | kind/feature | needs-triage,0,0,0,NONE,419,52,3,8,1,0,0,1,0,124580,43868,2952,124580,1510698,0.0,0.0,Low,Keep In Normal Delivery Rhythm.
Runtime Platform Stabilization,Runtime Engineering,nodejs/node,65081,https://github.com/nodejs/node/pull/65081,Pull Request,src: reuse cached strings in node_locks.cc,closed,2026-08-06 13:01:44+00:00,2026-08-10 00:02:46+00:00,2026-08-10 00:02:46+00:00,12.49,3.46,9.03,5,2,c++ | needs-ci,0,0,0,CONTRIBUTOR,638,42,3,8,1,0,0,0,0,119012,36525,1490,119012,1537562,0.0,0.0,Low,Keep In Normal Delivery Rhythm.
Cloud Native Platform Reliability,Cloud Platform,kubernetes/kubernetes,141222,https://github.com/kubernetes/kubernetes/pull/141222,Pull Request,kubelet: rollback in-memory pod allocation on checkpoint write failure,open,2026-08-06 13:05:42+00:00,2026-08-06 13:06:53+00:00,,12.48,12.48,12.48,4,9,kind/bug | area/kubelet | sig/node | release-note | size/L | cncf-cla: yes | needs-ok-to-test | needs-priority | needs-triage,0,0,0,NONE,1829,70,3,8,1,1,1,1,0,124580,43868,2952,124580,1510698,0.0157,1.6,Low,Keep In Normal Delivery Rhythm.
Runtime Platform Stabilization,Runtime Engineering,nodejs/node,65082,https://github.com/nodejs/node/issues/65082,Issue,ffi: Detached ArrayBuffers and views are silently converted to null FFI pointers,closed,2026-08-06 14:43:01+00:00,2026-08-13 14:58:25+00:00,2026-08-13 14:58:25+00:00,12.42,7.01,5.41,0,1,ffi,1,0,0,MEMBER,1909,80,3,8,0,0,0,0,0,119012,36525,1490,119012,1537562,0.0,0.0,Low,Keep In Normal Delivery Rhythm.
Runtime Platform Stabilization,Runtime Engineering,nodejs/node,65083,https://github.com/nodejs/node/pull/65083,Pull Request,ffi: reject detached ArrayBuffers as pointers,closed,2026-08-06 14:44:24+00:00,2026-08-16 16:01:35+00:00,2026-08-13 14:58:24+00:00,12.42,7.01,2.36,8,4,c++ | needs-ci | commit-queue-squash | ffi,0,0,0,MEMBER,346,45,3,8,1,0,0,0,0,119012,36525,1490,119012,1537562,0.0,0.0,Low,Keep In Normal Delivery Rhythm.
Runtime Platform Stabilization,Runtime Engineering,nodejs/node,65084,https://github.com/nodejs/node/pull/65084,Pull Request,ffi: clarify detached ArrayBuffer error,closed,2026-08-06 14:55:29+00:00,2026-08-06 14:58:43+00:00,2026-08-06 14:58:36+00:00,12.41,0.0,12.41,2,4,c++ | needs-ci | request-ci | ffi,0,0,0,MEMBER,142,39,3,8,1,0,0,0,0,119012,36525,1490,119012,1537562,0.0,0.0,Low,Keep In Normal Delivery Rhythm.
Cloud Native Platform Reliability,Cloud Platform,kubernetes/kubernetes,141223,https://github.com/kubernetes/kubernetes/pull/141223,Pull Request,Use errors.As for unwrapping in ErrorToAPIStatus and storage.isErrCode,open,2026-08-06 15:03:03+00:00,2026-08-07 14:25:16+00:00,,12.4,12.4,11.43,4,8,kind/cleanup | area/apiserver | sig/api-machinery | size/L | release-note-none | cncf-cla: yes | needs-priority | needs-triage,0,0,0,CONTRIBUTOR,759,70,3,8,1,0,1,1,0,124580,43868,2952,124580,1510698,0.0,0.0,Low,Keep In Normal Delivery Rhythm.
Runtime Platform Stabilization,Runtime Engineering,nodejs/node,65085,https://github.com/nodejs/node/issues/65085,Issue,ffi: exportArrayBufferView() inconsistently handles detached views,closed,2026-08-06 15:13:41+00:00,2026-08-13 15:25:13+00:00,2026-08-13 15:25:13+00:00,12.4,7.01,5.39,0,1,ffi,1,0,0,MEMBER,2050,66,3,8,0,0,0,0,0,119012,36525,1490,119012,1537562,0.0,0.0,Low,Keep In Normal Delivery Rhythm.
Runtime Platform Stabilization,Runtime Engineering,nodejs/node,65086,https://github.com/nodejs/node/pull/65086,Pull Request,ffi: reject detached ArrayBufferViews,closed,2026-08-06 15:16:59+00:00,2026-08-16 16:01:34+00:00,2026-08-13 15:25:12+00:00,12.39,7.01,2.36,7,3,c++ | needs-ci | ffi,0,0,0,MEMBER,417,37,3,8,1,0,0,0,0,119012,36525,1490,119012,1537562,0.0,0.0,Low,Keep In Normal Delivery Rhythm.
Cloud Native Platform Reliability,Cloud Platform,kubernetes/kubernetes,141224,https://github.com/kubernetes/kubernetes/pull/141224,Pull Request,Update golang.org/x deps,closed,2026-08-06 15:27:39+00:00,2026-08-11 18:50:32+00:00,2026-08-10 14:42:10+00:00,12.39,3.97,7.24,7,29,kind/bug | priority/important-soon | sig/network | area/kubelet | sig/scheduling | area/kube-proxy | area/apiserver | area/kubectl | lgtm | area/cloudprovider | sig/storage | sig/node | sig/api-machinery | sig/cluster-lifecycle | release-note | size/L | cherry-pick-approved | sig/auth | approved | sig/cli | cncf-cla: yes | sig/instrumentation | sig/architecture | area/code-generation | sig/cloud-provider | area/dependency | sig/security | triage/accepted | wg/device-management,1,1,0,MEMBER,310,24,3,8,1,1,1,1,0,124580,43868,2952,124580,1510698,0.0,0.0,Low,Keep In Normal Delivery Rhythm.
Cloud Native Platform Reliability,Cloud Platform,kubernetes/kubernetes,141225,https://github.com/kubernetes/kubernetes/pull/141225,Pull Request,Update golang.org/x deps,closed,2026-08-06 15:32:30+00:00,2026-08-11 18:50:29+00:00,2026-08-08 00:36:05+00:00,12.38,1.38,7.24,3,29,kind/bug | priority/important-soon | sig/network | area/kubelet | sig/scheduling | area/kube-proxy | area/apiserver | area/kubectl | lgtm | area/cloudprovider | sig/storage | sig/node | sig/api-machinery | sig/cluster-lifecycle | release-note | size/L | cherry-pick-approved | sig/auth | approved | sig/cli | cncf-cla: yes | sig/instrumentation | sig/architecture | area/code-generation | sig/cloud-provider | area/dependency | sig/security | triage/accepted | wg/device-management,1,1,0,MEMBER,310,24,3,8,1,1,1,1,0,124580,43868,2952,124580,1510698,0.0002,0.0,Low,Keep In Normal Delivery Rhythm.
Cloud Native Platform Reliability,Cloud Platform,kubernetes/kubernetes,141226,https://github.com/kubernetes/kubernetes/pull/141226,Pull Request,Update golang.org/x deps,closed,2026-08-06 15:45:53+00:00,2026-08-11 18:50:27+00:00,2026-08-08 01:02:22+00:00,12.37,1.39,7.24,5,29,kind/bug | priority/important-soon | sig/network | area/kubelet | sig/scheduling | area/kube-proxy | area/apiserver | area/kubectl | lgtm | area/cloudprovider | sig/storage | sig/node | sig/api-machinery | sig/cluster-lifecycle | release-note | size/L | cherry-pick-approved | sig/auth | approved | sig/cli | cncf-cla: yes | sig/instrumentation | sig/architecture | area/code-generation | sig/cloud-provider | area/dependency | sig/security | triage/accepted | wg/device-management,1,1,0,MEMBER,310,24,3,8,1,1,1,1,0,124580,43868,2952,124580,1510698,0.0001,0.0,Low,Keep In Normal Delivery Rhythm.
Runtime Platform Stabilization,Runtime Engineering,nodejs/node,65087,https://github.com/nodejs/node/pull/65087,Pull Request,"[v24.x backport] backend split, KT12 limit, ByteSource MemoryRetainer + fixes and improvements",closed,2026-08-06 16:25:25+00:00,2026-08-06 22:46:22+00:00,2026-08-06 22:42:59+00:00,12.35,0.26,12.08,5,3,lib / src | needs-ci | v24.x,0,0,0,MEMBER,1139,94,3,8,1,0,0,0,0,119012,36525,1490,119012,1537562,0.0,0.0,Low,Keep In Normal Delivery Rhythm.
Runtime Platform Stabilization,Runtime Engineering,nodejs/node,65088,https://github.com/nodejs/node/pull/65088,Pull Request,doc: finalize statements in sqlite examples,closed,2026-08-06 17:03:53+00:00,2026-08-08 17:17:25+00:00,2026-08-08 17:17:24+00:00,12.32,2.01,10.31,2,4,doc | author ready | commit-queue-squash | sqlite,0,0,0,MEMBER,222,43,3,8,0,0,0,0,0,119012,36525,1490,119012,1537562,0.0,0.0,Low,Keep In Normal Delivery Rhythm.
Runtime Platform Stabilization,Runtime Engineering,nodejs/node,65089,https://github.com/nodejs/node/pull/65089,Pull Request,doc: document sqlite parameter binding,closed,2026-08-06 17:04:02+00:00,2026-08-08 19:20:56+00:00,2026-08-08 19:20:55+00:00,12.32,2.1,10.22,4,4,doc | author ready | commit-queue-squash | sqlite,0,0,0,MEMBER,414,38,3,8,0,0,0,0,0,119012,36525,1490,119012,1537562,0.0,0.0,Low,Keep In Normal Delivery Rhythm.
Cloud Native Platform Reliability,Cloud Platform,kubernetes/kubernetes,141227,https://github.com/kubernetes/kubernetes/issues/141227,Issue,Preemption victim selection has no signal for whether a victim's replacement can reschedule elsewhere -- DaemonSet pods and Deployment pods are treated identically,open,2026-08-06 17:45:59+00:00,2026-08-06 17:48:00+00:00,,12.29,12.29,12.29,2,3,kind/bug | sig/scheduling | needs-triage,0,0,0,NONE,16336,163,3,8,1,1,0,1,0,124580,43868,2952,124580,1510698,0.0002,0.0,Low,Keep In Normal Delivery Rhythm.
Runtime Platform Stabilization,Runtime Engineering,nodejs/node,65090,https://github.com/nodejs/node/pull/65090,Pull Request,doc: document close() error when in a sqlite callback,closed,2026-08-06 17:56:09+00:00,2026-08-16 16:01:38+00:00,2026-08-11 18:40:26+00:00,12.28,5.03,2.36,5,3,doc | commit-queue-squash | sqlite,0,0,0,MEMBER,47,53,3,8,0,0,0,0,0,119012,36525,1490,119012,1537562,0.0,0.0,Low,Keep In Normal Delivery Rhythm.
Runtime Platform Stabilization,Runtime Engineering,nodejs/node,65091,https://github.com/nodejs/node/pull/65091,Pull Request,lib: add and test [EnforceRange] in webcrypto dictionaries,closed,2026-08-06 17:59:20+00:00,2026-08-08 18:15:16+00:00,2026-08-08 18:06:57+00:00,12.28,2.01,10.27,4,3,author ready | needs-ci | webcrypto,0,0,0,MEMBER,247,58,3,8,1,0,0,0,0,119012,36525,1490,119012,1537562,0.0,0.0,Low,Keep In Normal Delivery Rhythm.
Cloud Native Platform Reliability,Cloud Platform,kubernetes/kubernetes,141228,https://github.com/kubernetes/kubernetes/pull/141228,Pull Request,apiserver: park and resume slow watch streams instead of terminating them (WatchCacheStallResume),closed,2026-08-06 18:19:55+00:00,2026-08-18 20:49:33+00:00,2026-08-18 20:49:33+00:00,12.27,12.1,0.16,11,16,area/test | area/apiserver | sig/node | sig/api-machinery | release-note | size/XXL | kind/feature | cncf-cla: yes | sig/instrumentation | sig/testing | needs-ok-to-test | sig/release | sig/architecture | do-not-merge/work-in-progress | needs-priority | needs-triage,0,0,0,NONE,7871,97,3,8,1,0,1,1,0,124580,43868,2952,124580,1510698,0.0005,0.0,Low,Keep In Normal Delivery Rhythm.
Cloud Native Platform Reliability,Cloud Platform,kubernetes/kubernetes,141229,https://github.com/kubernetes/kubernetes/issues/141229,Issue,"Kubernetes v1.35.1 bundles CoreDNS v1.13.1 — 3 minor versions behind upstream v1.14.6, exposing clusters to 49+ known CVEs",closed,2026-08-06 18:22:55+00:00,2026-08-07 12:11:20+00:00,2026-08-07 12:03:49+00:00,12.26,0.74,11.52,5,5,kind/bug | priority/important-soon | sig/network | area/dns | needs-triage,1,0,0,NONE,4792,122,3,8,1,1,1,1,0,124580,43868,2952,124580,1510698,0.0002,0.0,Low,Keep In Normal Delivery Rhythm.
Cloud Native Platform Reliability,Cloud Platform,kubernetes/kubernetes,141230,https://github.com/kubernetes/kubernetes/issues/141230,Issue,Kubernetes ships etcd 3.6.6-0 with 61 CVEs (2 Critical) across all supported versions — upstream 3.7.1 available,closed,2026-08-06 19:06:30+00:00,2026-08-06 23:19:47+00:00,2026-08-06 23:19:47+00:00,12.23,0.18,12.06,2,5,kind/bug | priority/critical-urgent | sig/cluster-lifecycle | needs-triage | sig/etcd,0,0,0,NONE,3237,112,3,8,1,1,1,1,0,124580,43868,2952,124580,1510698,0.0086,0.9,Low,Keep In Normal Delivery Rhythm.
Cloud Native Platform Reliability,Cloud Platform,kubernetes/kubernetes,141231,https://github.com/kubernetes/kubernetes/pull/141231,Pull Request,Migrate ResourceQuota.Spec.Scopes to declarative validation,open,2026-08-06 21:11:56+00:00,2026-08-06 21:12:58+00:00,,12.15,12.15,12.15,5,12,area/test | kind/cleanup | sig/api-machinery | size/M | kind/api-change | release-note-none | sig/apps | cncf-cla: yes | sig/testing | needs-ok-to-test | needs-priority | needs-triage,0,0,0,NONE,1526,59,3,8,1,0,1,1,0,124580,43868,2952,124580,1510698,0.0015,0.2,Low,Keep In Normal Delivery Rhythm.
Runtime Platform Stabilization,Runtime Engineering,nodejs/node,65092,https://github.com/nodejs/node/pull/65092,Pull Request,deps: cherry-pick libuv/libuv@a6d06ba,open,2026-08-06 22:15:09+00:00,2026-08-17 21:34:48+00:00,,12.1,12.1,1.13,3,0,,0,0,0,NONE,733,37,3,8,0,0,0,0,0,119012,36525,1490,119012,1537562,0.0,0.0,Low,Keep In Normal Delivery Rhythm.
Cloud Native Platform Reliability,Cloud Platform,kubernetes/kubernetes,141232,https://github.com/kubernetes/kubernetes/pull/141232,Pull Request,Bump up ETCD version to 3.7.1 from 3.7.0 ,closed,2026-08-07 00:22:41+00:00,2026-08-07 01:19:41+00:00,2026-08-07 01:19:41+00:00,12.01,0.04,11.97,7,15,area/test | area/provider/gcp | sig/api-machinery | sig/cluster-lifecycle | size/S | area/kubeadm | cncf-cla: yes | sig/testing | needs-ok-to-test | do-not-merge/release-note-label-needed | sig/cloud-provider | needs-priority | needs-triage | do-not-merge/needs-kind | sig/etcd,0,0,0,NONE,119,41,4,8,1,0,1,1,0,124580,43868,2952,124580,1510698,0.0003,0.0,Low,Keep In Normal Delivery Rhythm.
Runtime Platform Stabilization,Runtime Engineering,nodejs/node,65093,https://github.com/nodejs/node/pull/65093,Pull Request,[v24.x backport] http2: avoid UAF while receiving and sending RST_STREAM,open,2026-08-07 00:39:17+00:00,2026-08-07 23:26:06+00:00,,12.0,12.0,11.05,3,6,c++ | blocked | http2 | needs-ci | v24.x | lts-watch-v24.x,0,0,0,MEMBER,707,72,4,8,1,0,0,0,0,119012,36525,1490,119012,1537562,0.0001,0.0,Low,Keep In Normal Delivery Rhythm.
Runtime Platform Stabilization,Runtime Engineering,nodejs/node,65094,https://github.com/nodejs/node/pull/65094,Pull Request,net: add createPipe() and createSocketPair(),open,2026-08-07 00:55:51+00:00,2026-08-15 11:13:24+00:00,,11.99,11.99,3.56,3,3,c++ | lib / src | needs-ci,0,0,0,NONE,6454,44,4,8,1,0,0,0,0,119012,36525,1490,119012,1537562,0.0,0.0,Low,Keep In Normal Delivery Rhythm.
Cloud Native Platform Reliability,Cloud Platform,kubernetes/kubernetes,141233,https://github.com/kubernetes/kubernetes/pull/141233,Pull Request,DRA: reject negative device counter values,open,2026-08-07 01:06:20+00:00,2026-08-07 01:07:30+00:00,,11.98,11.98,11.98,7,8,size/S | cncf-cla: no | needs-ok-to-test | do-not-merge/release-note-label-needed | needs-priority | needs-triage | do-not-merge/needs-kind | wg/device-management,0,0,0,NONE,312,42,4,8,1,0,1,1,0,124580,43868,2952,124580,1510698,0.0015,0.2,Low,Keep In Normal Delivery Rhythm.
Runtime Platform Stabilization,Runtime Engineering,nodejs/node,65095,https://github.com/nodejs/node/pull/65095,Pull Request,build: pass target architecture to small-icu genccode,closed,2026-08-07 01:38:36+00:00,2026-08-17 21:45:07+00:00,2026-08-17 21:45:03+00:00,11.96,10.84,1.12,4,5,tools | i18n-api | author ready | needs-ci | icu,0,0,0,CONTRIBUTOR,573,53,4,8,1,0,0,0,0,119012,36525,1490,119012,1537562,0.0,0.0,Low,Keep In Normal Delivery Rhythm.
Cloud Native Platform Reliability,Cloud Platform,kubernetes/kubernetes,141234,https://github.com/kubernetes/kubernetes/pull/141234,Pull Request,Strict cpu exhaustion fix,closed,2026-08-07 01:55:51+00:00,2026-08-07 02:21:11+00:00,2026-08-07 02:21:11+00:00,11.95,0.02,11.93,4,17,kind/bug | area/test | area/kubelet | area/provider/gcp | sig/node | sig/api-machinery | sig/cluster-lifecycle | size/M | release-note-none | area/kubeadm | cncf-cla: yes | sig/testing | needs-ok-to-test | sig/cloud-provider | needs-priority | needs-triage | sig/etcd,0,0,0,NONE,232,25,4,8,1,1,1,1,0,124580,43868,2952,124580,1510698,0.0008,0.1,Low,Keep In Normal Delivery Rhythm.
Cloud Native Platform Reliability,Cloud Platform,kubernetes/kubernetes,141235,https://github.com/kubernetes/kubernetes/pull/141235,Pull Request,Update CoreDNS ito 1.14.6,closed,2026-08-07 02:57:54+00:00,2026-08-07 12:03:21+00:00,2026-08-07 12:03:21+00:00,11.91,0.38,11.53,5,15,kind/bug | priority/important-soon | sig/network | area/provider/gcp | sig/cluster-lifecycle | size/S | release-note-none | area/dns | area/kubeadm | cncf-cla: yes | needs-ok-to-test | do-not-merge/cherry-pick-not-approved | sig/cloud-provider | area/dependency | needs-triage,0,1,0,NONE,246,25,4,8,1,1,1,1,0,124580,43868,2952,124580,1510698,0.0003,0.0,Low,Keep In Normal Delivery Rhythm.
Cloud Native Platform Reliability,Cloud Platform,kubernetes/kubernetes,141236,https://github.com/kubernetes/kubernetes/pull/141236,Pull Request,Optimize mutating webhook object serialization,open,2026-08-07 04:52:46+00:00,2026-08-07 04:53:52+00:00,,11.83,11.83,11.83,4,9,kind/cleanup | area/apiserver | sig/api-machinery | size/L | release-note-none | cncf-cla: yes | needs-ok-to-test | needs-priority | needs-triage,0,0,0,NONE,692,46,4,8,1,0,1,1,0,124580,43868,2952,124580,1510698,0.0063,0.6,Low,Keep In Normal Delivery Rhythm.
Runtime Platform Stabilization,Runtime Engineering,nodejs/node,65096,https://github.com/nodejs/node/issues/65096,Issue,quic: test http/3 versus pure quic,closed,2026-08-07 05:10:51+00:00,2026-08-16 14:22:40+00:00,2026-08-16 14:22:40+00:00,11.81,9.38,2.43,1,2,quic | http3,0,0,0,CONTRIBUTOR,737,34,4,8,0,0,0,0,0,119012,36525,1490,119012,1537562,0.0,0.0,Low,Keep In Normal Delivery Rhythm.
Runtime Platform Stabilization,Runtime Engineering,nodejs/node,65097,https://github.com/nodejs/node/issues/65097,Issue,fs.cp and fs.cpSync fail to repeatedly copy directory with symlinks,open,2026-08-07 05:33:13+00:00,2026-08-18 04:16:43+00:00,,11.8,11.8,0.85,1,1,fs,0,0,0,NONE,2008,67,4,8,0,0,0,0,0,119012,36525,1490,119012,1537562,0.0,0.0,Low,Keep In Normal Delivery Rhythm.
Cloud Native Platform Reliability,Cloud Platform,kubernetes/kubernetes,141237,https://github.com/kubernetes/kubernetes/issues/141237,Issue,CPU Manager incorrectly spans sockets with distribute-cpus-across-cores and align-by-socket enabled,open,2026-08-07 06:44:26+00:00,2026-08-07 07:12:44+00:00,,11.75,11.75,11.73,3,3,kind/bug | sig/node | needs-triage,1,0,0,NONE,1980,99,4,8,1,1,0,1,0,124580,43868,2952,124580,1510698,0.0015,0.1,Low,Keep In Normal Delivery Rhythm.
Cloud Native Platform Reliability,Cloud Platform,kubernetes/kubernetes,141238,https://github.com/kubernetes/kubernetes/pull/141238,Pull Request,Fix deep copy bestCombo in takeByTopologyNUMADistributed to prevent incorrectly CPU allocation,open,2026-08-07 06:55:23+00:00,2026-08-10 12:40:47+00:00,,11.74,11.74,8.5,6,9,kind/bug | area/kubelet | sig/node | release-note | size/M | cncf-cla: yes | needs-ok-to-test | needs-priority | needs-triage,0,0,0,NONE,3945,94,4,8,1,1,1,1,0,124580,43868,2952,124580,1510698,0.0048,0.5,Low,Keep In Normal Delivery Rhythm.
Runtime Platform Stabilization,Runtime Engineering,nodejs/node,65098,https://github.com/nodejs/node/pull/65098,Pull Request,process: validate resource stats array offsets ,closed,2026-08-07 07:58:58+00:00,2026-08-10 09:52:11+00:00,2026-08-09 23:04:45+00:00,11.7,2.63,8.62,7,4,c++ | author ready | needs-ci | commit-queue-failed,0,0,0,CONTRIBUTOR,2120,47,4,8,1,0,0,0,0,119012,36525,1490,119012,1537562,0.0,0.0,Low,Keep In Normal Delivery Rhythm.
Cloud Native Platform Reliability,Cloud Platform,kubernetes/kubernetes,141239,https://github.com/kubernetes/kubernetes/pull/141239,Pull Request,Fix: missing Prometheus registration that silently hides exec-plugin policy audit metric,open,2026-08-07 08:42:13+00:00,2026-08-13 09:58:53+00:00,,11.67,11.67,5.61,5,9,kind/bug | release-note | size/S | cncf-cla: yes | sig/instrumentation | needs-ok-to-test | sig/architecture | needs-priority | needs-triage,0,0,0,CONTRIBUTOR,3930,88,4,8,1,1,1,1,0,124580,43868,2952,124580,1510698,0.0006,0.1,Low,Keep In Normal Delivery Rhythm.
Runtime Platform Stabilization,Runtime Engineering,nodejs/node,65099,https://github.com/nodejs/node/pull/65099,Pull Request,fs: fix repeated copies of directory symlinks,closed,2026-08-07 08:59:20+00:00,2026-08-10 09:55:47+00:00,2026-08-10 09:55:47+00:00,11.66,3.04,8.62,1,3,c++ | fs | needs-ci,0,0,0,CONTRIBUTOR,1995,45,4,8,1,0,0,0,0,119012,36525,1490,119012,1537562,0.0001,0.0,Low,Keep In Normal Delivery Rhythm.
Runtime Platform Stabilization,Runtime Engineering,nodejs/node,65100,https://github.com/nodejs/node/issues/65100,Issue,worker_threads Worker exit aborts (SIGABRT) when a native addon (fsevents) has an in-flight napi_threadsafe_function — napi_release_threadsafe_function / uv_mutex_lock,open,2026-08-07 10:17:29+00:00,2026-08-18 04:18:24+00:00,,11.6,11.6,0.85,1,1,worker,0,0,0,NONE,3320,167,4,8,0,0,0,0,0,119012,36525,1490,119012,1537562,0.0005,0.0,Low,Keep In Normal Delivery Rhythm.
Runtime Platform Stabilization,Runtime Engineering,nodejs/node,65101,https://github.com/nodejs/node/pull/65101,Pull Request,tools: delay removal of `commit-queue` label,closed,2026-08-07 10:37:18+00:00,2026-08-09 11:07:54+00:00,2026-08-09 10:42:31+00:00,11.59,2.0,9.57,3,2,tools | author ready,0,0,0,CONTRIBUTOR,2335,44,4,8,0,0,0,0,0,119012,36525,1490,119012,1537562,0.0,0.0,Low,Keep In Normal Delivery Rhythm.
Cloud Native Platform Reliability,Cloud Platform,kubernetes/kubernetes,141240,https://github.com/kubernetes/kubernetes/issues/141240,Issue,Clarification: Is patch-version skew between control-plane components a supported configuration?,open,2026-08-07 10:50:50+00:00,2026-08-10 08:53:47+00:00,,11.58,11.58,8.66,5,5,kind/documentation | kind/support | sig/cluster-lifecycle | sig/architecture | needs-triage,0,0,0,NONE,1859,96,4,8,1,0,0,1,0,124580,43868,2952,124580,1510698,0.0,0.0,Low,Keep In Normal Delivery Rhythm.
Cloud Native Platform Reliability,Cloud Platform,kubernetes/kubernetes,141241,https://github.com/kubernetes/kubernetes/issues/141241,Issue,PodRequests/PodLimits mutate the Pod they are given when pod-level resources are set,open,2026-08-07 12:16:44+00:00,2026-08-12 04:31:31+00:00,,11.52,11.52,6.84,2,2,sig/node | needs-triage,0,0,0,NONE,3767,84,4,8,1,0,0,1,0,124580,43868,2952,124580,1510698,0.0,0.0,Low,Keep In Normal Delivery Rhythm.
Cloud Native Platform Reliability,Cloud Platform,kubernetes/kubernetes,141242,https://github.com/kubernetes/kubernetes/pull/141242,Pull Request,Fix/pod level resources aliasing,open,2026-08-07 12:18:57+00:00,2026-08-07 13:42:09+00:00,,11.52,11.52,11.46,6,10,kind/bug | sig/scheduling | sig/node | release-note | size/L | kind/api-change | cncf-cla: yes | needs-ok-to-test | needs-priority | needs-triage,0,0,0,NONE,2439,32,4,8,1,1,1,1,0,124580,43868,2952,124580,1510698,0.0001,0.0,Low,Keep In Normal Delivery Rhythm.
Runtime Platform Stabilization,Runtime Engineering,nodejs/node,65102,https://github.com/nodejs/node/issues/65102,Issue,sqlite: reentrancy into a running statement from a user-defined function is unguarded,closed,2026-08-07 12:23:41+00:00,2026-08-14 22:51:41+00:00,2026-08-14 22:51:40+00:00,11.51,7.44,4.08,2,0,,0,0,0,CONTRIBUTOR,2909,85,4,8,0,0,0,0,0,119012,36525,1490,119012,1537562,0.0,0.0,Low,Keep In Normal Delivery Rhythm.
Cloud Native Platform Reliability,Cloud Platform,kubernetes/kubernetes,141243,https://github.com/kubernetes/kubernetes/issues/141243,Issue,DRA converting watch does not stop on Stop(): `break` inside `select` never leaves the loop,open,2026-08-07 12:29:46+00:00,2026-08-07 12:29:55+00:00,,11.51,11.51,11.51,2,2,needs-sig | needs-triage,0,0,0,NONE,3786,91,4,8,1,0,0,1,0,124580,43868,2952,124580,1510698,0.0,0.0,Low,Keep In Normal Delivery Rhythm.
Cloud Native Platform Reliability,Cloud Platform,kubernetes/kubernetes,141244,https://github.com/kubernetes/kubernetes/pull/141244,Pull Request,Fix/dra watch stop exits loop,open,2026-08-07 12:30:45+00:00,2026-08-07 13:52:29+00:00,,11.51,11.51,11.45,6,9,kind/bug | sig/node | release-note | size/M | cncf-cla: yes | ok-to-test | needs-priority | needs-triage | wg/device-management,0,0,0,NONE,2127,29,4,8,1,1,1,1,0,124580,43868,2952,124580,1510698,0.0,0.0,Low,Keep In Normal Delivery Rhythm.
Cloud Native Platform Reliability,Cloud Platform,kubernetes/kubernetes,141245,https://github.com/kubernetes/kubernetes/issues/141245,Issue,fields.Selector.String() is not idempotent: re-parsing can reorder terms,open,2026-08-07 12:36:51+00:00,2026-08-07 12:37:01+00:00,,11.5,11.5,11.5,2,2,needs-sig | needs-triage,0,0,0,NONE,2964,72,4,8,1,0,0,1,0,124580,43868,2952,124580,1510698,0.0001,0.0,Low,Keep In Normal Delivery Rhythm.
Cloud Native Platform Reliability,Cloud Platform,kubernetes/kubernetes,141246,https://github.com/kubernetes/kubernetes/pull/141246,Pull Request,Fix/field selector canonical ordering,open,2026-08-07 12:38:02+00:00,2026-08-07 12:39:12+00:00,,11.5,11.5,11.5,4,8,kind/bug | sig/api-machinery | release-note | size/M | cncf-cla: yes | needs-ok-to-test | needs-priority | needs-triage,0,0,0,NONE,2547,37,4,8,1,1,1,1,0,124580,43868,2952,124580,1510698,0.0001,0.0,Low,Keep In Normal Delivery Rhythm.
Cloud Native Platform Reliability,Cloud Platform,kubernetes/kubernetes,141247,https://github.com/kubernetes/kubernetes/issues/141247,Issue,LimitRange maximum can be exceeded by declaring hugepages at the pod level,open,2026-08-07 12:45:41+00:00,2026-08-09 14:28:20+00:00,,11.5,11.5,9.43,2,3,kind/bug | sig/node | needs-triage,0,0,0,NONE,3914,74,4,8,1,1,0,1,0,124580,43868,2952,124580,1510698,0.0001,0.0,Low,Keep In Normal Delivery Rhythm.
Cloud Native Platform Reliability,Cloud Platform,kubernetes/kubernetes,141248,https://github.com/kubernetes/kubernetes/pull/141248,Pull Request,Fix/limitranger pod level hugepages,open,2026-08-07 12:47:09+00:00,2026-08-07 12:48:00+00:00,,11.5,11.5,11.5,4,8,kind/bug | release-note | size/L | cncf-cla: yes | needs-ok-to-test | needs-priority | needs-triage | do-not-merge/needs-sig,0,0,0,NONE,2725,35,4,8,1,1,1,1,0,124580,43868,2952,124580,1510698,0.0001,0.0,Low,Keep In Normal Delivery Rhythm.
Cloud Native Platform Reliability,Cloud Platform,kubernetes/kubernetes,141249,https://github.com/kubernetes/kubernetes/issues/141249,Issue,resource.Quantity silently drops the scale when serializing values of 10^21 or more,open,2026-08-07 12:48:43+00:00,2026-08-13 23:07:58+00:00,,11.5,11.5,5.07,3,2,sig/api-machinery | needs-triage,0,0,0,NONE,3777,83,4,8,1,0,0,1,0,124580,43868,2952,124580,1510698,0.0002,0.0,Low,Keep In Normal Delivery Rhythm.
Cloud Native Platform Reliability,Cloud Platform,kubernetes/kubernetes,141250,https://github.com/kubernetes/kubernetes/issues/141250,Issue,TestRecreateStatefulSetUpdate flakes due to StaleControllerConsistencyStatefulSet blocking reconcile,open,2026-08-07 12:50:55+00:00,2026-08-11 11:48:56+00:00,,11.49,11.49,7.54,3,3,kind/flake | sig/apps | triage/accepted,1,0,0,CONTRIBUTOR,1814,100,4,8,0,0,0,1,0,124580,43868,2952,124580,1510698,0.0001,0.0,Low,Keep In Normal Delivery Rhythm.
Cloud Native Platform Reliability,Cloud Platform,kubernetes/kubernetes,141251,https://github.com/kubernetes/kubernetes/pull/141251,Pull Request,Fix/quantity large magnitude serialization,open,2026-08-07 12:52:23+00:00,2026-08-07 12:53:30+00:00,,11.49,11.49,11.49,4,8,kind/bug | sig/api-machinery | release-note | size/M | cncf-cla: yes | needs-ok-to-test | needs-priority | needs-triage,0,0,0,NONE,3073,42,4,8,1,1,1,1,0,124580,43868,2952,124580,1510698,0.0003,0.0,Low,Keep In Normal Delivery Rhythm.
Cloud Native Platform Reliability,Cloud Platform,kubernetes/kubernetes,141252,https://github.com/kubernetes/kubernetes/pull/141252,Pull Request,Fix premature poll success in TestRecreateStatefulSetUpdate,open,2026-08-07 12:54:24+00:00,2026-08-12 18:42:45+00:00,,11.49,11.49,6.25,5,10,kind/bug | area/test | size/XS | kind/flake | release-note-none | sig/apps | cncf-cla: yes | sig/testing | priority/important-longterm | triage/accepted,1,0,0,CONTRIBUTOR,901,59,4,8,0,1,1,1,0,124580,43868,2952,124580,1510698,0.0008,0.1,Low,Keep In Normal Delivery Rhythm.
Cloud Native Platform Reliability,Cloud Platform,kubernetes/kubernetes,141253,https://github.com/kubernetes/kubernetes/pull/141253,Pull Request,Populate UnschedulablePlugins for PlacementFeasible rejection,open,2026-08-07 13:42:54+00:00,2026-08-18 15:22:08+00:00,,11.46,11.46,0.39,11,12,kind/bug | area/test | sig/scheduling | sig/node | release-note | size/XXL | cncf-cla: yes | sig/testing | do-not-merge/hold | needs-priority | needs-triage | wg/device-management,2,0,0,MEMBER,4140,61,4,8,1,1,1,1,0,124580,43868,2952,124580,1510698,0.0151,1.5,Low,Keep In Normal Delivery Rhythm.
Runtime Platform Stabilization,Runtime Engineering,nodejs/node,65103,https://github.com/nodejs/node/pull/65103,Pull Request,build: deprecate always enabled `--enable-static`,closed,2026-08-07 14:06:57+00:00,2026-08-10 20:38:08+00:00,2026-08-10 15:07:36+00:00,11.44,3.04,8.17,3,3,build | author ready | needs-ci,0,0,0,MEMBER,282,49,4,8,1,0,0,0,0,119012,36525,1490,119012,1537562,0.0,0.0,Low,Keep In Normal Delivery Rhythm.
Runtime Platform Stabilization,Runtime Engineering,nodejs/node,65104,https://github.com/nodejs/node/issues/65104,Issue,util.getCallSites() drops functionName when a source map has no name entry,closed,2026-08-07 14:16:17+00:00,2026-08-13 16:13:30+00:00,2026-08-13 16:13:30+00:00,11.43,6.08,5.35,0,0,,0,0,0,CONTRIBUTOR,2085,74,4,8,0,0,0,0,0,119012,36525,1490,119012,1537562,0.0,0.0,Low,Keep In Normal Delivery Rhythm.
Runtime Platform Stabilization,Runtime Engineering,nodejs/node,65105,https://github.com/nodejs/node/pull/65105,Pull Request,tls: defer re-entrant calls to SSL state machine from JS,open,2026-08-07 14:41:00+00:00,2026-08-08 00:41:11+00:00,,11.42,11.42,11.0,2,3,crypto | c++ | needs-ci,0,0,0,MEMBER,2899,56,4,8,1,0,0,0,0,119012,36525,1490,119012,1537562,0.0,0.0,Low,Keep In Normal Delivery Rhythm.
Cloud Native Platform Reliability,Cloud Platform,kubernetes/kubernetes,141254,https://github.com/kubernetes/kubernetes/pull/141254,Pull Request,Update mount-utils OWNERS,open,2026-08-07 14:47:04+00:00,2026-08-07 14:48:38+00:00,,11.41,11.41,11.41,4,7,kind/documentation | sig/storage | size/XS | release-note-none | cncf-cla: yes | needs-priority | needs-triage,0,0,0,CONTRIBUTOR,1073,25,4,8,1,0,1,1,0,124580,43868,2952,124580,1510698,0.0001,0.0,Low,Keep In Normal Delivery Rhythm.
Runtime Platform Stabilization,Runtime Engineering,nodejs/node,65106,https://github.com/nodejs/node/pull/65106,Pull Request,sqlite: reject reentry into a running statement,closed,2026-08-07 14:58:01+00:00,2026-08-14 22:51:09+00:00,2026-08-14 22:51:08+00:00,11.41,7.33,4.08,10,4,c++ | author ready | needs-ci | sqlite,0,0,0,CONTRIBUTOR,2523,47,4,8,1,0,0,0,0,119012,36525,1490,119012,1537562,0.0002,0.0,Low,Keep In Normal Delivery Rhythm.
Runtime Platform Stabilization,Runtime Engineering,nodejs/node,65107,https://github.com/nodejs/node/pull/65107,Pull Request,util: keep function name for mapped call sites,open,2026-08-07 15:09:46+00:00,2026-08-10 08:32:05+00:00,,11.4,11.4,8.67,2,2,util | needs-ci,0,0,0,CONTRIBUTOR,515,46,4,8,1,0,0,0,0,119012,36525,1490,119012,1537562,0.0,0.0,Low,Keep In Normal Delivery Rhythm.
Runtime Platform Stabilization,Runtime Engineering,nodejs/node,65108,https://github.com/nodejs/node/pull/65108,Pull Request,util: preserve function names without source map names,closed,2026-08-07 15:37:14+00:00,2026-08-13 16:18:03+00:00,2026-08-13 16:13:29+00:00,11.38,6.03,5.35,4,4,util | author ready | needs-ci | lts-watch-v22.x,0,0,0,CONTRIBUTOR,675,54,4,8,1,0,0,0,0,119012,36525,1490,119012,1537562,0.0,0.0,Low,Keep In Normal Delivery Rhythm.
Cloud Native Platform Reliability,Cloud Platform,kubernetes/kubernetes,141255,https://github.com/kubernetes/kubernetes/pull/141255,Pull Request,Split Pod update with a changed UID into delete and add,open,2026-08-07 15:46:57+00:00,2026-08-18 12:21:21+00:00,,11.37,11.37,0.51,8,12,kind/bug | area/test | sig/scheduling | sig/node | sig/api-machinery | release-note | size/XXL | cncf-cla: yes | sig/testing | needs-priority | needs-triage | wg/device-management,2,0,0,CONTRIBUTOR,4466,55,4,8,1,1,1,1,0,124580,43868,2952,124580,1510698,0.0043,0.4,Low,Keep In Normal Delivery Rhythm.
Runtime Platform Stabilization,Runtime Engineering,nodejs/node,65110,https://github.com/nodejs/node/issues/65110,Issue,Multiple independent reports of out-of-memory crash after updating 24.18.1->24.19.0,open,2026-08-07 16:19:21+00:00,2026-08-18 15:08:19+00:00,,11.35,11.35,0.4,8,1,needs more info,0,0,0,NONE,2378,83,4,8,1,0,0,0,0,119012,36525,1490,119012,1537562,0.0,0.0,Low,Keep In Normal Delivery Rhythm.
Cloud Native Platform Reliability,Cloud Platform,kubernetes/kubernetes,141256,https://github.com/kubernetes/kubernetes/pull/141256,Pull Request,Automated cherry pick of #141012: Sync supported service account token algorithms to test image,open,2026-08-07 16:47:49+00:00,2026-08-07 18:09:29+00:00,,11.33,11.33,11.27,9,12,area/test | kind/cleanup | size/M | release-note-none | sig/auth | cncf-cla: yes | sig/testing | kind/failing-test | do-not-merge/cherry-pick-not-approved | ok-to-test | needs-priority | needs-triage,1,1,0,CONTRIBUTOR,358,95,4,8,1,0,1,1,0,124580,43868,2952,124580,1510698,0.0,0.0,Low,Keep In Normal Delivery Rhythm.
Cloud Native Platform Reliability,Cloud Platform,kubernetes/kubernetes,141257,https://github.com/kubernetes/kubernetes/pull/141257,Pull Request,Automated cherry pick of #141012: Sync supported service account token algorithms to test image,open,2026-08-07 16:50:33+00:00,2026-08-07 16:51:44+00:00,,11.33,11.33,11.33,4,12,area/test | kind/cleanup | size/M | release-note-none | sig/auth | cncf-cla: yes | sig/testing | kind/failing-test | needs-ok-to-test | do-not-merge/cherry-pick-not-approved | needs-priority | needs-triage,0,1,0,CONTRIBUTOR,358,95,4,8,1,0,1,1,0,124580,43868,2952,124580,1510698,0.0,0.0,Low,Keep In Normal Delivery Rhythm.
Cloud Native Platform Reliability,Cloud Platform,kubernetes/kubernetes,141258,https://github.com/kubernetes/kubernetes/pull/141258,Pull Request,Automated cherry pick of #141012: Sync supported service account token algorithms to test image,open,2026-08-07 16:51:04+00:00,2026-08-07 16:52:12+00:00,,11.33,11.33,11.33,4,12,area/test | kind/cleanup | size/M | release-note-none | sig/auth | cncf-cla: yes | sig/testing | kind/failing-test | needs-ok-to-test | do-not-merge/cherry-pick-not-approved | needs-priority | needs-triage,0,1,0,CONTRIBUTOR,358,95,4,8,1,0,1,1,0,124580,43868,2952,124580,1510698,0.0,0.0,Low,Keep In Normal Delivery Rhythm.
Runtime Platform Stabilization,Runtime Engineering,nodejs/node,65111,https://github.com/nodejs/node/pull/65111,Pull Request,tty: add stub for async OSC 11 background color query,open,2026-08-07 17:04:34+00:00,2026-08-08 03:34:38+00:00,,11.32,11.32,10.88,1,2,tty | needs-ci,0,0,0,NONE,2437,53,4,8,1,0,0,0,0,119012,36525,1490,119012,1537562,0.0002,0.0,Low,Keep In Normal Delivery Rhythm.
Runtime Platform Stabilization,Runtime Engineering,nodejs/node,65112,https://github.com/nodejs/node/pull/65112,Pull Request,crypto: prevent Hmac.digest() from returning uninitialized memory after stream use,open,2026-08-07 17:06:15+00:00,2026-08-18 09:25:41+00:00,,11.32,11.32,0.64,2,3,crypto | c++ | needs-ci,0,0,0,MEMBER,1013,82,4,8,1,0,0,0,0,119012,36525,1490,119012,1537562,0.0,0.0,Low,Keep In Normal Delivery Rhythm.
Cloud Native Platform Reliability,Cloud Platform,kubernetes/kubernetes,141259,https://github.com/kubernetes/kubernetes/issues/141259,Issue,Documentation: Add onboarding guide for kube-system deployments,closed,2026-08-07 17:30:35+00:00,2026-08-08 13:57:17+00:00,2026-08-08 13:57:17+00:00,11.3,0.85,10.45,4,2,needs-sig | needs-triage,0,0,0,NONE,596,63,4,8,1,0,0,1,0,124580,43868,2952,124580,1510698,0.0,0.0,Low,Keep In Normal Delivery Rhythm.
Runtime Platform Stabilization,Runtime Engineering,nodejs/node,65113,https://github.com/nodejs/node/pull/65113,Pull Request,fs: fix `realpath` leaving symlinks unresolved after an unrelated stat,open,2026-08-07 17:32:51+00:00,2026-08-16 18:03:04+00:00,,11.3,11.3,2.28,9,3,fs | needs-ci | commit-queue-squash,0,0,0,NONE,3392,70,4,8,1,0,0,0,0,119012,36525,1490,119012,1537562,0.0001,0.0,Low,Keep In Normal Delivery Rhythm.
Runtime Platform Stabilization,Runtime Engineering,nodejs/node,65114,https://github.com/nodejs/node/pull/65114,Pull Request,deps: update perfetto to 57.2,closed,2026-08-07 18:09:25+00:00,2026-08-14 18:33:32+00:00,2026-08-14 18:33:28+00:00,11.27,7.02,4.26,4,3,author ready | needs-ci | dependencies,0,0,0,COLLABORATOR,48,29,4,8,1,0,0,0,0,119012,36525,1490,119012,1537562,0.0,0.0,Low,Keep In Normal Delivery Rhythm.
Runtime Platform Stabilization,Runtime Engineering,nodejs/node,65115,https://github.com/nodejs/node/pull/65115,Pull Request,"crypto,lib: read WebCrypto inputs through primordials",closed,2026-08-07 18:26:24+00:00,2026-08-09 19:12:28+00:00,2026-08-09 19:10:32+00:00,11.26,2.03,9.23,5,6,lib / src | author ready | needs-ci | webcrypto | commit-queue-rebase | web-standards,0,0,0,MEMBER,1384,53,4,8,1,0,0,0,0,119012,36525,1490,119012,1537562,0.0,0.0,Low,Keep In Normal Delivery Rhythm.
Runtime Platform Stabilization,Runtime Engineering,nodejs/node,65116,https://github.com/nodejs/node/pull/65116,Pull Request,http2: fix onread assert when destroying session from stream handler,open,2026-08-07 18:42:47+00:00,2026-08-12 16:36:30+00:00,,11.25,11.25,6.34,1,3,c++ | http2 | needs-ci,0,0,0,NONE,1441,68,4,8,1,0,0,0,0,119012,36525,1490,119012,1537562,0.0,0.0,Low,Keep In Normal Delivery Rhythm.
Runtime Platform Stabilization,Runtime Engineering,nodejs/node,65117,https://github.com/nodejs/node/pull/65117,Pull Request,deps: V8: cherry-pick 6c1b7a313b81,open,2026-08-07 19:25:10+00:00,2026-08-11 09:33:59+00:00,,11.22,11.22,7.63,2,2,v8 engine | needs-ci,0,0,0,CONTRIBUTOR,405,34,4,8,1,0,0,0,0,119012,36525,1490,119012,1537562,0.0,0.0,Low,Keep In Normal Delivery Rhythm.
Runtime Platform Stabilization,Runtime Engineering,nodejs/node,65118,https://github.com/nodejs/node/pull/65118,Pull Request,deps: cherry-pick libuv/libuv@e640dc9,closed,2026-08-07 19:48:30+00:00,2026-08-14 20:02:13+00:00,2026-08-14 20:02:09+00:00,11.2,7.01,4.19,4,3,libuv | author ready | needs-ci,0,0,0,CONTRIBUTOR,696,37,4,8,1,0,0,0,0,119012,36525,1490,119012,1537562,0.0,0.0,Low,Keep In Normal Delivery Rhythm.
Runtime Platform Stabilization,Runtime Engineering,nodejs/node,65119,https://github.com/nodejs/node/pull/65119,Pull Request,lib: make Navigator WPT-compliant,open,2026-08-07 20:11:47+00:00,2026-08-17 02:34:50+00:00,,11.19,11.19,1.92,7,3,discuss | needs-ci | web-standards,0,0,0,MEMBER,157,33,4,8,1,0,0,0,0,119012,36525,1490,119012,1537562,0.0,0.0,Low,Keep In Normal Delivery Rhythm.
Runtime Platform Stabilization,Runtime Engineering,nodejs/node,65120,https://github.com/nodejs/node/pull/65120,Pull Request,perf_hooks: fix timerify() inconsistency for rejected thenables,open,2026-08-07 20:20:05+00:00,2026-08-10 08:31:42+00:00,,11.18,11.18,8.67,0,1,needs-ci,0,0,0,NONE,1509,63,4,8,1,0,0,0,0,119012,36525,1490,119012,1537562,0.0,0.0,Low,Keep In Normal Delivery Rhythm.
Runtime Platform Stabilization,Runtime Engineering,nodejs/node,65121,https://github.com/nodejs/node/pull/65121,Pull Request,src: wake worker drain for foreground tasks,open,2026-08-07 20:20:21+00:00,2026-08-08 19:04:56+00:00,,11.18,11.18,10.23,4,2,c++ | needs-ci,0,0,0,CONTRIBUTOR,1469,43,4,8,1,0,0,0,0,119012,36525,1490,119012,1537562,0.0,0.0,Low,Keep In Normal Delivery Rhythm.
Runtime Platform Stabilization,Runtime Engineering,nodejs/node,65122,https://github.com/nodejs/node/pull/65122,Pull Request,meta: make code-and-learn PRs fast-trackable,closed,2026-08-07 20:49:55+00:00,2026-08-07 23:06:40+00:00,2026-08-07 23:06:40+00:00,11.16,0.09,11.07,2,1,meta,0,0,0,MEMBER,411,44,4,8,0,0,0,0,0,119012,36525,1490,119012,1537562,0.0,0.0,Low,Keep In Normal Delivery Rhythm.
Cloud Native Platform Reliability,Cloud Platform,kubernetes/kubernetes,141260,https://github.com/kubernetes/kubernetes/pull/141260,Pull Request,core: add +k8s:update=NoUnset to Node.Spec.PodCIDRs,open,2026-08-07 20:57:38+00:00,2026-08-12 12:08:20+00:00,,11.16,11.16,6.52,9,12,area/test | sig/api-machinery | release-note | size/M | kind/api-change | sig/apps | cncf-cla: yes | sig/testing | needs-ok-to-test | needs-priority | needs-triage | area/api-validation,1,0,0,CONTRIBUTOR,2364,51,4,8,1,0,1,1,0,124580,43868,2952,124580,1510698,0.0005,0.0,Low,Keep In Normal Delivery Rhythm.
Runtime Platform Stabilization,Runtime Engineering,nodejs/node,65123,https://github.com/nodejs/node/pull/65123,Pull Request,[v24.x backport] wasm: enable JSPI,closed,2026-08-07 21:00:22+00:00,2026-08-13 11:40:44+00:00,2026-08-13 09:14:37+00:00,11.15,5.51,5.54,6,4,c++ | author ready | needs-ci | v24.x,0,0,0,CONTRIBUTOR,2483,34,4,8,1,0,0,0,0,119012,36525,1490,119012,1537562,0.0,0.0,Low,Keep In Normal Delivery Rhythm.
Runtime Platform Stabilization,Runtime Engineering,nodejs/node,65124,https://github.com/nodejs/node/pull/65124,Pull Request,doc: fix util signal exit code link,closed,2026-08-07 21:10:00+00:00,2026-08-10 15:35:35+00:00,2026-08-10 15:35:34+00:00,11.15,2.77,8.38,5,4,child_process | doc | author ready | commit-queue-failed,0,0,0,NONE,2103,35,4,8,0,0,0,0,0,119012,36525,1490,119012,1537562,0.0,0.0,Low,Keep In Normal Delivery Rhythm.
Runtime Platform Stabilization,Runtime Engineering,nodejs/node,65125,https://github.com/nodejs/node/pull/65125,Pull Request,[v24.x] backport ERR_REQUIRE_ASYNC_MODULE improvements,closed,2026-08-07 21:31:24+00:00,2026-08-13 17:19:33+00:00,2026-08-13 14:50:57+00:00,11.13,5.72,5.31,6,4,lib / src | author ready | needs-ci | v24.x,0,0,0,MEMBER,2088,54,4,8,1,0,0,0,0,119012,36525,1490,119012,1537562,0.0,0.0,Low,Keep In Normal Delivery Rhythm.
Cloud Native Platform Reliability,Cloud Platform,kubernetes/kubernetes,141261,https://github.com/kubernetes/kubernetes/pull/141261,Pull Request,kubelet: cpumanager: Fix exclusive allocation metrics accounting,open,2026-08-08 01:10:45+00:00,2026-08-14 15:10:58+00:00,,10.98,10.98,4.4,7,8,kind/bug | area/kubelet | sig/node | release-note | size/XL | cncf-cla: yes | needs-priority | needs-triage,0,0,0,CONTRIBUTOR,6801,64,5,8,1,1,1,1,0,124580,43868,2952,124580,1510698,0.0004,0.0,Low,Keep In Normal Delivery Rhythm.
Cloud Native Platform Reliability,Cloud Platform,kubernetes/kubernetes,141262,https://github.com/kubernetes/kubernetes/issues/141262,Issue,CPU manager exclusive allocation metrics drifts,open,2026-08-08 01:27:00+00:00,2026-08-08 01:28:12+00:00,,10.97,10.97,10.97,1,4,kind/bug | priority/important-soon | sig/node | triage/accepted,1,0,0,CONTRIBUTOR,3851,47,5,8,0,1,1,1,0,124580,43868,2952,124580,1510698,0.0437,4.4,Low,Keep In Normal Delivery Rhythm.
Cloud Native Platform Reliability,Cloud Platform,kubernetes/kubernetes,141263,https://github.com/kubernetes/kubernetes/issues/141263,Issue,kubectl rollout history CHANGE-CAUSE shows incorrect image version,closed,2026-08-08 02:16:07+00:00,2026-08-08 05:02:39+00:00,2026-08-08 02:23:36+00:00,10.94,0.01,10.82,6,4,kind/bug | kind/support | needs-sig | needs-triage,0,0,0,NONE,3347,66,5,8,1,1,0,1,0,124580,43868,2952,124580,1510698,0.0388,3.9,Low,Keep In Normal Delivery Rhythm.
Cloud Native Platform Reliability,Cloud Platform,kubernetes/kubernetes,141264,https://github.com/kubernetes/kubernetes/pull/141264,Pull Request,Handle MinInt64 negation overflow in Quantity.Neg and Sub,open,2026-08-08 02:23:29+00:00,2026-08-12 21:10:08+00:00,,10.93,10.93,6.15,7,10,kind/bug | lgtm | sig/api-machinery | release-note | size/L | approved | cncf-cla: yes | do-not-merge/hold | needs-priority | triage/accepted,1,0,0,MEMBER,5973,57,5,8,1,1,1,1,0,124580,43868,2952,124580,1510698,0.0044,0.4,Low,Keep In Normal Delivery Rhythm.
Cloud Native Platform Reliability,Cloud Platform,kubernetes/kubernetes,141265,https://github.com/kubernetes/kubernetes/pull/141265,Pull Request,feat/kubelet: add DevicePluginDegradedHealth alpha feature gate,closed,2026-08-08 03:21:21+00:00,2026-08-08 03:38:33+00:00,2026-08-08 03:38:33+00:00,10.89,0.01,10.88,9,10,area/kubelet | sig/node | needs-rebase | size/XL | cncf-cla: no | needs-ok-to-test | do-not-merge/release-note-label-needed | needs-priority | needs-triage | do-not-merge/needs-kind,0,0,0,NONE,2146,63,5,8,1,0,1,1,0,124580,43868,2952,124580,1510698,0.0143,1.4,Low,Keep In Normal Delivery Rhythm.
Runtime Platform Stabilization,Runtime Engineering,nodejs/node,65126,https://github.com/nodejs/node/issues/65126,Issue,"commit-queue & Auto Start CI failing with ""Cannot find package 'yargs'""",closed,2026-08-08 04:02:16+00:00,2026-08-08 08:13:30+00:00,2026-08-08 08:13:30+00:00,10.86,0.17,10.69,5,0,,0,0,0,MEMBER,1282,71,5,8,0,0,0,0,0,119012,36525,1490,119012,1537562,0.0002,0.0,Low,Keep In Normal Delivery Rhythm.
Cloud Native Platform Reliability,Cloud Platform,kubernetes/kubernetes,141266,https://github.com/kubernetes/kubernetes/pull/141266,Pull Request,validation-gen:Enable +k8s:format=k8s-ip validation tag,open,2026-08-08 04:34:11+00:00,2026-08-12 11:58:49+00:00,,10.84,10.84,6.53,5,9,sig/api-machinery | release-note | size/L | kind/feature | cncf-cla: yes | area/code-generation | needs-priority | needs-triage | area/api-validation,0,0,0,CONTRIBUTOR,1969,55,5,8,1,0,1,1,0,124580,43868,2952,124580,1510698,0.0024,0.2,Low,Keep In Normal Delivery Rhythm.
Runtime Platform Stabilization,Runtime Engineering,nodejs/node,65127,https://github.com/nodejs/node/issues/65127,Issue,`stream.pipeline()` can both throw synchronously and invoke the callback reporting success,open,2026-08-08 05:09:12+00:00,2026-08-08 05:09:12+00:00,,10.81,10.81,10.81,0,0,,0,0,0,CONTRIBUTOR,3581,90,5,8,0,0,0,0,0,119012,36525,1490,119012,1537562,0.0,0.0,Low,Keep In Normal Delivery Rhythm.
Runtime Platform Stabilization,Runtime Engineering,nodejs/node,65128,https://github.com/nodejs/node/pull/65128,Pull Request,stream: skip pipeline callback on sync throw,open,2026-08-08 06:14:59+00:00,2026-08-10 08:31:25+00:00,,10.77,10.77,8.67,3,2,stream | needs-ci,0,0,0,CONTRIBUTOR,831,44,5,8,1,0,0,0,0,119012,36525,1490,119012,1537562,0.0003,0.0,Low,Keep In Normal Delivery Rhythm.
Runtime Platform Stabilization,Runtime Engineering,nodejs/node,65129,https://github.com/nodejs/node/pull/65129,Pull Request,tools: bump js-yaml from 4.2.0 to 4.3.1 in /tools/lint-md,closed,2026-08-08 07:31:11+00:00,2026-08-10 15:07:14+00:00,2026-08-10 15:07:10+00:00,10.72,2.32,8.4,2,3,tools | dependencies | javascript,0,0,0,CONTRIBUTOR,4194,57,5,8,0,0,0,0,0,119012,36525,1490,119012,1537562,0.0001,0.0,Low,Keep In Normal Delivery Rhythm.
Runtime Platform Stabilization,Runtime Engineering,nodejs/node,65130,https://github.com/nodejs/node/pull/65130,Pull Request,tools: bump js-yaml from 4.2.0 to 4.3.1 in /tools/eslint,closed,2026-08-08 07:31:17+00:00,2026-08-10 15:07:01+00:00,2026-08-10 15:06:57+00:00,10.72,2.32,8.4,2,3,tools | dependencies | javascript,0,0,0,CONTRIBUTOR,4194,56,5,8,0,0,0,0,0,119012,36525,1490,119012,1537562,0.0002,0.0,Low,Keep In Normal Delivery Rhythm.
Runtime Platform Stabilization,Runtime Engineering,nodejs/node,65131,https://github.com/nodejs/node/pull/65131,Pull Request,fs: use fast paths for UTF-8 aliases,open,2026-08-08 08:00:50+00:00,2026-08-08 08:01:09+00:00,,10.7,10.7,10.7,1,2,fs | needs-ci,0,0,0,NONE,242,36,5,8,1,0,0,0,0,119012,36525,1490,119012,1537562,0.0001,0.0,Low,Keep In Normal Delivery Rhythm.
Cloud Native Platform Reliability,Cloud Platform,kubernetes/kubernetes,141267,https://github.com/kubernetes/kubernetes/issues/141267,Issue,validation: incorrect field paths in core validation error messages,open,2026-08-08 08:05:23+00:00,2026-08-08 08:06:31+00:00,,10.69,10.69,10.69,2,2,sig/api-machinery | needs-triage,0,0,0,NONE,1659,67,5,8,1,0,0,1,0,124580,43868,2952,124580,1510698,0.002,0.2,Low,Keep In Normal Delivery Rhythm.
Cloud Native Platform Reliability,Cloud Platform,kubernetes/kubernetes,141268,https://github.com/kubernetes/kubernetes/pull/141268,Pull Request,validation: fix field paths in core validation error messages,open,2026-08-08 08:07:06+00:00,2026-08-08 08:08:14+00:00,,10.69,10.69,10.69,5,8,kind/bug | release-note | size/M | sig/apps | cncf-cla: yes | needs-ok-to-test | needs-priority | needs-triage,0,0,0,NONE,1737,61,5,8,1,1,1,1,0,124580,43868,2952,124580,1510698,0.0086,0.9,Low,Keep In Normal Delivery Rhythm.
Runtime Platform Stabilization,Runtime Engineering,nodejs/node,65132,https://github.com/nodejs/node/pull/65132,Pull Request,tools: move ncu config to global for commit queue,closed,2026-08-08 08:38:16+00:00,2026-08-08 11:56:15+00:00,2026-08-08 11:56:10+00:00,10.67,0.14,10.53,3,2,meta | fast-track,0,0,0,MEMBER,301,49,5,8,0,0,0,0,0,119012,36525,1490,119012,1537562,0.0001,0.0,Low,Keep In Normal Delivery Rhythm.
Runtime Platform Stabilization,Runtime Engineering,nodejs/node,65133,https://github.com/nodejs/node/pull/65133,Pull Request,process: handle closed stdio in execve,closed,2026-08-08 09:19:09+00:00,2026-08-10 09:55:45+00:00,2026-08-10 09:55:45+00:00,10.64,2.03,8.62,1,2,c++ | needs-ci,0,0,0,CONTRIBUTOR,2194,38,5,8,1,0,0,0,0,119012,36525,1490,119012,1537562,0.0002,0.0,Low,Keep In Normal Delivery Rhythm.
Runtime Platform Stabilization,Runtime Engineering,nodejs/node,65134,https://github.com/nodejs/node/pull/65134,Pull Request,process: validate debugPort strictly before narrowing,closed,2026-08-08 10:25:36+00:00,2026-08-10 09:55:44+00:00,2026-08-10 09:55:44+00:00,10.6,1.98,8.62,1,3,c++ | semver-major | needs-ci,0,0,0,CONTRIBUTOR,2179,53,5,8,1,0,0,0,0,119012,36525,1490,119012,1537562,0.0,0.0,Low,Keep In Normal Delivery Rhythm.
Runtime Platform Stabilization,Runtime Engineering,nodejs/node,65135,https://github.com/nodejs/node/pull/65135,Pull Request,process: preserve title on conversion failure,closed,2026-08-08 10:39:06+00:00,2026-08-10 09:55:43+00:00,2026-08-10 09:55:43+00:00,10.59,1.97,8.62,3,3,c++ | author ready | needs-ci,0,0,0,CONTRIBUTOR,2115,45,5,8,1,0,0,0,0,119012,36525,1490,119012,1537562,0.0003,0.0,Low,Keep In Normal Delivery Rhythm.
Runtime Platform Stabilization,Runtime Engineering,nodejs/node,65136,https://github.com/nodejs/node/pull/65136,Pull Request,deps: enable AVX-512 OpenSSL asm with clang,closed,2026-08-08 13:53:03+00:00,2026-08-11 14:09:21+00:00,2026-08-11 14:09:17+00:00,10.45,3.01,7.44,5,4,openssl | author ready | needs-ci | dependencies,0,0,0,MEMBER,1508,43,5,8,1,0,0,0,0,119012,36525,1490,119012,1537562,0.0007,0.1,Low,Keep In Normal Delivery Rhythm.
Cloud Native Platform Reliability,Cloud Platform,kubernetes/kubernetes,141269,https://github.com/kubernetes/kubernetes/issues/141269,Issue,Race condition in controller sync loop during API server latency spikes,open,2026-08-08 14:04:36+00:00,2026-08-08 14:40:03+00:00,,10.44,10.44,10.42,3,3,kind/bug | needs-sig | needs-triage,0,0,0,NONE,1491,71,5,8,1,1,0,1,0,124580,43868,2952,124580,1510698,0.0067,0.7,Low,Keep In Normal Delivery Rhythm.
Runtime Platform Stabilization,Runtime Engineering,nodejs/node,65137,https://github.com/nodejs/node/issues/65137,Issue,Document best practices for Worker threads with TypeScript,closed,2026-08-08 14:41:44+00:00,2026-08-08 15:34:28+00:00,2026-08-08 15:34:28+00:00,10.42,0.04,10.38,1,0,,0,0,0,NONE,103,58,5,8,0,0,0,0,0,119012,36525,1490,119012,1537562,0.002,0.2,Low,Keep In Normal Delivery Rhythm.
Cloud Native Platform Reliability,Cloud Platform,kubernetes/kubernetes,141270,https://github.com/kubernetes/kubernetes/issues/141270,Issue,Add sidecar container pattern example for log shipping,closed,2026-08-08 14:43:07+00:00,2026-08-08 15:35:36+00:00,2026-08-08 15:35:36+00:00,10.42,0.04,10.38,3,2,needs-sig | needs-triage,0,0,0,NONE,104,54,5,8,1,0,0,1,0,124580,43868,2952,124580,1510698,0.0064,0.6,Low,Keep In Normal Delivery Rhythm.
Runtime Platform Stabilization,Runtime Engineering,nodejs/node,65138,https://github.com/nodejs/node/pull/65138,Pull Request,stream: cut promise churn in webstreams hot paths,closed,2026-08-08 15:01:49+00:00,2026-08-15 09:44:39+00:00,2026-08-15 08:01:26+00:00,10.4,6.71,3.62,9,3,author ready | needs-ci | web streams,0,0,0,MEMBER,3960,49,5,8,1,0,0,0,0,119012,36525,1490,119012,1537562,0.0005,0.0,Low,Keep In Normal Delivery Rhythm.
Runtime Platform Stabilization,Runtime Engineering,nodejs/node,65139,https://github.com/nodejs/node/pull/65139,Pull Request,meta: add unified http api initiative,closed,2026-08-08 15:11:54+00:00,2026-08-14 15:09:52+00:00,2026-08-14 15:09:49+00:00,10.4,6.0,4.4,8,9,http | net | meta | http2 | quic | fetch | web-standards | http3 | webtransport,0,0,0,MEMBER,571,37,5,8,0,0,0,0,0,119012,36525,1490,119012,1537562,0.0003,0.0,Low,Keep In Normal Delivery Rhythm.
Cloud Native Platform Reliability,Cloud Platform,kubernetes/kubernetes,141271,https://github.com/kubernetes/kubernetes/pull/141271,Pull Request,Retry Service listing during NodePort repair,open,2026-08-08 15:14:36+00:00,2026-08-14 11:13:44+00:00,,10.39,10.39,4.56,7,8,kind/bug | sig/network | release-note | size/L | cncf-cla: yes | do-not-merge/hold | needs-priority | needs-triage,0,0,0,CONTRIBUTOR,1979,44,5,8,1,1,1,1,0,124580,43868,2952,124580,1510698,0.0021,0.2,Low,Keep In Normal Delivery Rhythm.
Runtime Platform Stabilization,Runtime Engineering,nodejs/node,65140,https://github.com/nodejs/node/issues/65140,Issue,"v22.x: main thread self-deadlocks when creating a CpuProfiler under GC pressure — backport request for V8 a6eaf75741 (RecursiveMutex for Logger, crbug 41497149)",open,2026-08-08 15:16:31+00:00,2026-08-08 15:16:31+00:00,,10.39,10.39,10.39,0,0,,0,0,0,NONE,4866,160,5,8,0,0,0,0,0,119012,36525,1490,119012,1537562,0.0002,0.0,Low,Keep In Normal Delivery Rhythm.
Runtime Platform Stabilization,Runtime Engineering,nodejs/node,65141,https://github.com/nodejs/node/pull/65141,Pull Request,crypto: make DEP0206 end-of-life,closed,2026-08-08 15:26:27+00:00,2026-08-08 17:25:30+00:00,2026-08-08 17:25:30+00:00,10.39,0.08,10.3,2,4,crypto | c++ | semver-major | needs-ci,0,0,0,MEMBER,946,32,5,8,1,0,0,0,0,119012,36525,1490,119012,1537562,0.0,0.0,Low,Keep In Normal Delivery Rhythm.
Runtime Platform Stabilization,Runtime Engineering,nodejs/node,65142,https://github.com/nodejs/node/pull/65142,Pull Request,src: add STRONG_BOOL to replace bool args,closed,2026-08-08 16:56:09+00:00,2026-08-14 02:53:59+00:00,2026-08-14 02:53:59+00:00,10.32,5.42,4.91,2,3,c++ | lib / src | needs-ci,0,0,0,MEMBER,421,41,5,8,1,0,0,0,0,119012,36525,1490,119012,1537562,0.0,0.0,Low,Keep In Normal Delivery Rhythm.
Runtime Platform Stabilization,Runtime Engineering,nodejs/node,65143,https://github.com/nodejs/node/pull/65143,Pull Request,stream: decouple transform backpressure changes,open,2026-08-08 17:49:30+00:00,2026-08-17 17:20:52+00:00,,10.29,10.29,1.31,7,3,needs-ci | web streams | commit-queue-squash,0,0,0,MEMBER,3012,47,5,8,1,0,0,0,0,119012,36525,1490,119012,1537562,0.0001,0.0,Low,Keep In Normal Delivery Rhythm.
Cloud Native Platform Reliability,Cloud Platform,kubernetes/kubernetes,141272,https://github.com/kubernetes/kubernetes/pull/141272,Pull Request,kube-proxy: return 503 for healthcheck of deleted service,open,2026-08-08 18:47:17+00:00,2026-08-10 12:30:20+00:00,,10.25,10.25,8.51,5,9,kind/bug | sig/network | area/kube-proxy | size/L | cncf-cla: yes | needs-ok-to-test | do-not-merge/release-note-label-needed | needs-priority | needs-triage,0,0,0,CONTRIBUTOR,1445,57,5,8,1,1,1,1,0,124580,43868,2952,124580,1510698,0.0128,1.3,Low,Keep In Normal Delivery Rhythm.
Cloud Native Platform Reliability,Cloud Platform,kubernetes/kubernetes,141273,https://github.com/kubernetes/kubernetes/pull/141273,Pull Request,"Add release-1.37 publishing bot rules, drop release-1.33",closed,2026-08-08 19:01:15+00:00,2026-08-08 20:19:59+00:00,2026-08-08 20:19:59+00:00,10.24,0.05,10.18,8,10,kind/cleanup | lgtm | size/XL | area/release-eng | release-note-none | approved | cncf-cla: yes | sig/release | needs-priority | needs-triage,2,1,0,MEMBER,942,56,5,8,1,0,1,1,0,124580,43868,2952,124580,1510698,0.0029,0.3,Low,Keep In Normal Delivery Rhythm.
Runtime Platform Stabilization,Runtime Engineering,nodejs/node,65144,https://github.com/nodejs/node/pull/65144,Pull Request,src: shave about 20 bytes off each TLSWrap instance,closed,2026-08-08 19:08:29+00:00,2026-08-12 14:39:33+00:00,2026-08-12 14:39:33+00:00,10.23,3.81,6.42,9,4,crypto | c++ | author ready | needs-ci,0,0,0,MEMBER,106,51,5,8,1,0,0,0,0,119012,36525,1490,119012,1537562,0.0002,0.0,Low,Keep In Normal Delivery Rhythm.
Runtime Platform Stabilization,Runtime Engineering,nodejs/node,65145,https://github.com/nodejs/node/pull/65145,Pull Request,src: make the options structs smaller with packed bits,closed,2026-08-08 20:35:17+00:00,2026-08-13 17:07:17+00:00,2026-08-13 17:07:17+00:00,10.17,4.86,5.32,7,4,c++ | lib / src | author ready | needs-ci,0,0,0,MEMBER,204,54,5,8,1,0,0,0,0,119012,36525,1490,119012,1537562,0.0,0.0,Low,Keep In Normal Delivery Rhythm.
Runtime Platform Stabilization,Runtime Engineering,nodejs/node,65146,https://github.com/nodejs/node/issues/65146,Issue,Add built-in root bounded File System APIs,closed,2026-08-08 21:09:35+00:00,2026-08-14 16:26:26+00:00,2026-08-14 16:26:26+00:00,10.15,5.8,4.34,2,1,feature request,0,0,0,NONE,1047,42,5,8,0,0,0,0,0,119012,36525,1490,119012,1537562,0.0003,0.0,Low,Keep In Normal Delivery Rhythm.
Runtime Platform Stabilization,Runtime Engineering,nodejs/node,65147,https://github.com/nodejs/node/pull/65147,Pull Request,test_runner: attribute global console output to active tests,closed,2026-08-08 21:28:28+00:00,2026-08-10 17:20:44+00:00,2026-08-10 17:20:44+00:00,10.13,1.83,8.31,4,3,console | needs-ci | test_runner,0,0,0,CONTRIBUTOR,2296,60,5,8,1,0,0,0,0,119012,36525,1490,119012,1537562,0.0,0.0,Low,Keep In Normal Delivery Rhythm.
Cloud Native Platform Reliability,Cloud Platform,kubernetes/kubernetes,141274,https://github.com/kubernetes/kubernetes/issues/141274,Issue,[DRA] ResourceClaim controller can re-reserve terminal Pods,open,2026-08-08 22:00:15+00:00,2026-08-08 22:00:22+00:00,,10.11,10.11,10.11,1,3,kind/bug | sig/node | needs-triage,0,0,0,NONE,3274,59,5,8,1,1,0,1,0,124580,43868,2952,124580,1510698,0.0578,5.8,Low,Keep In Normal Delivery Rhythm.
Cloud Native Platform Reliability,Cloud Platform,kubernetes/kubernetes,141275,https://github.com/kubernetes/kubernetes/pull/141275,Pull Request,kube-proxy: clean stale conntrack for deleted UDP services,open,2026-08-08 22:18:38+00:00,2026-08-14 10:30:53+00:00,,10.1,10.1,4.59,10,11,kind/bug | sig/network | area/kube-proxy | release-note | size/XL | cncf-cla: yes | do-not-merge/hold | area/ipvs | ok-to-test | needs-priority | needs-triage,0,0,0,CONTRIBUTOR,3632,58,5,8,1,1,1,1,0,124580,43868,2952,124580,1510698,0.0207,2.1,Low,Keep In Normal Delivery Rhythm.
Cloud Native Platform Reliability,Cloud Platform,kubernetes/kubernetes,141276,https://github.com/kubernetes/kubernetes/pull/141276,Pull Request,DRA: avoid reserving claims for terminal Pods,open,2026-08-08 22:21:33+00:00,2026-08-18 00:30:44+00:00,,10.1,10.1,1.01,7,10,kind/bug | sig/node | release-note | size/M | sig/apps | cncf-cla: no | ok-to-test | needs-priority | needs-triage | wg/device-management,0,0,0,NONE,1627,45,5,8,1,1,1,1,0,124580,43868,2952,124580,1510698,0.0237,2.4,Low,Keep In Normal Delivery Rhythm.
Runtime Platform Stabilization,Runtime Engineering,nodejs/node,65148,https://github.com/nodejs/node/pull/65148,Pull Request,src: use concepts where appropriate,closed,2026-08-08 22:42:36+00:00,2026-08-11 14:09:09+00:00,2026-08-11 14:08:58+00:00,10.08,2.64,7.44,6,5,c++ | lib / src | author ready | needs-ci | commit-queue-squash,0,0,0,MEMBER,140,35,5,8,1,0,0,0,0,119012,36525,1490,119012,1537562,0.0,0.0,Low,Keep In Normal Delivery Rhythm.
Runtime Platform Stabilization,Runtime Engineering,nodejs/node,65149,https://github.com/nodejs/node/issues/65149,Issue,sqlite: segfault when a SQLTagStore query contains only a comment,closed,2026-08-08 23:53:27+00:00,2026-08-11 03:14:54+00:00,2026-08-11 03:14:54+00:00,10.03,2.14,7.89,0,1,sqlite,0,0,0,CONTRIBUTOR,1163,65,5,8,0,0,0,0,0,119012,36525,1490,119012,1537562,0.0002,0.0,Low,Keep In Normal Delivery Rhythm.
Runtime Platform Stabilization,Runtime Engineering,nodejs/node,65150,https://github.com/nodejs/node/pull/65150,Pull Request,test: update WPT for WebCryptoAPI to 4c2fd05ed5,closed,2026-08-09 00:18:25+00:00,2026-08-16 23:27:42+00:00,2026-08-11 00:36:14+00:00,10.02,2.01,2.05,10,3,test | author ready | needs-ci,0,0,0,COLLABORATOR,149,47,6,8,1,0,0,0,0,119012,36525,1490,119012,1537562,0.0004,0.0,Low,Keep In Normal Delivery Rhythm.
Runtime Platform Stabilization,Runtime Engineering,nodejs/node,65151,https://github.com/nodejs/node/pull/65151,Pull Request,test: update WPT for urlpattern to 4832db4761,closed,2026-08-09 00:18:52+00:00,2026-08-11 00:36:02+00:00,2026-08-11 00:35:59+00:00,10.02,2.01,8.0,5,3,test | author ready | needs-ci,0,0,0,COLLABORATOR,147,45,6,8,1,0,0,0,0,119012,36525,1490,119012,1537562,0.0,0.0,Low,Keep In Normal Delivery Rhythm.
Runtime Platform Stabilization,Runtime Engineering,nodejs/node,65152,https://github.com/nodejs/node/pull/65152,Pull Request,sqlite: reject statement-less SQLTagStore queries,closed,2026-08-09 00:24:13+00:00,2026-08-10 06:05:27+00:00,2026-08-10 06:05:27+00:00,10.01,1.24,8.78,3,3,c++ | needs-ci | sqlite,0,0,0,CONTRIBUTOR,547,49,6,8,1,0,0,0,0,119012,36525,1490,119012,1537562,0.0,0.0,Low,Keep In Normal Delivery Rhythm.
Runtime Platform Stabilization,Runtime Engineering,nodejs/node,65154,https://github.com/nodejs/node/pull/65154,Pull Request,deps: update libffi to 3.8.0,closed,2026-08-09 00:31:16+00:00,2026-08-11 00:35:40+00:00,2026-08-11 00:35:37+00:00,10.01,2.0,8.0,4,4,author ready | needs-ci | dependencies | ffi,0,0,0,COLLABORATOR,47,28,6,8,1,0,0,0,0,119012,36525,1490,119012,1537562,0.0,0.0,Low,Keep In Normal Delivery Rhythm.
Runtime Platform Stabilization,Runtime Engineering,nodejs/node,65153,https://github.com/nodejs/node/pull/65153,Pull Request,deps: update googletest to d89aac5f0dd4021198d903d39de16f896726de21,closed,2026-08-09 00:31:16+00:00,2026-08-11 00:35:51+00:00,2026-08-11 00:35:48+00:00,10.01,2.0,8.0,3,4,test | author ready | needs-ci | dependencies,0,0,0,COLLABORATOR,86,67,6,8,1,0,0,0,0,119012,36525,1490,119012,1537562,0.0002,0.0,Low,Keep In Normal Delivery Rhythm.
Runtime Platform Stabilization,Runtime Engineering,nodejs/node,65155,https://github.com/nodejs/node/pull/65155,Pull Request,deps: update undici to 8.10.0,closed,2026-08-09 00:32:10+00:00,2026-08-11 00:36:30+00:00,2026-08-11 00:36:26+00:00,10.01,2.0,8.0,6,6,lib / src | author ready | needs-ci | dependencies | dont-land-on-v22.x | dont-land-on-v24.x,0,0,0,COLLABORATOR,48,29,6,8,1,0,0,0,0,119012,36525,1490,119012,1537562,0.0,0.0,Low,Keep In Normal Delivery Rhythm.
Runtime Platform Stabilization,Runtime Engineering,nodejs/node,65156,https://github.com/nodejs/node/pull/65156,Pull Request,sqlite: reject connection access from authorizer callbacks,closed,2026-08-09 01:44:17+00:00,2026-08-14 21:43:39+00:00,2026-08-14 21:43:36+00:00,9.96,5.83,4.12,5,5,c++ | author ready | needs-ci | commit-queue-squash | sqlite,0,0,0,CONTRIBUTOR,4724,58,6,8,1,0,0,0,0,119012,36525,1490,119012,1537562,0.0014,0.1,Low,Keep In Normal Delivery Rhythm.
Runtime Platform Stabilization,Runtime Engineering,nodejs/node,65157,https://github.com/nodejs/node/pull/65157,Pull Request,sqlite: reject statement-less SQL in SQLTagStore,closed,2026-08-09 01:45:16+00:00,2026-08-11 03:14:57+00:00,2026-08-11 03:14:55+00:00,9.96,2.06,7.89,5,5,c++ | author ready | needs-ci | commit-queue-rebase | sqlite,0,0,0,CONTRIBUTOR,1151,48,6,8,1,0,0,0,0,119012,36525,1490,119012,1537562,0.0001,0.0,Low,Keep In Normal Delivery Rhythm.
Cloud Native Platform Reliability,Cloud Platform,kubernetes/kubernetes,141277,https://github.com/kubernetes/kubernetes/issues/141277,Issue,client-go: publishing bot flake from FakeControllerSource shutdown deadlock,open,2026-08-09 01:57:11+00:00,2026-08-09 01:57:20+00:00,,9.95,9.95,9.95,2,3,kind/flake | needs-sig | needs-triage,0,0,0,MEMBER,869,75,6,8,1,0,0,1,0,124580,43868,2952,124580,1510698,0.0076,0.8,Low,Keep In Normal Delivery Rhythm.
Cloud Native Platform Reliability,Cloud Platform,kubernetes/kubernetes,141278,https://github.com/kubernetes/kubernetes/pull/141278,Pull Request,client-go/cache: avoid fake source shutdown deadlock,open,2026-08-09 01:59:28+00:00,2026-08-12 14:23:15+00:00,,9.95,9.95,6.43,5,9,kind/bug | sig/api-machinery | size/L | kind/flake | release-note-none | approved | cncf-cla: yes | needs-priority | needs-triage,2,0,0,MEMBER,589,52,6,8,1,1,1,1,0,124580,43868,2952,124580,1510698,0.76,76.0,High,"Escalate Blocker, Confirm Owner, And Add Executive Visibility This Week."
Runtime Platform Stabilization,Runtime Engineering,nodejs/node,65158,https://github.com/nodejs/node/pull/65158,Pull Request,src: apply multiple permissions improvements,closed,2026-08-09 02:28:35+00:00,2026-08-12 15:59:44+00:00,2026-08-12 15:59:44+00:00,9.93,3.56,6.36,9,4,c++ | lib / src | author ready | needs-ci,0,0,0,MEMBER,500,44,6,8,1,0,0,0,0,119012,36525,1490,119012,1537562,0.0013,0.1,Low,Keep In Normal Delivery Rhythm.
Runtime Platform Stabilization,Runtime Engineering,nodejs/node,65159,https://github.com/nodejs/node/pull/65159,Pull Request,src: add v8::Local specialization for MaybeStackBuffer,closed,2026-08-09 04:35:48+00:00,2026-08-17 18:42:44+00:00,2026-08-17 18:42:44+00:00,9.84,8.59,1.25,13,4,c++ | lib / src | author ready | needs-ci,0,0,0,MEMBER,292,54,6,8,1,0,0,0,0,119012,36525,1490,119012,1537562,0.0027,0.3,Low,Keep In Normal Delivery Rhythm.
Cloud Native Platform Reliability,Cloud Platform,kubernetes/kubernetes,141279,https://github.com/kubernetes/kubernetes/pull/141279,Pull Request,apiserver: improve upon Matches logic in watch cache,open,2026-08-09 04:44:54+00:00,2026-08-11 03:58:10+00:00,,9.83,9.83,7.86,8,9,kind/cleanup | area/apiserver | sig/api-machinery | size/M | release-note-none | cncf-cla: yes | needs-ok-to-test | needs-priority | needs-triage,0,0,0,NONE,1560,52,6,8,1,0,1,1,0,124580,43868,2952,124580,1510698,0.0416,4.2,Low,Keep In Normal Delivery Rhythm.
Cloud Native Platform Reliability,Cloud Platform,kubernetes/kubernetes,141280,https://github.com/kubernetes/kubernetes/pull/141280,Pull Request,fix non-root image user test on Windows,open,2026-08-09 08:01:11+00:00,2026-08-12 17:29:20+00:00,,9.7,9.7,6.3,6,10,area/test | sig/node | size/XS | release-note-none | sig/windows | cncf-cla: yes | sig/testing | kind/failing-test | needs-priority | needs-triage,0,0,0,CONTRIBUTOR,786,39,6,8,1,0,1,1,0,124580,43868,2952,124580,1510698,0.0167,1.7,Low,Keep In Normal Delivery Rhythm.
Cloud Native Platform Reliability,Cloud Platform,kubernetes/kubernetes,141281,https://github.com/kubernetes/kubernetes/pull/141281,Pull Request,kubectl: complete pod names and type/name forms for debug,open,2026-08-09 08:27:16+00:00,2026-08-09 08:28:34+00:00,,9.68,9.68,9.68,4,9,kind/bug | area/kubectl | release-note | size/M | sig/cli | cncf-cla: yes | needs-ok-to-test | needs-priority | needs-triage,0,0,0,NONE,1489,57,6,8,1,1,1,1,0,124580,43868,2952,124580,1510698,0.0488,4.9,Low,Keep In Normal Delivery Rhythm.
Runtime Platform Stabilization,Runtime Engineering,nodejs/node,65160,https://github.com/nodejs/node/pull/65160,Pull Request,Create Money-Zip-Bated,closed,2026-08-09 09:33:50+00:00,2026-08-09 10:07:19+00:00,2026-08-09 10:07:19+00:00,9.63,0.02,9.61,0,1,invalid,0,0,0,NONE,1978,22,6,8,0,0,0,0,0,119012,36525,1490,119012,1537562,0.0002,0.0,Low,Keep In Normal Delivery Rhythm.
Runtime Platform Stabilization,Runtime Engineering,nodejs/node,65161,https://github.com/nodejs/node/pull/65161,Pull Request,deps: update V8 to 15.2,open,2026-08-09 09:55:02+00:00,2026-08-14 16:52:58+00:00,,9.62,9.62,4.33,14,3,build | needs-ci | dependencies,0,0,0,MEMBER,49,23,6,8,1,0,0,0,0,119012,36525,1490,119012,1537562,0.0,0.0,Low,Keep In Normal Delivery Rhythm.
Runtime Platform Stabilization,Runtime Engineering,nodejs/node,65162,https://github.com/nodejs/node/pull/65162,Pull Request,tools: remove skip logic in `commit-queue.sh`,closed,2026-08-09 10:50:51+00:00,2026-08-11 13:44:33+00:00,2026-08-11 10:56:18+00:00,9.58,2.0,7.46,4,3,tools | fast-track | author ready,0,0,0,CONTRIBUTOR,433,45,6,8,0,0,0,0,0,119012,36525,1490,119012,1537562,0.0,0.0,Low,Keep In Normal Delivery Rhythm.
Runtime Platform Stabilization,Runtime Engineering,nodejs/node,65163,https://github.com/nodejs/node/issues/65163,Issue,"sqlite: excess bound parameters produce an opaque ""column index out of range"" error",open,2026-08-09 14:20:35+00:00,2026-08-18 04:18:03+00:00,,9.43,9.43,0.85,0,1,sqlite,0,0,0,CONTRIBUTOR,2836,83,6,8,0,0,0,0,0,119012,36525,1490,119012,1537562,0.0001,0.0,Low,Keep In Normal Delivery Rhythm.
Runtime Platform Stabilization,Runtime Engineering,nodejs/node,65164,https://github.com/nodejs/node/pull/65164,Pull Request,sqlite: improve error for excess bound parameters,open,2026-08-09 15:03:17+00:00,2026-08-09 18:44:19+00:00,,9.4,9.4,9.25,2,3,c++ | needs-ci | sqlite,0,0,0,CONTRIBUTOR,681,49,6,8,1,0,0,0,0,119012,36525,1490,119012,1537562,0.0001,0.0,Low,Keep In Normal Delivery Rhythm.
Runtime Platform Stabilization,Runtime Engineering,nodejs/node,65165,https://github.com/nodejs/node/pull/65165,Pull Request,stream: prevent pipeline() callback after sync throw,closed,2026-08-09 15:32:30+00:00,2026-08-12 21:54:10+00:00,2026-08-12 21:54:10+00:00,9.38,3.27,6.12,2,2,stream | needs-ci,0,0,0,NONE,1687,52,6,8,1,0,0,0,0,119012,36525,1490,119012,1537562,0.0001,0.0,Low,Keep In Normal Delivery Rhythm.
Runtime Platform Stabilization,Runtime Engineering,nodejs/node,65166,https://github.com/nodejs/node/pull/65166,Pull Request,tools: fix quote escaping in `update-nixpkgs-pin.sh`,closed,2026-08-09 15:58:55+00:00,2026-08-11 17:06:29+00:00,2026-08-11 17:06:25+00:00,9.36,2.05,7.32,3,2,tools | author ready,0,0,0,CONTRIBUTOR,121,52,6,8,0,0,0,0,0,119012,36525,1490,119012,1537562,0.0,0.0,Low,Keep In Normal Delivery Rhythm.
Runtime Platform Stabilization,Runtime Engineering,nodejs/node,65167,https://github.com/nodejs/node/pull/65167,Pull Request,sqlite: improve error for excess bound parameters,closed,2026-08-09 16:09:07+00:00,2026-08-09 16:09:57+00:00,2026-08-09 16:09:57+00:00,9.36,0.0,9.36,2,3,c++ | needs-ci | sqlite,0,0,0,CONTRIBUTOR,1950,49,6,8,1,0,0,0,0,119012,36525,1490,119012,1537562,0.0007,0.1,Low,Keep In Normal Delivery Rhythm.
Cloud Native Platform Reliability,Cloud Platform,kubernetes/kubernetes,141282,https://github.com/kubernetes/kubernetes/pull/141282,Pull Request,feat: add PodConditionAnalyzer utility for pod status analysis,closed,2026-08-09 17:07:45+00:00,2026-08-10 18:39:27+00:00,2026-08-10 18:39:27+00:00,9.32,1.06,8.25,8,8,size/L | kind/api-change | cncf-cla: no | needs-ok-to-test | do-not-merge/release-note-label-needed | needs-priority | needs-triage | do-not-merge/needs-sig,0,0,0,NONE,535,62,6,8,1,0,1,1,0,124580,43868,2952,124580,1510698,0.015,1.5,Low,Keep In Normal Delivery Rhythm.
Runtime Platform Stabilization,Runtime Engineering,nodejs/node,65168,https://github.com/nodejs/node/pull/65168,Pull Request,tools: make env variables consistent in cron jobs,open,2026-08-09 18:21:21+00:00,2026-08-12 16:02:21+00:00,,9.26,9.26,6.36,5,2,meta | tools,0,0,0,CONTRIBUTOR,839,49,6,8,0,0,0,0,0,119012,36525,1490,119012,1537562,0.0001,0.0,Low,Keep In Normal Delivery Rhythm.
Runtime Platform Stabilization,Runtime Engineering,nodejs/node,65169,https://github.com/nodejs/node/pull/65169,Pull Request,tools: use the read-only token when filtering PRs in CQ,closed,2026-08-09 18:30:44+00:00,2026-08-09 19:52:59+00:00,2026-08-09 19:26:22+00:00,9.26,0.04,9.2,5,2,meta | fast-track,0,0,0,CONTRIBUTOR,172,55,6,8,0,0,0,0,0,119012,36525,1490,119012,1537562,0.0,0.0,Low,Keep In Normal Delivery Rhythm.
Runtime Platform Stabilization,Runtime Engineering,nodejs/node,65170,https://github.com/nodejs/node/pull/65170,Pull Request,test_runner: do not tag-filter test file wrappers,closed,2026-08-09 19:04:58+00:00,2026-08-17 16:48:03+00:00,2026-08-11 19:34:55+00:00,9.23,2.02,1.33,5,3,author ready | needs-ci | test_runner,0,0,0,MEMBER,807,49,6,8,1,0,0,0,0,119012,36525,1490,119012,1537562,0.0002,0.0,Low,Keep In Normal Delivery Rhythm.
Runtime Platform Stabilization,Runtime Engineering,nodejs/node,65171,https://github.com/nodejs/node/pull/65171,Pull Request,doc: update synopsis,closed,2026-08-09 19:18:55+00:00,2026-08-12 07:37:30+00:00,2026-08-11 19:34:44+00:00,9.22,2.01,6.71,4,2,doc | author ready,0,0,0,MEMBER,343,20,6,8,0,0,0,0,0,119012,36525,1490,119012,1537562,0.0,0.0,Low,Keep In Normal Delivery Rhythm.
Runtime Platform Stabilization,Runtime Engineering,nodejs/node,65172,https://github.com/nodejs/node/pull/65172,Pull Request,crypto: disable non-FIPS WebCrypto paths in FIPS mode,closed,2026-08-09 19:20:50+00:00,2026-08-11 19:35:22+00:00,2026-08-11 19:34:35+00:00,9.22,2.01,7.21,6,6,c++ | lib / src | experimental | author ready | needs-ci | webcrypto,0,0,0,MEMBER,241,53,6,8,1,0,0,0,0,119012,36525,1490,119012,1537562,0.0002,0.0,Low,Keep In Normal Delivery Rhythm.
Cloud Native Platform Reliability,Cloud Platform,kubernetes/kubernetes,141283,https://github.com/kubernetes/kubernetes/issues/141283,Issue,compatibility-versions-feature-gate-test always fails since the 1.37 cut: validator ignores MinCompatibilityVersion,closed,2026-08-09 20:07:46+00:00,2026-08-12 13:19:57+00:00,2026-08-12 13:19:56+00:00,9.19,2.72,6.47,7,6,kind/bug | priority/important-soon | sig/api-machinery | kind/failing-test | sig/architecture | triage/accepted,1,1,0,MEMBER,6544,115,6,8,0,1,1,1,0,124580,43868,2952,124580,1510698,0.0024,0.2,Low,Keep In Normal Delivery Rhythm.
Runtime Platform Stabilization,Runtime Engineering,nodejs/node,65173,https://github.com/nodejs/node/pull/65173,Pull Request,test: account for [EnforceRange] in test-webcrypto-prototype-pollution,closed,2026-08-09 20:12:10+00:00,2026-08-09 21:47:45+00:00,2026-08-09 20:45:10+00:00,9.19,0.02,9.12,4,4,test | fast-track | author ready | needs-ci,0,0,0,MEMBER,74,70,6,8,1,0,0,0,0,119012,36525,1490,119012,1537562,0.0009,0.1,Low,Keep In Normal Delivery Rhythm.
Runtime Platform Stabilization,Runtime Engineering,nodejs/node,65174,https://github.com/nodejs/node/pull/65174,Pull Request,doc: fix fs.watch overflow option accepted value,closed,2026-08-09 23:34:03+00:00,2026-08-10 09:50:10+00:00,2026-08-10 09:50:10+00:00,9.05,0.43,8.62,0,3,doc | fs | author ready,0,0,0,NONE,985,48,6,8,0,0,0,0,0,119012,36525,1490,119012,1537562,0.0001,0.0,Low,Keep In Normal Delivery Rhythm.
Runtime Platform Stabilization,Runtime Engineering,nodejs/node,65175,https://github.com/nodejs/node/pull/65175,Pull Request,doc: correct Http2SecureServer.setTimeout() default,closed,2026-08-09 23:34:14+00:00,2026-08-10 09:50:11+00:00,2026-08-10 09:50:11+00:00,9.05,0.43,8.62,1,2,doc | http2,0,0,0,NONE,915,51,6,8,0,0,0,0,0,119012,36525,1490,119012,1537562,0.0002,0.0,Low,Keep In Normal Delivery Rhythm.
Cloud Native Platform Reliability,Cloud Platform,kubernetes/kubernetes,141284,https://github.com/kubernetes/kubernetes/issues/141284,Issue,Failure cluster [bdd28305...] `ci-kubernetes-integration-master-s390x` failures,open,2026-08-10 00:57:54+00:00,2026-08-11 08:42:47+00:00,,8.99,8.99,7.67,4,3,sig/auth | kind/failing-test | needs-triage,0,0,0,MEMBER,2824,79,0,8,1,0,0,1,0,124580,43868,2952,124580,1510698,0.0251,2.5,Low,Keep In Normal Delivery Rhythm.
Runtime Platform Stabilization,Runtime Engineering,nodejs/node,65176,https://github.com/nodejs/node/pull/65176,Pull Request,assert: keep the beginning of long strings when truncating,closed,2026-08-10 01:04:06+00:00,2026-08-10 09:50:11+00:00,2026-08-10 09:50:11+00:00,8.99,0.37,8.62,0,2,assert | needs-ci,0,0,0,NONE,2013,58,0,8,1,0,0,0,0,119012,36525,1490,119012,1537562,0.0001,0.0,Low,Keep In Normal Delivery Rhythm.
Cloud Native Platform Reliability,Cloud Platform,kubernetes/kubernetes,141285,https://github.com/kubernetes/kubernetes/pull/141285,Pull Request,kubelet: add PostStopContainer unit test,open,2026-08-10 01:52:48+00:00,2026-08-10 02:01:17+00:00,,8.95,8.95,8.95,7,9,area/kubelet | sig/node | size/M | release-note-none | cncf-cla: yes | needs-ok-to-test | needs-priority | needs-triage | do-not-merge/needs-kind,0,0,0,NONE,889,40,0,8,1,0,1,1,0,124580,43868,2952,124580,1510698,0.001,0.1,Low,Keep In Normal Delivery Rhythm.
Cloud Native Platform Reliability,Cloud Platform,kubernetes/kubernetes,141286,https://github.com/kubernetes/kubernetes/issues/141286,Issue,MemoryQoS: add effective-state conformance coverage,open,2026-08-10 03:11:15+00:00,2026-08-10 03:12:52+00:00,,8.9,8.9,8.9,1,2,sig/node | needs-triage,0,0,0,NONE,1507,51,0,8,1,0,0,1,0,124580,43868,2952,124580,1510698,0.0032,0.3,Low,Keep In Normal Delivery Rhythm.
Cloud Native Platform Reliability,Cloud Platform,kubernetes/kubernetes,141287,https://github.com/kubernetes/kubernetes/pull/141287,Pull Request,test: add MemoryQoS effective state conformance,open,2026-08-10 03:14:26+00:00,2026-08-12 19:31:52+00:00,,8.89,8.89,6.22,10,10,area/test | sig/node | size/L | kind/feature | release-note-none | cncf-cla: yes | sig/testing | ok-to-test | needs-priority | needs-triage,0,0,0,NONE,2015,47,0,8,1,0,1,1,0,124580,43868,2952,124580,1510698,0.0095,0.9,Low,Keep In Normal Delivery Rhythm.
Runtime Platform Stabilization,Runtime Engineering,nodejs/node,65177,https://github.com/nodejs/node/issues/65177,Issue,sqlite: StatementSync.run() loses precision for lastInsertRowid instead of throwing ERR_OUT_OF_RANGE,closed,2026-08-10 03:47:19+00:00,2026-08-17 04:01:49+00:00,2026-08-17 04:01:49+00:00,8.87,7.01,1.86,0,1,sqlite,1,0,0,MEMBER,1011,100,0,8,0,0,0,0,0,119012,36525,1490,119012,1537562,0.0017,0.2,Low,Keep In Normal Delivery Rhythm.
Runtime Platform Stabilization,Runtime Engineering,nodejs/node,65178,https://github.com/nodejs/node/pull/65178,Pull Request,sqlite: validate StatementSync.run() integers,closed,2026-08-10 03:47:54+00:00,2026-08-17 04:01:51+00:00,2026-08-17 04:01:48+00:00,8.87,7.01,1.86,5,5,c++ | author ready | needs-ci | commit-queue-squash | sqlite,0,0,0,MEMBER,304,45,0,8,1,0,0,0,0,119012,36525,1490,119012,1537562,0.0005,0.0,Low,Keep In Normal Delivery Rhythm.
Runtime Platform Stabilization,Runtime Engineering,nodejs/node,65179,https://github.com/nodejs/node/pull/65179,Pull Request,doc: correct net autoSelectFamilyAttemptTimeout default,closed,2026-08-10 04:00:52+00:00,2026-08-10 09:50:12+00:00,2026-08-10 09:50:12+00:00,8.86,0.24,8.62,1,2,doc | net,0,0,0,NONE,687,55,0,8,0,0,0,0,0,119012,36525,1490,119012,1537562,0.0,0.0,Low,Keep In Normal Delivery Rhythm.
Runtime Platform Stabilization,Runtime Engineering,nodejs/node,65180,https://github.com/nodejs/node/pull/65180,Pull Request,readline: align delete-word-right span with word-right,closed,2026-08-10 04:17:44+00:00,2026-08-10 09:50:12+00:00,2026-08-10 09:50:12+00:00,8.85,0.23,8.62,0,2,readline | needs-ci,0,0,0,NONE,1699,54,0,8,1,0,0,0,0,119012,36525,1490,119012,1537562,0.0,0.0,Low,Keep In Normal Delivery Rhythm.
Runtime Platform Stabilization,Runtime Engineering,nodejs/node,65181,https://github.com/nodejs/node/pull/65181,Pull Request,doc: add AES-OCB to aesKeyGenParams.name,closed,2026-08-10 04:19:12+00:00,2026-08-10 09:50:13+00:00,2026-08-10 09:50:13+00:00,8.85,0.23,8.62,1,4,crypto | doc | author ready | commit-queue,0,0,0,NONE,812,40,0,8,0,0,0,0,0,119012,36525,1490,119012,1537562,0.0,0.0,Low,Keep In Normal Delivery Rhythm.
Runtime Platform Stabilization,Runtime Engineering,nodejs/node,65182,https://github.com/nodejs/node/pull/65182,Pull Request,meta: move one or more collaborators to emeritus,closed,2026-08-10 04:41:07+00:00,2026-08-13 21:54:41+00:00,2026-08-13 21:54:37+00:00,8.83,3.72,5.12,2,3,doc | meta | author ready,0,0,0,COLLABORATOR,300,48,0,8,0,0,0,0,0,119012,36525,1490,119012,1537562,0.0,0.0,Low,Keep In Normal Delivery Rhythm.
Runtime Platform Stabilization,Runtime Engineering,nodejs/node,65183,https://github.com/nodejs/node/issues/65183,Issue,ffi: JavaScript wrappers make non-constructible native functions constructible,closed,2026-08-10 05:41:53+00:00,2026-08-17 16:26:49+00:00,2026-08-17 16:26:49+00:00,8.79,7.45,1.34,0,1,ffi,1,0,0,MEMBER,2234,78,0,8,0,0,0,0,0,119012,36525,1490,119012,1537562,0.0001,0.0,Low,Keep In Normal Delivery Rhythm.
Runtime Platform Stabilization,Runtime Engineering,nodejs/node,65184,https://github.com/nodejs/node/pull/65184,Pull Request,ffi: keep FFI functions non-constructible,closed,2026-08-10 05:42:47+00:00,2026-08-17 16:26:52+00:00,2026-08-17 16:26:48+00:00,8.79,7.45,1.34,8,2,needs-ci | ffi,0,0,0,MEMBER,302,41,0,8,1,0,0,0,0,119012,36525,1490,119012,1537562,0.0,0.0,Low,Keep In Normal Delivery Rhythm.
Cloud Native Platform Reliability,Cloud Platform,kubernetes/kubernetes,141288,https://github.com/kubernetes/kubernetes/issues/141288,Issue,[Flaking Test] ci-kubernetes-e2e-kind-alpha-beta-features.[sig-apps] StatefulSet StatefulSet Recreate Update Strategy should preserve Parallel PodManagementPolicy when recreating pods with recreate strategy,closed,2026-08-10 06:43:57+00:00,2026-08-10 15:00:14+00:00,2026-08-10 15:00:14+00:00,8.75,0.34,8.4,5,3,kind/flake | sig/apps | triage/accepted,1,0,0,NONE,1573,206,0,8,0,0,0,1,0,124580,43868,2952,124580,1510698,0.8185,81.8,High,"Move To PMO Watchlist, Validate Scope, Owner, And Next Decision Date."
Runtime Platform Stabilization,Runtime Engineering,nodejs/node,65185,https://github.com/nodejs/node/pull/65185,Pull Request,"Revert ""tools: use the read-only token when filtering PRs in CQ""",closed,2026-08-10 07:18:35+00:00,2026-08-10 08:44:45+00:00,2026-08-10 08:43:51+00:00,8.72,0.06,8.67,3,3,meta | fast-track | author ready,0,0,0,MEMBER,293,64,0,8,0,0,0,0,0,119012,36525,1490,119012,1537562,0.0019,0.2,Low,Keep In Normal Delivery Rhythm.
Cloud Native Platform Reliability,Cloud Platform,kubernetes/kubernetes,141289,https://github.com/kubernetes/kubernetes/pull/141289,Pull Request,Add initial Kubernetes practice file,closed,2026-08-10 07:47:31+00:00,2026-08-10 10:38:20+00:00,2026-08-10 10:38:20+00:00,8.7,0.12,8.59,7,8,size/XS | cncf-cla: no | needs-ok-to-test | do-not-merge/release-note-label-needed | needs-priority | needs-triage | do-not-merge/needs-sig | do-not-merge/needs-kind,0,0,0,NONE,3277,36,0,8,1,0,1,1,0,124580,43868,2952,124580,1510698,0.0004,0.0,Low,Keep In Normal Delivery Rhythm.
Runtime Platform Stabilization,Runtime Engineering,nodejs/node,65186,https://github.com/nodejs/node/pull/65186,Pull Request,doc: correct cluster serialization default,closed,2026-08-10 07:56:08+00:00,2026-08-10 09:50:13+00:00,2026-08-10 09:50:13+00:00,8.7,0.08,8.62,0,2,cluster | doc,0,0,0,NONE,506,42,0,8,0,0,0,0,0,119012,36525,1490,119012,1537562,0.0,0.0,Low,Keep In Normal Delivery Rhythm.
Runtime Platform Stabilization,Runtime Engineering,nodejs/node,65187,https://github.com/nodejs/node/pull/65187,Pull Request,doc: correct util.inspect null-prototype example,closed,2026-08-10 07:57:14+00:00,2026-08-10 09:50:14+00:00,2026-08-10 09:50:14+00:00,8.7,0.08,8.62,0,2,util | doc,0,0,0,NONE,388,48,0,8,0,0,0,0,0,119012,36525,1490,119012,1537562,0.0,0.0,Low,Keep In Normal Delivery Rhythm.
Runtime Platform Stabilization,Runtime Engineering,nodejs/node,65188,https://github.com/nodejs/node/pull/65188,Pull Request,doc: correct HTTPS server defaults,closed,2026-08-10 07:58:06+00:00,2026-08-10 09:50:14+00:00,2026-08-10 09:50:14+00:00,8.7,0.08,8.62,0,2,https | doc,0,0,0,NONE,655,34,0,8,0,0,0,0,0,119012,36525,1490,119012,1537562,0.0,0.0,Low,Keep In Normal Delivery Rhythm.
Runtime Platform Stabilization,Runtime Engineering,nodejs/node,65189,https://github.com/nodejs/node/pull/65189,Pull Request,doc: correct HTTP/2 HTTP/1 keepAliveTimeout default,closed,2026-08-10 07:59:05+00:00,2026-08-10 09:50:15+00:00,2026-08-10 09:50:15+00:00,8.7,0.08,8.62,1,2,doc | http2,0,0,0,NONE,543,51,0,8,0,0,0,0,0,119012,36525,1490,119012,1537562,0.0,0.0,Low,Keep In Normal Delivery Rhythm.
Runtime Platform Stabilization,Runtime Engineering,nodejs/node,65190,https://github.com/nodejs/node/pull/65190,Pull Request,doc: mark Resolver.setLocalAddress ipv4 as required,closed,2026-08-10 07:59:51+00:00,2026-08-10 09:50:15+00:00,2026-08-10 09:50:15+00:00,8.7,0.08,8.62,1,2,doc | dns,0,0,0,NONE,577,51,0,8,0,0,0,0,0,119012,36525,1490,119012,1537562,0.0,0.0,Low,Keep In Normal Delivery Rhythm.
Runtime Platform Stabilization,Runtime Engineering,nodejs/node,65191,https://github.com/nodejs/node/pull/65191,Pull Request,doc: add null to fs.read position type,closed,2026-08-10 08:00:47+00:00,2026-08-10 09:50:16+00:00,2026-08-10 09:50:16+00:00,8.7,0.08,8.62,0,2,doc | fs,0,0,0,NONE,477,38,0,8,0,0,0,0,0,119012,36525,1490,119012,1537562,0.0,0.0,Low,Keep In Normal Delivery Rhythm.
Runtime Platform Stabilization,Runtime Engineering,nodejs/node,65192,https://github.com/nodejs/node/pull/65192,Pull Request,tools: fix GITHUB_TOKEN permissions for CQ workflow,closed,2026-08-10 08:41:39+00:00,2026-08-10 12:55:12+00:00,2026-08-10 12:55:09+00:00,8.67,0.18,8.49,3,4,meta | fast-track | author ready | review wanted,0,0,0,CONTRIBUTOR,107,51,0,8,0,0,0,0,0,119012,36525,1490,119012,1537562,0.0001,0.0,Low,Keep In Normal Delivery Rhythm.
Runtime Platform Stabilization,Runtime Engineering,nodejs/node,65193,https://github.com/nodejs/node/pull/65193,Pull Request,stream: use validateNumber for options.min,closed,2026-08-10 09:12:03+00:00,2026-08-11 06:40:39+00:00,2026-08-11 06:40:39+00:00,8.65,0.89,7.75,1,2,needs-ci | web streams,0,0,0,NONE,2441,42,0,8,1,0,0,0,0,119012,36525,1490,119012,1537562,0.0009,0.1,Low,Keep In Normal Delivery Rhythm.
Cloud Native Platform Reliability,Cloud Platform,kubernetes/kubernetes,141290,https://github.com/kubernetes/kubernetes/issues/141290,Issue,[Bug] Device taint NoExecute eviction does not evict pods using DRA-backed extended-resource claims (pod.Status.ExtendedResourceClaimStatus),open,2026-08-10 09:47:57+00:00,2026-08-10 09:54:33+00:00,,8.62,8.62,8.62,2,4,kind/bug | sig/scheduling | sig/node | needs-triage,0,0,0,NONE,15901,140,0,8,1,1,0,1,0,124580,43868,2952,124580,1510698,0.0065,0.6,Low,Keep In Normal Delivery Rhythm.
Cloud Native Platform Reliability,Cloud Platform,kubernetes/kubernetes,141291,https://github.com/kubernetes/kubernetes/pull/141291,Pull Request,Add RISC-V build for the pause image,open,2026-08-10 10:02:58+00:00,2026-08-10 10:35:04+00:00,,8.61,8.61,8.59,6,9,size/XS | kind/feature | release-note-none | cncf-cla: yes | needs-ok-to-test | do-not-merge/hold | needs-priority | needs-triage | do-not-merge/needs-sig,0,0,0,NONE,2201,36,0,8,1,0,1,1,0,124580,43868,2952,124580,1510698,0.0003,0.0,Low,Keep In Normal Delivery Rhythm.
Cloud Native Platform Reliability,Cloud Platform,kubernetes/kubernetes,141292,https://github.com/kubernetes/kubernetes/pull/141292,Pull Request,test/e2e/apps: Add missing wait for pods readiness in sts test,closed,2026-08-10 11:45:59+00:00,2026-08-11 09:20:05+00:00,2026-08-10 15:00:12+00:00,8.54,0.13,7.64,11,11,area/test | priority/important-soon | lgtm | size/XS | kind/flake | release-note-none | sig/apps | approved | cncf-cla: yes | sig/testing | triage/accepted,1,1,0,CONTRIBUTOR,784,62,0,8,0,0,1,1,0,124580,43868,2952,124580,1510698,0.0011,0.1,Low,Keep In Normal Delivery Rhythm.
Runtime Platform Stabilization,Runtime Engineering,nodejs/node,65194,https://github.com/nodejs/node/pull/65194,Pull Request,debugger: wait for target startup,closed,2026-08-10 12:17:56+00:00,2026-08-17 08:42:06+00:00,2026-08-17 08:08:58+00:00,8.52,6.83,1.67,15,4,flaky-test | author ready | needs-ci | debugger,0,0,0,MEMBER,596,33,0,8,1,1,0,0,0,119012,36525,1490,119012,1537562,0.0001,0.0,Low,Keep In Normal Delivery Rhythm.
Cloud Native Platform Reliability,Cloud Platform,kubernetes/kubernetes,141293,https://github.com/kubernetes/kubernetes/issues/141293,Issue,[Bug] Non-admin users can self-escalate to DRA device adminAccess by labeling their own namespace (no RBAC check on the capability itself),closed,2026-08-10 13:05:14+00:00,2026-08-10 16:07:40+00:00,2026-08-10 16:07:39+00:00,8.48,0.13,8.36,4,6,kind/bug | sig/node | sig/api-machinery | sig/auth | needs-triage | wg/device-management,0,0,0,NONE,14081,138,0,8,1,1,0,1,0,124580,43868,2952,124580,1510698,0.032,3.2,Low,Keep In Normal Delivery Rhythm.
Runtime Platform Stabilization,Runtime Engineering,nodejs/node,65195,https://github.com/nodejs/node/issues/65195,Issue,Use-after-free in `CleanupHookThunkRun` for every `node::ObjectWrap` alive at teardown,open,2026-08-10 14:48:42+00:00,2026-08-10 14:56:28+00:00,,8.41,8.41,8.41,0,0,,0,0,0,NONE,6051,86,0,8,0,0,0,0,0,119012,36525,1490,119012,1537562,0.0,0.0,Low,Keep In Normal Delivery Rhythm.
Cloud Native Platform Reliability,Cloud Platform,kubernetes/kubernetes,141294,https://github.com/kubernetes/kubernetes/issues/141294,Issue,Placeholder SRC,open,2026-08-10 14:49:49+00:00,2026-08-10 14:49:57+00:00,,8.41,8.41,8.41,1,4,kind/bug | area/security | committee/security-response | needs-triage,0,0,0,MEMBER,53,15,0,8,1,1,0,1,0,124580,43868,2952,124580,1510698,0.0003,0.0,Low,Keep In Normal Delivery Rhythm.
Runtime Platform Stabilization,Runtime Engineering,nodejs/node,65196,https://github.com/nodejs/node/pull/65196,Pull Request,src: fix use-after-free in CleanupHookThunkRun,open,2026-08-10 14:58:55+00:00,2026-08-13 10:49:03+00:00,,8.41,8.41,5.58,4,2,c++ | needs-ci,0,0,0,NONE,1037,46,0,8,1,0,0,0,0,119012,36525,1490,119012,1537562,0.0041,0.4,Low,Keep In Normal Delivery Rhythm.
Runtime Platform Stabilization,Runtime Engineering,nodejs/node,65197,https://github.com/nodejs/node/pull/65197,Pull Request,tools: only include fast-tracked and old enough PRs in CQ,closed,2026-08-10 15:32:48+00:00,2026-08-12 15:58:21+00:00,2026-08-12 15:55:11+00:00,8.38,2.02,6.36,3,3,meta | fast-track | author ready,0,0,0,CONTRIBUTOR,484,57,0,8,0,0,0,0,0,119012,36525,1490,119012,1537562,0.0,0.0,Low,Keep In Normal Delivery Rhythm.
Runtime Platform Stabilization,Runtime Engineering,nodejs/node,65198,https://github.com/nodejs/node/pull/65198,Pull Request,test: enforce exit code in `test-http-server-stale-close`,closed,2026-08-10 15:54:15+00:00,2026-08-17 13:12:35+00:00,2026-08-17 13:03:07+00:00,8.37,6.88,1.48,4,3,test | author ready | needs-ci,0,0,0,CONTRIBUTOR,117,57,0,8,1,0,0,0,0,119012,36525,1490,119012,1537562,0.0006,0.1,Low,Keep In Normal Delivery Rhythm.
Cloud Native Platform Reliability,Cloud Platform,kubernetes/kubernetes,141295,https://github.com/kubernetes/kubernetes/pull/141295,Pull Request,docs: fix typo 'Contibution' to 'Contribution' in README files,closed,2026-08-10 15:58:28+00:00,2026-08-10 16:25:26+00:00,2026-08-10 15:59:27+00:00,8.36,0.0,8.35,8,9,kind/documentation | sig/storage | size/XS | cncf-cla: yes | sig/instrumentation | needs-ok-to-test | do-not-merge/release-note-label-needed | needs-priority | needs-triage,0,0,0,CONTRIBUTOR,842,62,0,8,1,0,1,1,0,124580,43868,2952,124580,1510698,0.0008,0.1,Low,Keep In Normal Delivery Rhythm.
Runtime Platform Stabilization,Runtime Engineering,nodejs/node,65199,https://github.com/nodejs/node/pull/65199,Pull Request,doc: document --trace-promises,open,2026-08-10 16:14:10+00:00,2026-08-11 01:28:09+00:00,,8.35,8.35,7.97,0,1,needs-ci,0,0,0,NONE,1833,30,0,8,1,0,0,0,0,119012,36525,1490,119012,1537562,0.0,0.0,Low,Keep In Normal Delivery Rhythm.
Cloud Native Platform Reliability,Cloud Platform,kubernetes/kubernetes,141296,https://github.com/kubernetes/kubernetes/pull/141296,Pull Request,Fix windows backslash escaping,closed,2026-08-10 16:31:42+00:00,2026-08-12 11:19:18+00:00,2026-08-12 11:19:18+00:00,8.34,1.78,6.56,8,11,kind/bug | priority/important-soon | area/kubectl | lgtm | size/L | release-note-none | approved | sig/cli | cncf-cla: yes | tide/merge-method-squash | triage/accepted,3,1,0,MEMBER,3429,30,0,8,0,1,1,1,0,124580,43868,2952,124580,1510698,0.0043,0.4,Low,Keep In Normal Delivery Rhythm.
Cloud Native Platform Reliability,Cloud Platform,kubernetes/kubernetes,141297,https://github.com/kubernetes/kubernetes/pull/141297,Pull Request,fix: check ExtendedResourceClaimStatus in podEvictionTime for NoExecute eviction [fj4WqyCCw3C5ShR1RfB7MoBPTpkRrBFYP1uT35g3MvT],open,2026-08-10 18:03:00+00:00,2026-08-11 08:24:20+00:00,,8.28,8.28,7.68,8,10,sig/scheduling | size/M | sig/apps | cncf-cla: no | needs-ok-to-test | do-not-merge/release-note-label-needed | needs-priority | do-not-merge/invalid-commit-message | needs-triage | do-not-merge/needs-kind,0,0,0,NONE,1279,126,0,8,1,0,1,1,0,124580,43868,2952,124580,1510698,0.022,2.2,Low,Keep In Normal Delivery Rhythm.
Cloud Native Platform Reliability,Cloud Platform,kubernetes/kubernetes,141298,https://github.com/kubernetes/kubernetes/issues/141298,Issue,Succeeded pods cause incorrect HPA calculation,open,2026-08-10 18:12:38+00:00,2026-08-12 12:44:00+00:00,,8.27,8.27,6.5,3,3,kind/bug | sig/autoscaling | triage/accepted,1,0,0,NONE,6393,46,0,8,0,1,0,1,0,124580,43868,2952,124580,1510698,0.0035,0.4,Low,Keep In Normal Delivery Rhythm.
Cloud Native Platform Reliability,Cloud Platform,kubernetes/kubernetes,141299,https://github.com/kubernetes/kubernetes/pull/141299,Pull Request,Allocator pool buffer cap,open,2026-08-10 18:24:41+00:00,2026-08-12 19:18:06+00:00,,8.26,8.26,6.23,5,10,area/test | area/apiserver | sig/api-machinery | size/L | kind/feature | release-note-none | cncf-cla: yes | sig/testing | needs-priority | needs-triage,0,0,0,CONTRIBUTOR,731,25,0,8,1,0,1,1,0,124580,43868,2952,124580,1510698,0.0004,0.0,Low,Keep In Normal Delivery Rhythm.
Runtime Platform Stabilization,Runtime Engineering,nodejs/node,65200,https://github.com/nodejs/node/pull/65200,Pull Request,crypto: fix missing error checks on ASN1_STRING_to_UTF8(),open,2026-08-10 18:51:09+00:00,2026-08-11 01:28:17+00:00,,8.24,8.24,7.97,3,3,author ready | needs-ci | dependencies,0,0,0,CONTRIBUTOR,2467,57,0,8,1,0,0,0,0,119012,36525,1490,119012,1537562,0.0,0.0,Low,Keep In Normal Delivery Rhythm.
Cloud Native Platform Reliability,Cloud Platform,kubernetes/kubernetes,141300,https://github.com/kubernetes/kubernetes/pull/141300,Pull Request,fix: exclude Succeeded pods from HPA groupPods calculation,closed,2026-08-10 19:29:46+00:00,2026-08-11 06:20:17+00:00,2026-08-11 06:20:16+00:00,8.22,0.45,7.77,8,9,sig/autoscaling | size/XS | sig/apps | cncf-cla: no | needs-ok-to-test | do-not-merge/release-note-label-needed | needs-priority | needs-triage | do-not-merge/needs-kind,0,0,0,NONE,953,58,0,8,1,0,1,1,0,124580,43868,2952,124580,1510698,0.0077,0.8,Low,Keep In Normal Delivery Rhythm.
Cloud Native Platform Reliability,Cloud Platform,kubernetes/kubernetes,141301,https://github.com/kubernetes/kubernetes/pull/141301,Pull Request,Update google.golang.org/protobuf to v1.36.12,open,2026-08-10 19:49:45+00:00,2026-08-18 20:09:24+00:00,,8.2,8.2,0.19,10,28,sig/network | area/kubelet | sig/scheduling | area/kube-proxy | area/apiserver | area/kubectl | lgtm | area/cloudprovider | sig/storage | sig/node | sig/api-machinery | sig/cluster-lifecycle | size/M | release-note-none | sig/auth | approved | sig/cli | cncf-cla: yes | sig/instrumentation | sig/architecture | area/code-generation | sig/cloud-provider | needs-priority | area/dependency | area/code-organization | triage/accepted | wg/device-management | kind/dependency,1,1,0,MEMBER,870,45,0,8,1,0,1,1,0,124580,43868,2952,124580,1510698,0.0035,0.3,Low,Keep In Normal Delivery Rhythm.
Runtime Platform Stabilization,Runtime Engineering,nodejs/node,65201,https://github.com/nodejs/node/pull/65201,Pull Request,crypto: check return values of BIO output functions,open,2026-08-10 20:07:15+00:00,2026-08-11 01:28:28+00:00,,8.19,8.19,7.97,1,2,needs-ci | dependencies,0,0,0,CONTRIBUTOR,2247,51,0,8,1,0,0,0,0,119012,36525,1490,119012,1537562,0.0003,0.0,Low,Keep In Normal Delivery Rhythm.
Runtime Platform Stabilization,Runtime Engineering,nodejs/node,65202,https://github.com/nodejs/node/issues/65202,Issue,`--check` silently passes a `.js` file with a syntax error when the file contains ESM syntax,closed,2026-08-10 20:55:10+00:00,2026-08-12 21:47:13+00:00,2026-08-12 21:47:13+00:00,8.16,2.04,6.12,1,0,,0,0,0,NONE,4291,92,0,8,0,0,0,0,0,119012,36525,1490,119012,1537562,0.0002,0.0,Low,Keep In Normal Delivery Rhythm.
Runtime Platform Stabilization,Runtime Engineering,nodejs/node,65203,https://github.com/nodejs/node/pull/65203,Pull Request,module: fix --check on ambiguous ESM files,closed,2026-08-10 21:15:05+00:00,2026-08-12 21:47:16+00:00,2026-08-12 21:47:12+00:00,8.14,2.02,6.12,6,2,author ready | needs-ci,0,0,0,CONTRIBUTOR,1544,42,0,8,1,0,0,0,0,119012,36525,1490,119012,1537562,0.0,0.0,Low,Keep In Normal Delivery Rhythm.
Cloud Native Platform Reliability,Cloud Platform,kubernetes/kubernetes,141302,https://github.com/kubernetes/kubernetes/pull/141302,Pull Request,Ignore succeeded pods in HPA replica calculations,open,2026-08-10 22:15:48+00:00,2026-08-13 22:37:38+00:00,,8.1,8.1,5.09,8,9,kind/bug | sig/autoscaling | size/L | release-note-none | sig/apps | cncf-cla: yes | ok-to-test | needs-priority | needs-triage,0,0,0,NONE,576,49,0,8,1,1,1,1,0,124580,43868,2952,124580,1510698,0.0059,0.6,Low,Keep In Normal Delivery Rhythm.
Cloud Native Platform Reliability,Cloud Platform,kubernetes/kubernetes,141303,https://github.com/kubernetes/kubernetes/pull/141303,Pull Request,featuregates: preserve min compatibility versions in generated list,open,2026-08-10 22:38:18+00:00,2026-08-10 22:42:58+00:00,,8.09,8.09,8.08,5,10,area/test | sig/api-machinery | size/M | release-note-none | cncf-cla: yes | sig/testing | needs-ok-to-test | needs-priority | needs-triage | do-not-merge/needs-kind,0,0,0,NONE,635,67,0,8,1,0,1,1,0,124580,43868,2952,124580,1510698,0.0178,1.8,Low,Keep In Normal Delivery Rhythm.
Cloud Native Platform Reliability,Cloud Platform,kubernetes/kubernetes,141304,https://github.com/kubernetes/kubernetes/pull/141304,Pull Request,Ignore NotFound errors when deleting EndpointSlices,open,2026-08-11 00:16:46+00:00,2026-08-17 18:51:49+00:00,,8.02,8.02,1.24,15,10,kind/bug | sig/network | lgtm | release-note | size/L | approved | cncf-cla: yes | ok-to-test | needs-priority | needs-triage,1,1,0,NONE,547,51,1,8,1,1,1,1,0,124580,43868,2952,124580,1510698,0.0066,0.7,Low,Keep In Normal Delivery Rhythm.
Cloud Native Platform Reliability,Cloud Platform,kubernetes/kubernetes,141305,https://github.com/kubernetes/kubernetes/pull/141305,Pull Request,resource: add Quantity.AsScaledInt64 and AsMilliInt64,open,2026-08-11 00:35:38+00:00,2026-08-13 08:28:34+00:00,,8.0,8.0,5.68,3,9,sig/api-machinery | release-note | size/XL | kind/api-change | kind/feature | cncf-cla: yes | do-not-merge/work-in-progress | needs-priority | needs-triage,0,0,0,MEMBER,6369,53,1,8,1,0,1,1,0,124580,43868,2952,124580,1510698,0.019,1.9,Low,Keep In Normal Delivery Rhythm.
Cloud Native Platform Reliability,Cloud Platform,kubernetes/kubernetes,141306,https://github.com/kubernetes/kubernetes/pull/141306,Pull Request,resource: avoid a large big.Int when parsing sub-nano quantities,open,2026-08-11 02:52:34+00:00,2026-08-11 03:31:08+00:00,,7.91,7.91,7.88,4,8,kind/cleanup | sig/api-machinery | size/M | release-note-none | cncf-cla: yes | do-not-merge/work-in-progress | needs-priority | needs-triage,0,0,0,MEMBER,1725,64,1,8,1,0,1,1,0,124580,43868,2952,124580,1510698,0.0009,0.1,Low,Keep In Normal Delivery Rhythm.
Cloud Native Platform Reliability,Cloud Platform,kubernetes/kubernetes,141307,https://github.com/kubernetes/kubernetes/pull/141307,Pull Request,DRA: avoid integer overflow in per-claim device-limit checks,open,2026-08-11 03:29:18+00:00,2026-08-18 06:59:46+00:00,,7.88,7.88,0.74,4,8,kind/bug | sig/node | release-note | size/L | cncf-cla: yes | needs-priority | needs-triage | wg/device-management,0,0,0,MEMBER,3559,60,1,8,1,1,1,1,0,124580,43868,2952,124580,1510698,0.0061,0.6,Low,Keep In Normal Delivery Rhythm.
Runtime Platform Stabilization,Runtime Engineering,nodejs/node,65204,https://github.com/nodejs/node/pull/65204,Pull Request,"net: expand BlockList.PRIVATE_RANGES (unspecified, CGNAT, benchmarking)",open,2026-08-11 03:54:25+00:00,2026-08-11 11:32:37+00:00,,7.87,7.87,7.55,2,1,needs-ci,0,0,0,NONE,771,71,1,8,1,0,0,0,0,119012,36525,1490,119012,1537562,0.0076,0.8,Low,Keep In Normal Delivery Rhythm.
Runtime Platform Stabilization,Runtime Engineering,nodejs/node,65205,https://github.com/nodejs/node/pull/65205,Pull Request,doc: improve AsyncContext scope wording,closed,2026-08-11 04:50:21+00:00,2026-08-11 11:36:03+00:00,2026-08-11 11:35:56+00:00,7.83,0.28,7.55,0,1,doc,0,0,0,NONE,491,39,1,8,0,0,0,0,0,119012,36525,1490,119012,1537562,0.0,0.0,Low,Keep In Normal Delivery Rhythm.
Runtime Platform Stabilization,Runtime Engineering,nodejs/node,65206,https://github.com/nodejs/node/pull/65206,Pull Request,doc: add DOMException section to errors API reference,open,2026-08-11 05:06:18+00:00,2026-08-11 08:15:32+00:00,,7.82,7.82,7.69,0,2,doc | errors,0,0,0,NONE,597,53,1,8,0,0,0,0,0,119012,36525,1490,119012,1537562,0.0001,0.0,Low,Keep In Normal Delivery Rhythm.
Runtime Platform Stabilization,Runtime Engineering,nodejs/node,65207,https://github.com/nodejs/node/pull/65207,Pull Request,doc: document per-architecture fast FFI argument limits,closed,2026-08-11 05:15:05+00:00,2026-08-18 07:04:59+00:00,2026-08-18 07:04:56+00:00,7.81,7.08,0.73,2,3,doc | author ready | ffi,0,0,0,CONTRIBUTOR,373,55,1,8,0,0,0,0,0,119012,36525,1490,119012,1537562,0.0001,0.0,Low,Keep In Normal Delivery Rhythm.
Data Platform Orchestration,Data Engineering,apache/airflow,71401,https://github.com/apache/airflow/pull/71401,Pull Request,Gate Java SDK dependency changes,closed,2026-08-11 05:27:55+00:00,2026-08-14 07:39:58+00:00,2026-08-14 07:38:32+00:00,7.8,3.09,4.71,1,3,area:dev-tools | backport-to-v3-3-test | area:java-sdk,1,0,0,MEMBER,816,32,1,8,0,0,0,0,0,46523,17615,1885,46523,693411,0.0,0.0,Low,Keep In Normal Delivery Rhythm.
Runtime Platform Stabilization,Runtime Engineering,nodejs/node,65208,https://github.com/nodejs/node/pull/65208,Pull Request,doc: document secure use of new tls.TLSSocket(),open,2026-08-11 05:34:48+00:00,2026-08-11 05:35:13+00:00,,7.8,7.8,7.8,0,2,tls | doc,0,0,0,NONE,647,47,1,8,0,0,0,0,0,119012,36525,1490,119012,1537562,0.0002,0.0,Low,Keep In Normal Delivery Rhythm.
Data Platform Orchestration,Data Engineering,apache/airflow,71402,https://github.com/apache/airflow/pull/71402,Pull Request,Restrict the second render pass in SqlToSlackWebhookOperator,open,2026-08-11 05:39:24+00:00,2026-08-14 05:43:26+00:00,,7.79,7.79,4.79,1,2,area:providers | provider:slack,0,0,0,NONE,5612,60,1,8,0,0,0,0,0,46523,17615,1885,46523,693411,0.0,0.0,Low,Keep In Normal Delivery Rhythm.
Runtime Platform Stabilization,Runtime Engineering,nodejs/node,65209,https://github.com/nodejs/node/pull/65209,Pull Request,doc: document Buffer encoding-specific Slice and Write methods,open,2026-08-11 06:42:51+00:00,2026-08-11 06:44:17+00:00,,7.75,7.75,7.75,0,2,buffer | doc,0,0,0,NONE,787,62,1,8,0,0,0,0,0,119012,36525,1490,119012,1537562,0.003,0.3,Low,Keep In Normal Delivery Rhythm.
Cloud Native Platform Reliability,Cloud Platform,kubernetes/kubernetes,141308,https://github.com/kubernetes/kubernetes/pull/141308,Pull Request,fix incorrect variable reference in TestApplyToFallback,open,2026-08-11 06:45:30+00:00,2026-08-11 07:58:36+00:00,,7.75,7.75,7.7,4,8,kind/cleanup | area/apiserver | sig/api-machinery | size/XS | release-note-none | cncf-cla: yes | needs-priority | needs-triage,0,0,0,CONTRIBUTOR,3553,55,1,8,1,0,1,1,0,124580,43868,2952,124580,1510698,0.0015,0.1,Low,Keep In Normal Delivery Rhythm.
Runtime Platform Stabilization,Runtime Engineering,nodejs/node,65210,https://github.com/nodejs/node/issues/65210,Issue,24.19.0: --experimental-import-text breaks loader hooks that own with { type: 'text' },closed,2026-08-11 07:26:37+00:00,2026-08-11 07:57:57+00:00,2026-08-11 07:57:57+00:00,7.72,0.02,7.7,1,0,,0,0,0,NONE,7846,86,1,8,0,0,0,0,0,119012,36525,1490,119012,1537562,0.0001,0.0,Low,Keep In Normal Delivery Rhythm.
Cloud Native Platform Reliability,Cloud Platform,kubernetes/kubernetes,141309,https://github.com/kubernetes/kubernetes/pull/141309,Pull Request,cacher/cleaup: fold stale cacher GetList benchmark into StoreList,open,2026-08-11 08:14:25+00:00,2026-08-14 03:08:37+00:00,,7.69,7.69,4.9,6,9,kind/cleanup | area/apiserver | sig/api-machinery | size/L | release-note-none | cncf-cla: yes | ok-to-test | needs-priority | needs-triage,0,0,0,CONTRIBUTOR,2653,65,1,8,1,0,1,1,0,124580,43868,2952,124580,1510698,0.0188,1.9,Low,Keep In Normal Delivery Rhythm.
Data Platform Orchestration,Data Engineering,apache/airflow,71403,https://github.com/apache/airflow/pull/71403,Pull Request,Support per-run cost limits in common.ai LLM and Agent operators,open,2026-08-11 08:19:17+00:00,2026-08-18 13:20:53+00:00,,7.68,7.68,0.47,2,3,area:providers | kind:documentation | provider:common-ai,1,0,0,MEMBER,3319,64,1,8,0,0,0,0,0,46523,17615,1885,46523,693411,0.0,0.0,Low,Keep In Normal Delivery Rhythm.
Cloud Native Platform Reliability,Cloud Platform,kubernetes/kubernetes,141310,https://github.com/kubernetes/kubernetes/issues/141310,Issue,APIserver: track API LIST request path microbenchmarks,open,2026-08-11 08:29:35+00:00,2026-08-17 09:00:08+00:00,,7.68,7.68,1.65,5,2,needs-sig | needs-triage,0,0,0,CONTRIBUTOR,16334,54,1,8,1,0,0,1,0,124580,43868,2952,124580,1510698,0.001,0.1,Low,Keep In Normal Delivery Rhythm.
Cloud Native Platform Reliability,Cloud Platform,kubernetes/kubernetes,141311,https://github.com/kubernetes/kubernetes/pull/141311,Pull Request,Fix taint eviction pod deletion latency metric unit,open,2026-08-11 08:42:23+00:00,2026-08-11 08:42:34+00:00,,7.67,7.67,7.67,4,9,kind/bug | sig/scheduling | release-note | size/M | sig/apps | cncf-cla: yes | needs-ok-to-test | needs-priority | needs-triage,0,0,0,NONE,2228,51,1,8,1,1,1,1,0,124580,43868,2952,124580,1510698,0.0069,0.7,Low,Keep In Normal Delivery Rhythm.
Cloud Native Platform Reliability,Cloud Platform,kubernetes/kubernetes,141312,https://github.com/kubernetes/kubernetes/pull/141312,Pull Request,Fix nil pointer dereference in syncVolume claim cache conversion,open,2026-08-11 08:43:57+00:00,2026-08-11 08:44:07+00:00,,7.67,7.67,7.67,4,9,kind/bug | sig/storage | release-note | size/S | sig/apps | cncf-cla: yes | needs-ok-to-test | needs-priority | needs-triage,0,0,0,NONE,2101,64,1,8,1,1,1,1,0,124580,43868,2952,124580,1510698,0.0166,1.7,Low,Keep In Normal Delivery Rhythm.
Cloud Native Platform Reliability,Cloud Platform,kubernetes/kubernetes,141313,https://github.com/kubernetes/kubernetes/pull/141313,Pull Request,test: increase integration API server startup timeout,open,2026-08-11 09:13:57+00:00,2026-08-15 18:00:53+00:00,,7.64,7.64,3.28,6,9,area/test | size/XS | release-note-none | sig/auth | cncf-cla: yes | sig/testing | kind/failing-test | needs-priority | needs-triage,0,0,0,MEMBER,1644,53,1,8,1,0,1,1,0,124580,43868,2952,124580,1510698,0.0226,2.3,Low,Keep In Normal Delivery Rhythm.
Cloud Native Platform Reliability,Cloud Platform,kubernetes/kubernetes,141314,https://github.com/kubernetes/kubernetes/pull/141314,Pull Request,Expose PlacementFeasible as an extension point,open,2026-08-11 09:14:25+00:00,2026-08-18 15:40:49+00:00,,7.64,7.64,0.38,6,10,sig/scheduling | lgtm | release-note | size/L | kind/api-change | kind/feature | cncf-cla: yes | area/code-generation | needs-priority | needs-triage,1,0,0,MEMBER,3986,46,1,8,1,0,1,1,0,124580,43868,2952,124580,1510698,0.7887,78.9,High,"Escalate Blocker, Confirm Owner, And Add Executive Visibility This Week."
Data Platform Orchestration,Data Engineering,apache/airflow,71404,https://github.com/apache/airflow/pull/71404,Pull Request,docs: clarify limited Podman support in Breeze quick-start guide,closed,2026-08-11 09:18:17+00:00,2026-08-13 21:39:56+00:00,2026-08-13 21:39:56+00:00,7.64,2.52,5.13,1,2,area:dev-tools | ready for maintainer review,0,0,0,CONTRIBUTOR,704,64,1,8,0,0,0,0,0,46523,17615,1885,46523,693411,0.0,0.0,Low,Keep In Normal Delivery Rhythm.
Data Platform Orchestration,Data Engineering,apache/airflow,71405,https://github.com/apache/airflow/pull/71405,Pull Request,Bump the eslint group across 1 directory with 3 updates,closed,2026-08-11 09:40:28+00:00,2026-08-13 18:50:35+00:00,2026-08-13 18:50:33+00:00,7.63,2.38,5.24,1,3,area:UI | javascript | dependencies,0,0,0,CONTRIBUTOR,18619,55,1,8,0,0,0,0,0,46523,17615,1885,46523,693411,0.0,0.0,Low,Keep In Normal Delivery Rhythm.
Data Platform Orchestration,Data Engineering,apache/airflow,71406,https://github.com/apache/airflow/pull/71406,Pull Request,Bump the ui-plugin-template-package-updates group across 1 directory with 6 updates,closed,2026-08-11 09:41:08+00:00,2026-08-11 16:14:12+00:00,2026-08-11 16:12:44+00:00,7.63,0.27,7.35,1,4,area:dev-tools | javascript | dependencies | backport-to-v3-3-test,0,0,0,CONTRIBUTOR,32634,83,1,8,0,0,0,0,0,46523,17615,1885,46523,693411,0.0,0.0,Low,Keep In Normal Delivery Rhythm.
Data Platform Orchestration,Data Engineering,apache/airflow,71407,https://github.com/apache/airflow/pull/71407,Pull Request,Bump the ts-sdk-package-updates group in /ts-sdk with 3 updates,closed,2026-08-11 09:41:20+00:00,2026-08-14 07:39:21+00:00,2026-08-14 07:39:16+00:00,7.63,2.92,4.71,1,3,javascript | dependencies | area:ts-sdk,0,0,0,CONTRIBUTOR,30877,63,1,8,0,0,0,0,0,46523,17615,1885,46523,693411,0.0,0.0,Low,Keep In Normal Delivery Rhythm.
Data Platform Orchestration,Data Engineering,apache/airflow,71408,https://github.com/apache/airflow/pull/71408,Pull Request,Bump @types/node from 22.19.17 to 26.1.2 in /ts-sdk,closed,2026-08-11 09:41:37+00:00,2026-08-14 20:59:10+00:00,2026-08-14 20:59:09+00:00,7.63,3.47,4.16,5,3,javascript | dependencies | area:ts-sdk,0,0,0,CONTRIBUTOR,1820,51,1,8,0,0,0,0,0,46523,17615,1885,46523,693411,0.0,0.0,Low,Keep In Normal Delivery Rhythm.
Data Platform Orchestration,Data Engineering,apache/airflow,71409,https://github.com/apache/airflow/pull/71409,Pull Request,Bump the typescript group across 1 directory with 4 updates,closed,2026-08-11 09:41:53+00:00,2026-08-14 15:24:07+00:00,2026-08-14 15:24:04+00:00,7.63,3.24,4.39,2,3,area:UI | javascript | dependencies,0,0,0,CONTRIBUTOR,17954,59,1,8,0,0,0,0,0,46523,17615,1885,46523,693411,0.0,0.0,Low,Keep In Normal Delivery Rhythm.
Data Platform Orchestration,Data Engineering,apache/airflow,71410,https://github.com/apache/airflow/pull/71410,Pull Request,Bump the auth-ui-package-updates group across 1 directory with 6 updates,closed,2026-08-11 09:41:55+00:00,2026-08-11 12:32:37+00:00,2026-08-11 12:32:34+00:00,7.63,0.12,7.51,0,3,area:API | javascript | dependencies,0,0,0,CONTRIBUTOR,32639,72,1,8,0,0,0,0,0,46523,17615,1885,46523,693411,0.0,0.0,Low,Keep In Normal Delivery Rhythm.
Data Platform Orchestration,Data Engineering,apache/airflow,71411,https://github.com/apache/airflow/pull/71411,Pull Request,Bump the 3-3-ui-plugin-template-package-updates group across 1 directory with 6 updates,closed,2026-08-11 09:42:06+00:00,2026-08-11 16:10:56+00:00,2026-08-11 16:10:54+00:00,7.63,0.27,7.36,0,3,area:dev-tools | javascript | dependencies,0,0,0,CONTRIBUTOR,32638,87,1,8,0,0,0,0,0,46523,17615,1885,46523,693411,0.0,0.0,Low,Keep In Normal Delivery Rhythm.
Data Platform Orchestration,Data Engineering,apache/airflow,71412,https://github.com/apache/airflow/pull/71412,Pull Request,Bump eslint-plugin-unicorn from 72.0.0 to 73.0.0 in /airflow-core/src/airflow/api_fastapi/auth/managers/simple/ui,closed,2026-08-11 09:42:17+00:00,2026-08-11 12:32:56+00:00,2026-08-11 12:32:54+00:00,7.63,0.12,7.51,0,3,area:API | javascript | dependencies,0,0,0,CONTRIBUTOR,10338,113,1,8,0,0,0,0,0,46523,17615,1885,46523,693411,0.0,0.0,Low,Keep In Normal Delivery Rhythm.
Data Platform Orchestration,Data Engineering,apache/airflow,71413,https://github.com/apache/airflow/pull/71413,Pull Request,Bump the 3-3-auth-ui-package-updates group across 1 directory with 6 updates,closed,2026-08-11 09:42:23+00:00,2026-08-11 12:34:56+00:00,2026-08-11 12:33:10+00:00,7.63,0.12,7.51,1,3,area:API | javascript | dependencies,0,1,0,CONTRIBUTOR,32643,76,1,8,0,0,0,0,0,46523,17615,1885,46523,693411,0.0,0.0,Low,Keep In Normal Delivery Rhythm.
Data Platform Orchestration,Data Engineering,apache/airflow,71414,https://github.com/apache/airflow/pull/71414,Pull Request,Bump the 3-3-edge-ui-package-updates group across 1 directory with 6 updates,closed,2026-08-11 09:42:27+00:00,2026-08-13 11:41:14+00:00,2026-08-13 11:39:59+00:00,7.63,2.08,5.54,1,4,area:providers | javascript | provider:edge | dependencies,0,1,0,CONTRIBUTOR,32638,76,1,8,0,0,0,0,0,46523,17615,1885,46523,693411,0.0,0.0,Low,Keep In Normal Delivery Rhythm.
Data Platform Orchestration,Data Engineering,apache/airflow,71415,https://github.com/apache/airflow/pull/71415,Pull Request,Bump the 3-3-uv-dependency-updates group in /dev/breeze with 4 updates,closed,2026-08-11 09:42:40+00:00,2026-08-13 15:02:39+00:00,2026-08-13 15:02:36+00:00,7.62,2.22,5.4,0,3,area:dev-tools | dependencies | python:uv,0,0,0,CONTRIBUTOR,25504,70,1,8,0,0,0,0,0,46523,17615,1885,46523,693411,0.0,0.0,Low,Keep In Normal Delivery Rhythm.
Data Platform Orchestration,Data Engineering,apache/airflow,71416,https://github.com/apache/airflow/pull/71416,Pull Request,Bump the uv-dependency-updates group in /dev/breeze with 5 updates,closed,2026-08-11 09:42:53+00:00,2026-08-12 06:43:39+00:00,2026-08-12 06:43:37+00:00,7.62,0.88,6.75,1,4,area:dev-tools | dependencies | python:uv | backport-to-v3-3-test,0,0,0,CONTRIBUTOR,30962,66,1,8,0,0,0,0,0,46523,17615,1885,46523,693411,0.0,0.0,Low,Keep In Normal Delivery Rhythm.
Data Platform Orchestration,Data Engineering,apache/airflow,71417,https://github.com/apache/airflow/pull/71417,Pull Request,Bump the core-ui-package-updates group across 1 directory with 2 updates,closed,2026-08-11 09:43:44+00:00,2026-08-11 16:11:46+00:00,2026-08-11 16:11:44+00:00,7.62,0.27,7.35,0,3,area:UI | javascript | dependencies,0,0,0,CONTRIBUTOR,14321,72,1,8,0,0,0,0,0,46523,17615,1885,46523,693411,0.0,0.0,Low,Keep In Normal Delivery Rhythm.
Data Platform Orchestration,Data Engineering,apache/airflow,71418,https://github.com/apache/airflow/pull/71418,Pull Request,Bump the 3-3-core-ui-package-updates group across 1 directory with 8 updates,closed,2026-08-11 09:43:58+00:00,2026-08-11 16:14:31+00:00,2026-08-11 16:13:35+00:00,7.62,0.27,7.35,1,3,area:UI | javascript | dependencies,0,1,0,CONTRIBUTOR,42107,76,1,8,0,0,0,0,0,46523,17615,1885,46523,693411,0.0,0.0,Low,Keep In Normal Delivery Rhythm.
Cloud Native Platform Reliability,Cloud Platform,kubernetes/kubernetes,141315,https://github.com/kubernetes/kubernetes/issues/141315,Issue,Potential goroutine leak in k8s.io/client-go/tools/cache,open,2026-08-11 09:44:21+00:00,2026-08-14 17:17:42+00:00,,7.62,7.62,4.31,3,3,sig/api-machinery | kind/flake | needs-triage,1,0,0,CONTRIBUTOR,4475,56,1,8,1,0,0,1,0,124580,43868,2952,124580,1510698,0.0154,1.5,Low,Keep In Normal Delivery Rhythm.
Data Platform Orchestration,Data Engineering,apache/airflow,71419,https://github.com/apache/airflow/pull/71419,Pull Request,Bump @tanstack/react-table from 8.21.3 to 9.0.0 in /airflow-core/src/airflow/ui,closed,2026-08-11 09:44:27+00:00,2026-08-11 16:11:18+00:00,2026-08-11 16:11:13+00:00,7.62,0.27,7.36,2,3,area:UI | javascript | dependencies,0,0,0,CONTRIBUTOR,7451,79,1,8,0,0,0,0,0,46523,17615,1885,46523,693411,0.0,0.0,Low,Keep In Normal Delivery Rhythm.
Data Platform Orchestration,Data Engineering,apache/airflow,71420,https://github.com/apache/airflow/pull/71420,Pull Request,Bump the edge-ui-package-updates group across 1 directory with 14 updates,closed,2026-08-11 09:44:57+00:00,2026-08-11 12:45:36+00:00,2026-08-11 12:45:34+00:00,7.62,0.13,7.5,0,4,area:providers | javascript | provider:edge | dependencies,0,0,0,CONTRIBUTOR,63608,73,1,8,0,0,0,0,0,46523,17615,1885,46523,693411,0.0,0.0,Low,Keep In Normal Delivery Rhythm.
Data Platform Orchestration,Data Engineering,apache/airflow,71421,https://github.com/apache/airflow/pull/71421,Pull Request,Bump the github-actions-updates group with 4 updates,closed,2026-08-11 09:46:53+00:00,2026-08-14 07:39:18+00:00,2026-08-14 07:37:37+00:00,7.62,2.91,4.71,1,4,area:dev-tools | dependencies | github_actions | backport-to-v3-3-test,0,0,0,CONTRIBUTOR,34838,52,1,8,0,0,0,0,0,46523,17615,1885,46523,693411,0.0,0.0,Low,Keep In Normal Delivery Rhythm.
Data Platform Orchestration,Data Engineering,apache/airflow,71422,https://github.com/apache/airflow/pull/71422,Pull Request,Bump the github-actions-updates group with 3 updates,closed,2026-08-11 09:47:23+00:00,2026-08-13 10:42:14+00:00,2026-08-13 10:42:12+00:00,7.62,2.04,5.58,0,3,area:dev-tools | dependencies | github_actions,0,0,0,CONTRIBUTOR,28817,52,1,8,0,0,0,0,0,46523,17615,1885,46523,693411,0.0,0.0,Low,Keep In Normal Delivery Rhythm.
Runtime Platform Stabilization,Runtime Engineering,nodejs/node,65211,https://github.com/nodejs/node/pull/65211,Pull Request,sea: exit cleanly when fuse set without NODE_SEA_BLOB,open,2026-08-11 09:55:48+00:00,2026-08-12 16:36:33+00:00,,7.62,7.62,6.34,1,2,needs-ci | single-executable,0,0,0,NONE,1381,53,1,8,1,0,0,0,0,119012,36525,1490,119012,1537562,0.0003,0.0,Low,Keep In Normal Delivery Rhythm.
Data Platform Orchestration,Data Engineering,apache/airflow,71423,https://github.com/apache/airflow/pull/71423,Pull Request,disable external entities in SAML idp response parsing,open,2026-08-11 09:55:53+00:00,2026-08-19 00:28:43+00:00,,7.62,7.62,0.01,0,3,provider:amazon | area:providers | ready for maintainer review,0,0,0,CONTRIBUTOR,854,54,1,8,0,0,0,0,0,46523,17615,1885,46523,693411,0.0,0.0,Low,Keep In Normal Delivery Rhythm.
Runtime Platform Stabilization,Runtime Engineering,nodejs/node,65212,https://github.com/nodejs/node/pull/65212,Pull Request,net: reject invalid fds before wrapping Socket,open,2026-08-11 10:10:53+00:00,2026-08-12 16:36:35+00:00,,7.61,7.61,6.34,1,3,net | libuv | needs-ci,0,0,0,NONE,1469,46,1,8,1,0,0,0,0,119012,36525,1490,119012,1537562,0.0018,0.2,Low,Keep In Normal Delivery Rhythm.
Data Platform Orchestration,Data Engineering,apache/airflow,71424,https://github.com/apache/airflow/pull/71424,Pull Request,Fix airflowctl traceback when a proxy returns a non-JSON error,closed,2026-08-11 10:52:31+00:00,2026-08-14 18:28:29+00:00,2026-08-14 18:28:29+00:00,7.58,3.32,4.26,0,2,area:airflow-ctl | backport-to-airflow-ctl/v0-1-test,0,0,0,CONTRIBUTOR,1039,62,1,8,0,0,0,0,0,46523,17615,1885,46523,693411,0.0,0.0,Low,Keep In Normal Delivery Rhythm.
Data Platform Orchestration,Data Engineering,apache/airflow,71425,https://github.com/apache/airflow/pull/71425,Pull Request,Respect run on latest version when clearing a running Dag run,open,2026-08-11 11:12:32+00:00,2026-08-14 08:33:36+00:00,,7.56,7.56,4.67,2,0,,0,0,0,CONTRIBUTOR,721,61,1,8,0,0,0,0,0,46523,17615,1885,46523,693411,0.0006,0.1,Low,Keep In Normal Delivery Rhythm.
Runtime Platform Stabilization,Runtime Engineering,nodejs/node,65213,https://github.com/nodejs/node/pull/65213,Pull Request,Doc async hooks typo,closed,2026-08-11 11:13:22+00:00,2026-08-11 11:36:57+00:00,2026-08-11 11:36:51+00:00,7.56,0.02,7.55,0,1,doc,0,0,0,NONE,577,20,1,8,0,0,0,0,0,119012,36525,1490,119012,1537562,0.0,0.0,Low,Keep In Normal Delivery Rhythm.
Data Platform Orchestration,Data Engineering,apache/airflow,71426,https://github.com/apache/airflow/issues/71426,Issue,Missing SSL options for API Server,open,2026-08-11 11:17:32+00:00,2026-08-11 11:19:37+00:00,,7.56,7.56,7.56,1,3,kind:bug | area:API | needs-triage,0,0,0,NONE,1271,34,1,8,1,1,0,1,0,46523,17615,1885,46523,693411,0.0,0.0,Low,Keep In Normal Delivery Rhythm.
Data Platform Orchestration,Data Engineering,apache/airflow,71427,https://github.com/apache/airflow/pull/71427,Pull Request,Deprecate Dataproc ClusterGenerator helper class,open,2026-08-11 11:20:43+00:00,2026-08-18 09:43:39+00:00,,7.56,7.56,0.62,0,2,provider:google | area:providers,0,0,0,CONTRIBUTOR,2560,48,1,8,0,0,0,0,0,46523,17615,1885,46523,693411,0.0,0.0,Low,Keep In Normal Delivery Rhythm.
Runtime Platform Stabilization,Runtime Engineering,nodejs/node,65214,https://github.com/nodejs/node/pull/65214,Pull Request,repl: redraw prompt after asynchronous console output,open,2026-08-11 11:25:13+00:00,2026-08-18 06:17:37+00:00,,7.55,7.55,0.77,1,3,repl | console | needs-ci,0,0,0,CONTRIBUTOR,1411,53,1,8,1,0,0,0,0,119012,36525,1490,119012,1537562,0.0,0.0,Low,Keep In Normal Delivery Rhythm.
Data Platform Orchestration,Data Engineering,apache/airflow,71428,https://github.com/apache/airflow/pull/71428,Pull Request,[v3-3-test] Require existing-connection read access when testing an existing connection,closed,2026-08-11 11:48:43+00:00,2026-08-11 12:51:29+00:00,2026-08-11 12:49:34+00:00,7.54,0.04,7.49,1,1,area:API,0,1,0,MEMBER,1675,87,1,8,0,0,0,0,0,46523,17615,1885,46523,693411,0.0,0.0,Low,Keep In Normal Delivery Rhythm.
Data Platform Orchestration,Data Engineering,apache/airflow,71429,https://github.com/apache/airflow/pull/71429,Pull Request,Honor FORWARDED_ALLOW_IPS when the API server runs under gunicorn,closed,2026-08-11 11:52:12+00:00,2026-08-17 11:01:09+00:00,2026-08-17 10:59:43+00:00,7.53,5.96,1.57,2,3,area:CLI | kind:documentation | backport-to-v3-3-test,0,1,0,CONTRIBUTOR,1475,65,1,8,0,0,0,0,0,46523,17615,1885,46523,693411,0.0,0.0,Low,Keep In Normal Delivery Rhythm.
Data Platform Orchestration,Data Engineering,apache/airflow,71430,https://github.com/apache/airflow/pull/71430,Pull Request,Prevent debugger hangs on lazy task context values,open,2026-08-11 12:00:53+00:00,2026-08-15 21:38:11+00:00,,7.53,7.53,3.13,7,2,area:task-sdk | ready for maintainer review,0,0,0,CONTRIBUTOR,2382,50,1,8,0,0,0,0,0,46523,17615,1885,46523,693411,0.0,0.0,Low,Keep In Normal Delivery Rhythm.
Data Platform Orchestration,Data Engineering,apache/airflow,71431,https://github.com/apache/airflow/pull/71431,Pull Request,Always tag providers from the wave tag during release,closed,2026-08-11 12:10:27+00:00,2026-08-11 12:38:14+00:00,2026-08-11 12:36:25+00:00,7.52,0.02,7.5,1,2,area:dev-tools | backport-to-v3-3-test,0,0,0,MEMBER,1920,53,1,8,0,0,0,0,0,46523,17615,1885,46523,693411,0.0,0.0,Low,Keep In Normal Delivery Rhythm.
Data Platform Orchestration,Data Engineering,apache/airflow,71432,https://github.com/apache/airflow/pull/71432,Pull Request,fix: add ssl_ciphers CLI option for API server,closed,2026-08-11 12:15:02+00:00,2026-08-12 17:52:16+00:00,2026-08-11 21:24:37+00:00,7.52,0.38,6.28,1,3,area:CLI | AI Spam | area:ConfigTemplates,0,0,0,NONE,1144,46,1,8,0,0,0,0,0,46523,17615,1885,46523,693411,0.0,0.0,Low,Keep In Normal Delivery Rhythm.
Runtime Platform Stabilization,Runtime Engineering,nodejs/node,65215,https://github.com/nodejs/node/pull/65215,Pull Request,doc: Improve async_hooks documentation wording,closed,2026-08-11 12:17:28+00:00,2026-08-13 09:23:36+00:00,2026-08-13 08:49:00+00:00,7.52,1.86,5.64,2,2,doc | async_hooks,0,0,0,NONE,570,46,1,8,0,0,0,0,0,119012,36525,1490,119012,1537562,0.0003,0.0,Low,Keep In Normal Delivery Rhythm.
Data Platform Orchestration,Data Engineering,apache/airflow,71433,https://github.com/apache/airflow/pull/71433,Pull Request,feat: add --ssl-ciphers option for API server [fj4WqyCCw3C5ShR1RfB7MoBPTpkRrBFYP1uT35g3MvT],closed,2026-08-11 12:17:28+00:00,2026-08-12 17:52:16+00:00,2026-08-11 21:24:35+00:00,7.52,0.38,6.28,1,3,area:CLI | AI Spam | area:ConfigTemplates,0,0,0,NONE,644,91,1,8,0,0,0,0,0,46523,17615,1885,46523,693411,0.0001,0.0,Low,Keep In Normal Delivery Rhythm.
Data Platform Orchestration,Data Engineering,apache/airflow,71434,https://github.com/apache/airflow/pull/71434,Pull Request,[v3-3-test] Always tag providers from the wave tag during release (#71431),closed,2026-08-11 12:38:11+00:00,2026-08-11 15:36:13+00:00,2026-08-11 15:36:10+00:00,7.5,0.12,7.38,1,1,area:dev-tools,0,0,0,CONTRIBUTOR,502,74,1,8,0,0,0,0,0,46523,17615,1885,46523,693411,0.0,0.0,Low,Keep In Normal Delivery Rhythm.
Data Platform Orchestration,Data Engineering,apache/airflow,71435,https://github.com/apache/airflow/pull/71435,Pull Request,[v3-3-test] Fix Calendar view hanging for Dags with high-frequency cron schedules,closed,2026-08-11 13:00:03+00:00,2026-08-11 13:44:09+00:00,2026-08-11 13:43:01+00:00,7.49,0.03,7.46,1,1,area:API,0,1,0,MEMBER,841,81,1,8,0,0,0,0,0,46523,17615,1885,46523,693411,0.0,0.0,Low,Keep In Normal Delivery Rhythm.
Data Platform Orchestration,Data Engineering,apache/airflow,71436,https://github.com/apache/airflow/issues/71436,Issue,Defer UI codegen upgrade: @7nohe/openapi-react-query-codegen v1→v2 (+ ts-morph 28) needs a full data-layer rewrite,open,2026-08-11 13:09:56+00:00,2026-08-14 15:02:28+00:00,,7.48,7.48,4.4,2,2,kind:feature | area:UI,0,0,0,MEMBER,3689,114,1,8,0,0,0,0,0,46523,17615,1885,46523,693411,0.0,0.0,Low,Keep In Normal Delivery Rhythm.
Data Platform Orchestration,Data Engineering,apache/airflow,71437,https://github.com/apache/airflow/pull/71437,Pull Request,Add embedding model support to PydanticAIHook,open,2026-08-11 13:22:58+00:00,2026-08-18 13:09:11+00:00,,7.47,7.47,0.48,0,3,area:providers | kind:documentation | provider:common-ai,0,0,0,CONTRIBUTOR,8038,45,1,8,0,0,0,0,0,46523,17615,1885,46523,693411,0.0,0.0,Low,Keep In Normal Delivery Rhythm.
Cloud Native Platform Reliability,Cloud Platform,kubernetes/kubernetes,141316,https://github.com/kubernetes/kubernetes/issues/141316,Issue,Who should set the `DisruptionTarget` condition for pods that must be deleted outside the eviction API?,closed,2026-08-11 13:27:49+00:00,2026-08-18 18:22:09+00:00,2026-08-18 18:22:08+00:00,7.47,7.2,0.26,6,2,sig/apps | needs-triage,0,0,0,NONE,1164,103,1,8,1,0,0,1,0,124580,43868,2952,124580,1510698,0.0093,0.9,Low,Keep In Normal Delivery Rhythm.
Runtime Platform Stabilization,Runtime Engineering,nodejs/node,65216,https://github.com/nodejs/node/pull/65216,Pull Request,http2: fix out-of-bounds write in altsvc frame buffers,open,2026-08-11 13:32:20+00:00,2026-08-11 13:32:31+00:00,,7.47,7.47,7.47,1,3,c++ | http2 | needs-ci,0,0,0,NONE,696,54,1,8,1,0,0,0,0,119012,36525,1490,119012,1537562,0.0002,0.0,Low,Keep In Normal Delivery Rhythm.
Data Platform Orchestration,Data Engineering,apache/airflow,71438,https://github.com/apache/airflow/pull/71438,Pull Request,[v3-3-test] Keep Dag run execution API endpoints working for older Task SDK clients (#70138),closed,2026-08-11 13:41:53+00:00,2026-08-13 11:45:20+00:00,2026-08-13 11:44:02+00:00,7.46,1.92,5.54,1,2,area:API | area:task-sdk,0,1,0,CONTRIBUTOR,839,92,1,8,0,0,0,0,0,46523,17615,1885,46523,693411,0.0,0.0,Low,Keep In Normal Delivery Rhythm.
Data Platform Orchestration,Data Engineering,apache/airflow,71439,https://github.com/apache/airflow/pull/71439,Pull Request,Add regression test for Connection extra redact safeguard,closed,2026-08-11 13:55:56+00:00,2026-08-12 16:58:50+00:00,2026-08-12 16:57:27+00:00,7.45,1.13,6.32,1,2,area:API | backport-to-v3-3-test,0,1,0,MEMBER,942,57,1,8,0,0,0,0,0,46523,17615,1885,46523,693411,0.0,0.0,Low,Keep In Normal Delivery Rhythm.
Data Platform Orchestration,Data Engineering,apache/airflow,71440,https://github.com/apache/airflow/pull/71440,Pull Request,Include server error detail in Task SDK API error tracebacks,closed,2026-08-11 13:56:18+00:00,2026-08-12 11:02:48+00:00,2026-08-12 11:01:18+00:00,7.45,0.88,6.57,1,2,area:task-sdk | backport-to-v3-3-test,0,1,0,MEMBER,1733,60,1,8,0,0,0,0,0,46523,17615,1885,46523,693411,0.0,0.0,Low,Keep In Normal Delivery Rhythm.
Data Platform Orchestration,Data Engineering,apache/airflow,71441,https://github.com/apache/airflow/pull/71441,Pull Request,Mark only a run's most recent asset event as triggering it,closed,2026-08-11 14:19:15+00:00,2026-08-13 10:47:36+00:00,2026-08-13 10:46:18+00:00,7.43,1.85,5.58,4,7,area:API | area:UI | area:airflow-ctl | area:translations | translation:default | backport-to-airflow-ctl/v0-1-test | backport-to-v3-3-test,0,1,0,MEMBER,1383,58,1,8,0,0,0,0,0,46523,17615,1885,46523,693411,0.0,0.0,Low,Keep In Normal Delivery Rhythm.
Cloud Native Platform Reliability,Cloud Platform,kubernetes/kubernetes,141317,https://github.com/kubernetes/kubernetes/issues/141317,Issue,CronJob controller emits FailedDelete warning when job is already deleted,open,2026-08-11 14:44:21+00:00,2026-08-11 14:50:13+00:00,,7.42,7.42,7.41,2,3,kind/bug | sig/apps | needs-triage,0,0,0,NONE,3883,73,1,8,1,1,0,1,0,124580,43868,2952,124580,1510698,0.0062,0.6,Low,Keep In Normal Delivery Rhythm.
Cloud Native Platform Reliability,Cloud Platform,kubernetes/kubernetes,141318,https://github.com/kubernetes/kubernetes/issues/141318,Issue,kube-aggregator: HTTP/2 health check for aggregated apiserver backends is too slow (broken connections pinned ~45s),open,2026-08-11 14:45:22+00:00,2026-08-18 09:02:54+00:00,,7.41,7.41,0.65,8,4,kind/bug | area/apiserver | sig/api-machinery | needs-triage,0,0,0,CONTRIBUTOR,2650,115,1,8,1,1,0,1,0,124580,43868,2952,124580,1510698,0.0175,1.8,Low,Keep In Normal Delivery Rhythm.
Cloud Native Platform Reliability,Cloud Platform,kubernetes/kubernetes,141319,https://github.com/kubernetes/kubernetes/pull/141319,Pull Request,CronJob controller: skip FailedDelete event when job is already deleted,open,2026-08-11 14:59:15+00:00,2026-08-11 15:01:29+00:00,,7.41,7.41,7.4,6,8,kind/bug | release-note | size/M | sig/apps | cncf-cla: yes | needs-ok-to-test | needs-priority | needs-triage,0,0,0,NONE,2124,71,1,8,1,1,1,1,0,124580,43868,2952,124580,1510698,0.0118,1.2,Low,Keep In Normal Delivery Rhythm.
Cloud Native Platform Reliability,Cloud Platform,kubernetes/kubernetes,141320,https://github.com/kubernetes/kubernetes/pull/141320,Pull Request,kube-aggregator: detect broken backend HTTP/2 connections faster,closed,2026-08-11 15:01:02+00:00,2026-08-18 09:03:51+00:00,2026-08-18 09:03:49+00:00,7.4,6.75,0.65,6,8,sig/api-machinery | size/L | release-note-none | cncf-cla: yes | needs-ok-to-test | needs-priority | needs-triage | do-not-merge/needs-kind,0,0,0,CONTRIBUTOR,3555,64,1,8,1,0,1,1,0,124580,43868,2952,124580,1510698,0.0038,0.4,Low,Keep In Normal Delivery Rhythm.
Data Platform Orchestration,Data Engineering,apache/airflow,71442,https://github.com/apache/airflow/pull/71442,Pull Request,Allow upgrades with NUL in serialized Dags,open,2026-08-11 15:01:37+00:00,2026-08-14 11:23:13+00:00,,7.4,7.4,4.56,0,1,area:db-migrations,0,0,0,CONTRIBUTOR,1737,42,1,8,0,0,0,0,0,46523,17615,1885,46523,693411,0.0,0.0,Low,Keep In Normal Delivery Rhythm.
Cloud Native Platform Reliability,Cloud Platform,kubernetes/kubernetes,141321,https://github.com/kubernetes/kubernetes/pull/141321,Pull Request,Fix typos in client-go cache comments and tests,open,2026-08-11 15:22:38+00:00,2026-08-14 03:10:03+00:00,,7.39,7.39,4.9,9,9,kind/cleanup | lgtm | sig/api-machinery | size/S | release-note-none | cncf-cla: yes | ok-to-test | needs-priority | needs-triage,2,0,0,NONE,467,47,1,8,1,0,1,1,0,124580,43868,2952,124580,1510698,0.0076,0.8,Low,Keep In Normal Delivery Rhythm.
Data Platform Orchestration,Data Engineering,apache/airflow,71443,https://github.com/apache/airflow/pull/71443,Pull Request,Fix Asset Event table titles showing a raw translation key,closed,2026-08-11 15:50:24+00:00,2026-08-12 20:19:50+00:00,2026-08-12 20:19:48+00:00,7.37,1.19,6.18,5,3,area:UI | area:translations | translation:default,0,0,0,MEMBER,1891,58,1,8,0,0,0,0,0,46523,17615,1885,46523,693411,0.0,0.0,Low,Keep In Normal Delivery Rhythm.
Data Platform Orchestration,Data Engineering,apache/airflow,71444,https://github.com/apache/airflow/pull/71444,Pull Request,Recover the revoked-token check from a stale DB connection (fixes idle-timeout 500),open,2026-08-11 15:51:23+00:00,2026-08-12 13:44:49+00:00,,7.37,7.37,6.46,0,1,area:API,0,0,0,CONTRIBUTOR,3109,83,1,8,0,0,0,0,0,46523,17615,1885,46523,693411,0.0,0.0,Low,Keep In Normal Delivery Rhythm.
Data Platform Orchestration,Data Engineering,apache/airflow,71445,https://github.com/apache/airflow/pull/71445,Pull Request,Let the agent retry on a rejected DataFusion query instead of failing,closed,2026-08-11 15:51:36+00:00,2026-08-11 21:28:35+00:00,2026-08-11 21:28:35+00:00,7.37,0.23,7.13,0,2,area:providers | provider:common-ai,0,0,0,CONTRIBUTOR,1185,69,1,8,0,0,0,0,0,46523,17615,1885,46523,693411,0.0,0.0,Low,Keep In Normal Delivery Rhythm.
Runtime Platform Stabilization,Runtime Engineering,nodejs/node,65217,https://github.com/nodejs/node/pull/65217,Pull Request,src: escape Windows environment variables in task runner,closed,2026-08-11 16:12:27+00:00,2026-08-13 16:34:58+00:00,2026-08-13 16:34:54+00:00,7.35,2.02,5.34,5,5,c++ | author ready | needs-ci | lts-watch-v22.x | lts-watch-v24.x,0,0,0,CONTRIBUTOR,0,56,1,8,1,0,0,0,0,119012,36525,1490,119012,1537562,0.0288,2.9,Low,Keep In Normal Delivery Rhythm.
Data Platform Orchestration,Data Engineering,apache/airflow,71446,https://github.com/apache/airflow/pull/71446,Pull Request,UI: Show owning team in asset dependency popovers,open,2026-08-11 16:27:10+00:00,2026-08-18 18:42:13+00:00,,7.34,7.34,0.25,6,4,area:API | area:UI | area:airflow-ctl | backport-to-airflow-ctl/v0-1-test,0,0,0,CONTRIBUTOR,3224,49,1,8,0,0,0,0,0,46523,17615,1885,46523,693411,0.0,0.0,Low,Keep In Normal Delivery Rhythm.
Data Platform Orchestration,Data Engineering,apache/airflow,71447,https://github.com/apache/airflow/pull/71447,Pull Request,Add pnpm overrides after audit review in simple auth manager,closed,2026-08-11 16:32:36+00:00,2026-08-12 15:15:23+00:00,2026-08-12 15:13:53+00:00,7.34,0.95,6.39,2,1,backport-to-v3-3-test,0,1,0,CONTRIBUTOR,2323,60,1,8,0,0,0,0,0,46523,17615,1885,46523,693411,0.0,0.0,Low,Keep In Normal Delivery Rhythm.
Data Platform Orchestration,Data Engineering,apache/airflow,71448,https://github.com/apache/airflow/pull/71448,Pull Request,Add pnpm overrides after audit review in fab provider,closed,2026-08-11 16:35:13+00:00,2026-08-12 13:17:03+00:00,2026-08-12 13:17:01+00:00,7.34,0.86,6.48,0,2,area:providers | provider:fab,0,0,0,CONTRIBUTOR,2323,53,1,8,0,0,0,0,0,46523,17615,1885,46523,693411,0.0,0.0,Low,Keep In Normal Delivery Rhythm.
Data Platform Orchestration,Data Engineering,apache/airflow,71449,https://github.com/apache/airflow/pull/71449,Pull Request,Fix incorrect availability versions for OpenLineage config options,closed,2026-08-11 16:48:43+00:00,2026-08-12 11:25:24+00:00,2026-08-12 11:25:24+00:00,7.33,0.78,6.55,1,2,area:providers | provider:openlineage,0,0,0,CONTRIBUTOR,2614,66,1,8,0,0,0,0,0,46523,17615,1885,46523,693411,0.0,0.0,Low,Keep In Normal Delivery Rhythm.
Data Platform Orchestration,Data Engineering,apache/airflow,71450,https://github.com/apache/airflow/pull/71450,Pull Request,Document hook lineage collection limits,closed,2026-08-11 16:49:42+00:00,2026-08-12 11:10:26+00:00,2026-08-12 11:10:26+00:00,7.33,0.76,6.56,1,2,kind:documentation | area:lineage,0,0,0,CONTRIBUTOR,2495,39,1,8,0,0,0,0,0,46523,17615,1885,46523,693411,0.0,0.0,Low,Keep In Normal Delivery Rhythm.
Cloud Native Platform Reliability,Cloud Platform,kubernetes/kubernetes,141322,https://github.com/kubernetes/kubernetes/pull/141322,Pull Request,WIP: test watcher scalability,open,2026-08-11 17:46:55+00:00,2026-08-12 17:24:21+00:00,,7.29,7.29,6.3,9,12,area/test | area/apiserver | sig/api-machinery | size/XXL | cncf-cla: yes | sig/instrumentation | sig/testing | do-not-merge/release-note-label-needed | do-not-merge/work-in-progress | needs-priority | needs-triage | do-not-merge/needs-kind,0,0,0,MEMBER,0,29,1,8,1,0,1,1,0,124580,43868,2952,124580,1510698,0.0017,0.2,Low,Keep In Normal Delivery Rhythm.
Runtime Platform Stabilization,Runtime Engineering,nodejs/node,65218,https://github.com/nodejs/node/pull/65218,Pull Request,benchmark: complete the sqlite is-transaction fix,closed,2026-08-11 18:06:58+00:00,2026-08-13 18:36:17+00:00,2026-08-13 18:36:13+00:00,7.27,2.02,5.25,4,3,benchmark | author ready | sqlite,0,0,0,CONTRIBUTOR,717,49,1,8,0,0,0,0,0,119012,36525,1490,119012,1537562,0.0002,0.0,Low,Keep In Normal Delivery Rhythm.
Cloud Native Platform Reliability,Cloud Platform,kubernetes/kubernetes,141323,https://github.com/kubernetes/kubernetes/issues/141323,Issue,DRA structured allocator overflows the native-int device-count sum in the per-claim limit check,open,2026-08-11 18:10:02+00:00,2026-08-11 18:15:11+00:00,,7.27,7.27,7.27,1,4,kind/bug | sig/node | needs-triage | wg/device-management,0,0,0,MEMBER,2331,95,1,8,1,1,0,1,0,124580,43868,2952,124580,1510698,0.0028,0.3,Low,Keep In Normal Delivery Rhythm.
Data Platform Orchestration,Data Engineering,apache/airflow,71451,https://github.com/apache/airflow/pull/71451,Pull Request,[v3-3-test] Spell out the empty version suffix for the SVN provider build (#71247),closed,2026-08-11 18:14:05+00:00,2026-08-17 13:32:11+00:00,2026-08-17 13:32:08+00:00,7.27,5.8,1.47,0,1,area:dev-tools,0,0,0,CONTRIBUTOR,428,82,1,8,0,0,0,0,0,46523,17615,1885,46523,693411,0.0,0.0,Low,Keep In Normal Delivery Rhythm.
Language Ecosystem Delivery,Language Platform,rust-lang/rust,160935,https://github.com/rust-lang/rust/issues/160935,Issue,Unit type docs should say it implements Clone and Copy,open,2026-08-11 18:21:10+00:00,2026-08-12 14:40:23+00:00,,7.26,7.26,6.42,2,2,T-rustdoc | C-bug,0,0,0,CONTRIBUTOR,302,54,1,8,0,1,0,0,0,115595,15431,12711,115595,972236,0.0,0.0,Low,Keep In Normal Delivery Rhythm.
Language Ecosystem Delivery,Language Platform,rust-lang/rust,160936,https://github.com/rust-lang/rust/pull/160936,Pull Request,traits: Represent live alias arguments as bitsets,open,2026-08-11 18:21:55+00:00,2026-08-16 19:33:37+00:00,,7.26,7.26,2.21,12,2,T-compiler | S-waiting-on-review,1,0,0,CONTRIBUTOR,1011,49,1,8,1,0,0,0,0,115595,15431,12711,115595,972236,0.0001,0.0,Low,Keep In Normal Delivery Rhythm.
Cloud Native Platform Reliability,Cloud Platform,kubernetes/kubernetes,141324,https://github.com/kubernetes/kubernetes/pull/141324,Pull Request,Include minCompatibilityVersion info in featuregates yaml,closed,2026-08-11 18:27:56+00:00,2026-08-11 20:33:18+00:00,2026-08-11 20:33:18+00:00,7.26,0.09,7.17,9,13,area/test | kind/cleanup | lgtm | sig/api-machinery | size/M | release-note-none | approved | cncf-cla: yes | sig/testing | kind/failing-test | sig/architecture | needs-priority | needs-triage,1,1,0,MEMBER,355,57,1,8,1,0,1,1,0,124580,43868,2952,124580,1510698,0.0001,0.0,Low,Keep In Normal Delivery Rhythm.
Data Platform Orchestration,Data Engineering,apache/airflow,71452,https://github.com/apache/airflow/pull/71452,Pull Request,Stop KubernetesPodOperator hanging on pods with sidecar containers,open,2026-08-11 18:28:43+00:00,2026-08-11 18:28:49+00:00,,7.26,7.26,7.26,1,2,area:providers | provider:cncf-kubernetes,0,0,0,NONE,3544,66,1,8,0,0,0,0,0,46523,17615,1885,46523,693411,0.0,0.0,Low,Keep In Normal Delivery Rhythm.
Data Platform Orchestration,Data Engineering,apache/airflow,71453,https://github.com/apache/airflow/issues/71453,Issue,DagRun.created_dag_version_id no longer matches its documented contract,open,2026-08-11 18:33:13+00:00,2026-08-12 07:57:38+00:00,,7.26,7.26,6.7,1,1,area:core,0,0,0,CONTRIBUTOR,4138,71,1,8,0,0,0,0,0,46523,17615,1885,46523,693411,0.0001,0.0,Low,Keep In Normal Delivery Rhythm.
Data Platform Orchestration,Data Engineering,apache/airflow,71454,https://github.com/apache/airflow/issues/71454,Issue,"DagRun.dag_versions silently drops versions after a partial ""run on latest version"" clear",open,2026-08-11 18:33:33+00:00,2026-08-11 19:39:56+00:00,,7.26,7.26,7.21,1,2,kind:bug | area:core,0,0,0,CONTRIBUTOR,2783,89,1,8,0,1,0,0,0,46523,17615,1885,46523,693411,0.0,0.0,Low,Keep In Normal Delivery Rhythm.
Data Platform Orchestration,Data Engineering,apache/airflow,71455,https://github.com/apache/airflow/issues/71455,Issue,"only_new clear can silently miss real new tasks after a prior ""run on latest version"" clear",open,2026-08-11 18:33:43+00:00,2026-08-11 19:33:31+00:00,,7.26,7.26,7.21,1,2,kind:bug | area:core,0,0,0,CONTRIBUTOR,3060,91,1,8,0,1,0,0,0,46523,17615,1885,46523,693411,0.0,0.0,Low,Keep In Normal Delivery Rhythm.
Data Platform Orchestration,Data Engineering,apache/airflow,71456,https://github.com/apache/airflow/pull/71456,Pull Request,Improve error message for missing required API fields,closed,2026-08-11 18:45:38+00:00,2026-08-12 15:20:40+00:00,2026-08-12 15:20:15+00:00,7.25,0.86,6.39,1,1,area:API,0,0,0,NONE,1155,53,1,8,0,0,0,0,0,46523,17615,1885,46523,693411,0.0,0.0,Low,Keep In Normal Delivery Rhythm.
Runtime Platform Stabilization,Runtime Engineering,nodejs/node,65219,https://github.com/nodejs/node/pull/65219,Pull Request,[v24.x] backport embedding tests to v24.x,open,2026-08-11 18:50:05+00:00,2026-08-13 09:11:34+00:00,,7.24,7.24,5.65,5,3,build | needs-ci | v24.x,0,0,0,MEMBER,2187,41,1,8,1,0,0,0,0,119012,36525,1490,119012,1537562,0.0002,0.0,Low,Keep In Normal Delivery Rhythm.
Runtime Platform Stabilization,Runtime Engineering,nodejs/node,65220,https://github.com/nodejs/node/issues/65220,Issue,ESM resolver treats an unreadable package.json as absent: `exports` silently vanish and the wrong file can load,open,2026-08-11 18:54:15+00:00,2026-08-11 21:47:12+00:00,,7.24,7.24,7.12,2,0,,0,0,0,NONE,3085,111,1,8,0,0,0,0,0,119012,36525,1490,119012,1537562,0.0044,0.4,Low,Keep In Normal Delivery Rhythm.
Data Platform Orchestration,Data Engineering,apache/airflow,71457,https://github.com/apache/airflow/pull/71457,Pull Request,Add a general debugging guide to the troubleshooting doc,open,2026-08-11 19:06:15+00:00,2026-08-13 11:48:46+00:00,,7.23,7.23,5.54,1,2,kind:documentation | ready for maintainer review,0,0,0,CONTRIBUTOR,1547,56,1,8,0,0,0,0,0,46523,17615,1885,46523,693411,0.0,0.0,Low,Keep In Normal Delivery Rhythm.
Language Ecosystem Delivery,Language Platform,rust-lang/rust,160937,https://github.com/rust-lang/rust/pull/160937,Pull Request,"Store the names of `Fn` trait parameters in the AST, fix rustfmt bug",closed,2026-08-11 19:18:07+00:00,2026-08-12 06:03:24+00:00,2026-08-12 06:03:21+00:00,7.23,0.45,6.78,11,4,T-compiler | S-waiting-on-bors | T-rustfmt | T-clippy,1,1,0,MEMBER,900,68,1,8,1,0,0,0,0,115595,15431,12711,115595,972236,0.0,0.0,Low,Keep In Normal Delivery Rhythm.
Language Ecosystem Delivery,Language Platform,rust-lang/rust,160938,https://github.com/rust-lang/rust/pull/160938,Pull Request,Update cargo submodule,closed,2026-08-11 19:35:07+00:00,2026-08-12 04:04:18+00:00,2026-08-12 02:52:46+00:00,7.21,0.3,6.86,7,1,merged-by-bors,1,1,0,MEMBER,871,22,1,8,0,0,0,0,0,115595,15431,12711,115595,972236,0.0,0.0,Low,Keep In Normal Delivery Rhythm.
Data Platform Orchestration,Data Engineering,apache/airflow,71458,https://github.com/apache/airflow/pull/71458,Pull Request,Fix only_new clear missing tasks after run_on_latest_version,open,2026-08-11 19:39:51+00:00,2026-08-11 19:51:56+00:00,,7.21,7.21,7.2,0,0,,0,0,0,CONTRIBUTOR,1640,60,1,8,0,0,0,0,0,46523,17615,1885,46523,693411,0.0,0.0,Low,Keep In Normal Delivery Rhythm.
Data Platform Orchestration,Data Engineering,apache/airflow,71459,https://github.com/apache/airflow/pull/71459,Pull Request,Fix DagRun.dag_versions after partial run_on_latest_version clear,open,2026-08-11 19:42:26+00:00,2026-08-11 19:51:55+00:00,,7.21,7.21,7.2,0,0,,0,0,0,CONTRIBUTOR,1447,65,1,8,0,0,0,0,0,46523,17615,1885,46523,693411,0.0,0.0,Low,Keep In Normal Delivery Rhythm.
Cloud Native Platform Reliability,Cloud Platform,kubernetes/kubernetes,141325,https://github.com/kubernetes/kubernetes/pull/141325,Pull Request,kubelet: close resize race in sync pod,open,2026-08-11 19:45:01+00:00,2026-08-11 20:56:39+00:00,,7.21,7.21,7.16,5,8,kind/bug | area/kubelet | sig/node | size/L | release-note-none | cncf-cla: yes | needs-priority | needs-triage,0,0,0,CONTRIBUTOR,4111,38,1,8,1,1,1,1,0,124580,43868,2952,124580,1510698,0.0481,4.8,Low,Keep In Normal Delivery Rhythm.
Data Platform Orchestration,Data Engineering,apache/airflow,71460,https://github.com/apache/airflow/pull/71460,Pull Request,Let a watcher trigger keep state when several assets watch it,open,2026-08-11 19:46:55+00:00,2026-08-18 18:25:34+00:00,,7.21,7.21,0.26,2,3,kind:documentation | area:task-sdk | ready for maintainer review,0,0,0,CONTRIBUTOR,4078,61,1,8,0,0,0,0,0,46523,17615,1885,46523,693411,0.0001,0.0,Low,Keep In Normal Delivery Rhythm.
Data Platform Orchestration,Data Engineering,apache/airflow,71461,https://github.com/apache/airflow/pull/71461,Pull Request,Fix misleading error when an Anthropic agent session stops on its budget,closed,2026-08-11 19:55:18+00:00,2026-08-13 12:05:36+00:00,2026-08-13 12:05:34+00:00,7.2,1.67,5.53,0,3,area:providers | kind:documentation | provider:anthropic,0,0,0,MEMBER,2529,72,1,8,0,0,0,0,0,46523,17615,1885,46523,693411,0.0,0.0,Low,Keep In Normal Delivery Rhythm.
Data Platform Orchestration,Data Engineering,apache/airflow,71462,https://github.com/apache/airflow/pull/71462,Pull Request,Add a budget argument to AnthropicAgentSessionOperator,closed,2026-08-11 19:55:25+00:00,2026-08-13 12:05:55+00:00,2026-08-13 12:05:53+00:00,7.2,1.67,5.53,1,3,area:providers | kind:documentation | provider:anthropic,0,0,0,MEMBER,2681,54,1,8,0,0,0,0,0,46523,17615,1885,46523,693411,0.0,0.0,Low,Keep In Normal Delivery Rhythm.
Data Platform Orchestration,Data Engineering,apache/airflow,71463,https://github.com/apache/airflow/pull/71463,Pull Request,Record Anthropic agent session token usage and cost in XCom,closed,2026-08-11 19:55:32+00:00,2026-08-13 13:45:49+00:00,2026-08-13 13:45:46+00:00,7.2,1.74,5.46,0,3,area:providers | kind:documentation | provider:anthropic,0,0,0,MEMBER,2381,59,1,8,0,0,0,0,0,46523,17615,1885,46523,693411,0.0,0.0,Low,Keep In Normal Delivery Rhythm.
Data Platform Orchestration,Data Engineering,apache/airflow,71464,https://github.com/apache/airflow/pull/71464,Pull Request,Document Anthropic advisor rosters and pinned inference regions,closed,2026-08-11 19:55:39+00:00,2026-08-13 13:46:05+00:00,2026-08-13 13:46:02+00:00,7.2,1.74,5.46,0,3,area:providers | kind:documentation | provider:anthropic,0,0,0,MEMBER,1779,63,1,8,0,0,0,0,0,46523,17615,1885,46523,693411,0.0,0.0,Low,Keep In Normal Delivery Rhythm.
Data Platform Orchestration,Data Engineering,apache/airflow,71465,https://github.com/apache/airflow/pull/71465,Pull Request,Interrupt a running Anthropic session before archiving it,closed,2026-08-11 19:55:46+00:00,2026-08-13 13:48:46+00:00,2026-08-13 13:48:44+00:00,7.2,1.75,5.45,0,2,area:providers | provider:anthropic,0,0,0,MEMBER,1528,57,1,8,0,0,0,0,0,46523,17615,1885,46523,693411,0.0,0.0,Low,Keep In Normal Delivery Rhythm.
Cloud Native Platform Reliability,Cloud Platform,kubernetes/kubernetes,141326,https://github.com/kubernetes/kubernetes/pull/141326,Pull Request,[WIP] testing metrics,open,2026-08-11 20:01:09+00:00,2026-08-12 05:36:57+00:00,,7.2,7.2,6.8,7,12,area/test | area/apiserver | sig/api-machinery | size/XXL | cncf-cla: yes | sig/instrumentation | sig/testing | do-not-merge/release-note-label-needed | do-not-merge/work-in-progress | needs-priority | needs-triage | do-not-merge/needs-kind,0,0,0,MEMBER,0,21,1,8,1,0,1,1,0,124580,43868,2952,124580,1510698,0.0053,0.5,Low,Keep In Normal Delivery Rhythm.
Cloud Native Platform Reliability,Cloud Platform,kubernetes/kubernetes,141327,https://github.com/kubernetes/kubernetes/pull/141327,Pull Request,kubelet: keep the CPU resource conversions overflow-safe,open,2026-08-11 20:08:44+00:00,2026-08-13 00:24:24+00:00,,7.19,7.19,6.01,3,9,kind/bug | area/kubelet | sig/node | release-note | size/L | cncf-cla: yes | do-not-merge/work-in-progress | needs-priority | needs-triage,0,0,0,MEMBER,5052,56,1,8,1,1,1,1,0,124580,43868,2952,124580,1510698,0.0059,0.6,Low,Keep In Normal Delivery Rhythm.
Language Ecosystem Delivery,Language Platform,rust-lang/rust,160939,https://github.com/rust-lang/rust/pull/160939,Pull Request,Fix std-features example in bootstrap.example.toml,closed,2026-08-11 20:25:08+00:00,2026-08-17 08:57:27+00:00,2026-08-17 08:57:23+00:00,7.18,5.52,1.66,4,2,T-bootstrap | S-waiting-on-bors,1,1,0,CONTRIBUTOR,1254,50,1,8,1,0,0,0,0,115595,15431,12711,115595,972236,0.0,0.0,Low,Keep In Normal Delivery Rhythm.
Runtime Platform Stabilization,Runtime Engineering,nodejs/node,65221,https://github.com/nodejs/node/pull/65221,Pull Request,assert: truncate long strings in diffs to improve DX,open,2026-08-11 20:25:40+00:00,2026-08-11 21:07:50+00:00,,7.18,7.18,7.15,0,2,assert | needs-ci,0,0,0,NONE,1643,52,1,8,1,0,0,0,0,119012,36525,1490,119012,1537562,0.0001,0.0,Low,Keep In Normal Delivery Rhythm.
Data Platform Orchestration,Data Engineering,apache/airflow,71467,https://github.com/apache/airflow/pull/71467,Pull Request,Backfills UI filters,open,2026-08-11 20:26:21+00:00,2026-08-18 22:33:21+00:00,,7.18,7.18,0.09,0,4,area:API | area:UI | area:translations | translation:default,0,1,0,NONE,1181,20,1,8,0,0,0,0,0,46523,17615,1885,46523,693411,0.0,0.0,Low,Keep In Normal Delivery Rhythm.
Language Ecosystem Delivery,Language Platform,rust-lang/rust,160940,https://github.com/rust-lang/rust/pull/160940,Pull Request,Fix coroutine witness trait solving with NLL-derived facts,open,2026-08-11 20:27:33+00:00,2026-08-15 05:25:27+00:00,,7.18,7.18,3.8,9,5,T-rustdoc | T-compiler | S-waiting-on-author | A-query-system | WG-trait-system-refactor,1,0,0,CONTRIBUTOR,2768,58,1,8,1,0,0,0,0,115595,15431,12711,115595,972236,0.0,0.0,Low,Keep In Normal Delivery Rhythm.
Language Ecosystem Delivery,Language Platform,rust-lang/rust,160941,https://github.com/rust-lang/rust/pull/160941,Pull Request,Enforce safety comments on `alloc`,open,2026-08-11 20:28:01+00:00,2026-08-14 10:55:34+00:00,,7.18,7.18,4.57,13,4,T-bootstrap | S-waiting-on-review | T-libs | A-tidy,1,0,0,MEMBER,341,34,1,8,1,0,0,0,0,115595,15431,12711,115595,972236,0.0,0.0,Low,Keep In Normal Delivery Rhythm.
Language Ecosystem Delivery,Language Platform,rust-lang/rust,160942,https://github.com/rust-lang/rust/issues/160942,Issue,`unfulfilled_lint_expectations` false-positive for unused struct field inside unused struct,open,2026-08-11 20:31:16+00:00,2026-08-13 23:31:37+00:00,,7.17,7.17,5.05,3,2,A-diagnostics | T-compiler,1,0,0,NONE,1644,91,1,8,0,0,0,0,0,115595,15431,12711,115595,972236,0.0,0.0,Low,Keep In Normal Delivery Rhythm.
Language Ecosystem Delivery,Language Platform,rust-lang/rust,160943,https://github.com/rust-lang/rust/issues/160943,Issue,Tracking issue for release notes of #154065: Stabilize `fN::BITS`,open,2026-08-11 20:40:42+00:00,2026-08-18 05:52:33+00:00,,7.17,7.17,0.78,0,5,relnotes | T-libs | needs-triage | relnotes-tracking-issue | A-compiler-builtins,0,0,0,COLLABORATOR,1526,65,1,8,1,0,0,1,0,115595,15431,12711,115595,972236,0.0,0.0,Low,Keep In Normal Delivery Rhythm.
Language Ecosystem Delivery,Language Platform,rust-lang/rust,160944,https://github.com/rust-lang/rust/issues/160944,Issue,`rustfmt` formatting of `cfg_select!` pending for Rust 1.99 diverges from style FCP,closed,2026-08-11 21:17:27+00:00,2026-08-13 07:24:36+00:00,2026-08-13 07:24:36+00:00,7.14,1.42,5.72,4,4,C-bug | I-style-nominated | T-style | T-rustfmt,0,0,0,CONTRIBUTOR,2218,83,1,8,0,1,0,0,0,115595,15431,12711,115595,972236,0.0,0.0,Low,Keep In Normal Delivery Rhythm.
Runtime Platform Stabilization,Runtime Engineering,nodejs/node,65222,https://github.com/nodejs/node/pull/65222,Pull Request,crypto: improve SubtleCrypto.supports() accuracy,closed,2026-08-11 21:20:57+00:00,2026-08-14 04:06:25+00:00,2026-08-13 21:39:13+00:00,7.14,2.01,4.86,5,6,crypto | lib / src | experimental | author ready | needs-ci | webcrypto,0,0,0,MEMBER,428,48,1,8,1,0,0,0,0,119012,36525,1490,119012,1537562,0.0005,0.0,Low,Keep In Normal Delivery Rhythm.
Runtime Platform Stabilization,Runtime Engineering,nodejs/node,65223,https://github.com/nodejs/node/pull/65223,Pull Request,module: report unreadable package.json,open,2026-08-11 21:26:15+00:00,2026-08-14 08:46:31+00:00,,7.14,7.14,4.66,5,3,c++ | author ready | needs-ci,0,0,0,CONTRIBUTOR,823,38,1,8,1,0,0,0,0,119012,36525,1490,119012,1537562,0.0,0.0,Low,Keep In Normal Delivery Rhythm.
Language Ecosystem Delivery,Language Platform,rust-lang/rust,160945,https://github.com/rust-lang/rust/issues/160945,Issue,Drop Elaboration debug-ICEs when `SimplifyCfg` is disabled,open,2026-08-11 21:26:19+00:00,2026-08-16 12:05:42+00:00,,7.14,7.14,2.53,3,4,I-ICE | A-mir-opt | requires-debug-assertions | needs-triage,0,0,0,CONTRIBUTOR,736,58,1,8,1,1,0,1,0,115595,15431,12711,115595,972236,0.0,0.0,Low,Keep In Normal Delivery Rhythm.
Runtime Platform Stabilization,Runtime Engineering,nodejs/node,65224,https://github.com/nodejs/node/pull/65224,Pull Request,tools: update nixpkgs-unstable to 6b5e5b7a6631f065bf6908986990b37d845,closed,2026-08-11 21:30:03+00:00,2026-08-16 08:43:29+00:00,2026-08-16 08:43:26+00:00,7.13,4.47,2.67,5,5,tools | author ready | dont-land-on-v22.x | dont-land-on-v24.x | dont-land-on-v26.x,0,0,0,COLLABORATOR,87,69,1,8,0,0,0,0,0,119012,36525,1490,119012,1537562,0.0009,0.1,Low,Keep In Normal Delivery Rhythm.
Language Ecosystem Delivery,Language Platform,rust-lang/rust,160946,https://github.com/rust-lang/rust/issues/160946,Issue,Tidy check against undocumented unsafe misses some cases,open,2026-08-11 21:34:53+00:00,2026-08-12 01:28:13+00:00,,7.13,7.13,6.97,1,3,T-bootstrap | C-bug | A-tidy,1,0,0,CONTRIBUTOR,348,56,1,8,0,1,0,0,0,115595,15431,12711,115595,972236,0.0,0.0,Low,Keep In Normal Delivery Rhythm.
Language Ecosystem Delivery,Language Platform,rust-lang/rust,160947,https://github.com/rust-lang/rust/pull/160947,Pull Request,Rollup of 15 pull requests,closed,2026-08-11 21:48:08+00:00,2026-08-11 22:02:34+00:00,2026-08-11 21:55:45+00:00,7.12,0.01,7.11,8,16,A-LLVM | A-testsuite | T-rustdoc | T-compiler | T-bootstrap | S-waiting-on-author | T-infra | rollup | T-libs | A-CI | A-compiletest | A-run-make | T-rustdoc-frontend | T-rustfmt | A-compiler-builtins | T-clippy,0,0,0,MEMBER,1355,26,1,8,1,0,0,0,0,115595,15431,12711,115595,972236,0.0,0.0,Low,Keep In Normal Delivery Rhythm.
Data Platform Orchestration,Data Engineering,apache/airflow,71468,https://github.com/apache/airflow/pull/71468,Pull Request,"Add Consuming Tasks, Aliases and Watchers to assets pages",closed,2026-08-11 21:56:00+00:00,2026-08-12 20:33:12+00:00,2026-08-12 20:31:43+00:00,7.12,0.94,6.17,1,4,area:UI | area:translations | translation:default | backport-to-v3-3-test,0,1,0,CONTRIBUTOR,1874,57,1,8,0,0,0,0,0,46523,17615,1885,46523,693411,0.0,0.0,Low,Keep In Normal Delivery Rhythm.
Language Ecosystem Delivery,Language Platform,rust-lang/rust,160948,https://github.com/rust-lang/rust/pull/160948,Pull Request,Rollup of 14 pull requests,closed,2026-08-11 21:56:21+00:00,2026-08-12 03:57:22+00:00,2026-08-12 01:18:03+00:00,7.12,0.14,6.86,8,15,A-LLVM | A-testsuite | T-rustdoc | T-compiler | T-bootstrap | S-waiting-on-author | T-infra | rollup | T-libs | A-CI | A-compiletest | A-run-make | T-rustdoc-frontend | T-rustfmt | T-clippy,0,0,0,MEMBER,1300,26,1,8,1,0,0,0,0,115595,15431,12711,115595,972236,0.0,0.0,Low,Keep In Normal Delivery Rhythm.
Data Platform Orchestration,Data Engineering,apache/airflow,71469,https://github.com/apache/airflow/pull/71469,Pull Request,Update Deadline Reference docs to match the code,closed,2026-08-11 21:59:21+00:00,2026-08-13 00:49:17+00:00,2026-08-13 00:49:16+00:00,7.11,1.12,6.0,0,5,area:plugins | kind:documentation | area:deadline-alerts | area:DAG-processing | area:task-sdk,0,0,0,CONTRIBUTOR,2383,48,1,8,0,0,0,0,0,46523,17615,1885,46523,693411,0.0001,0.0,Low,Keep In Normal Delivery Rhythm.
Language Ecosystem Delivery,Language Platform,rust-lang/rust,160949,https://github.com/rust-lang/rust/pull/160949,Pull Request,Add floating point inline ASM support for SPARC,open,2026-08-11 22:00:27+00:00,2026-08-18 17:50:20+00:00,,7.11,7.11,0.29,8,3,A-LLVM | T-compiler | S-waiting-on-review,1,0,0,CONTRIBUTOR,452,47,1,8,1,0,0,0,0,115595,15431,12711,115595,972236,0.0,0.0,Low,Keep In Normal Delivery Rhythm.
Runtime Platform Stabilization,Runtime Engineering,nodejs/node,65225,https://github.com/nodejs/node/pull/65225,Pull Request,util: support `RawJSON` exotic objects in inspector,open,2026-08-11 22:02:24+00:00,2026-08-12 06:13:21+00:00,,7.11,7.11,6.77,2,2,util | needs-ci,0,0,0,MEMBER,143,51,1,8,1,0,0,0,0,119012,36525,1490,119012,1537562,0.0016,0.2,Low,Keep In Normal Delivery Rhythm.
Data Platform Orchestration,Data Engineering,apache/airflow,71470,https://github.com/apache/airflow/pull/71470,Pull Request,Refactor AdvancedSearchToggle and SearchBar components for improved clarity and functionality,closed,2026-08-11 22:08:09+00:00,2026-08-12 14:33:47+00:00,2026-08-12 14:32:25+00:00,7.11,0.68,6.42,1,2,area:UI | backport-to-v3-3-test,0,1,0,CONTRIBUTOR,3175,93,1,8,0,0,0,0,0,46523,17615,1885,46523,693411,0.0,0.0,Low,Keep In Normal Delivery Rhythm.
Language Ecosystem Delivery,Language Platform,rust-lang/rust,160950,https://github.com/rust-lang/rust/pull/160950,Pull Request,dogfood `#[diagnostic::unknown]` in the compiler,closed,2026-08-11 22:10:00+00:00,2026-08-13 07:24:41+00:00,2026-08-13 07:24:37+00:00,7.11,1.39,5.72,3,2,T-compiler | S-waiting-on-bors,1,1,0,CONTRIBUTOR,826,48,1,8,1,0,0,0,0,115595,15431,12711,115595,972236,0.0,0.0,Low,Keep In Normal Delivery Rhythm.
Data Platform Orchestration,Data Engineering,apache/airflow,71471,https://github.com/apache/airflow/issues/71471,Issue,Operator extra links don't work per attempt,open,2026-08-11 22:20:54+00:00,2026-08-14 00:15:49+00:00,,7.1,7.1,5.02,0,5,kind:bug | area:API | area:core | area:UI | affected_version:3.3,0,0,0,CONTRIBUTOR,2202,43,1,8,0,1,0,0,0,46523,17615,1885,46523,693411,0.0001,0.0,Low,Keep In Normal Delivery Rhythm.
Language Ecosystem Delivery,Language Platform,rust-lang/rust,160951,https://github.com/rust-lang/rust/pull/160951,Pull Request,"Stabilize `core::io::{Error(Kind), IoSlice(Mut), Result}`",open,2026-08-11 22:39:04+00:00,2026-08-18 18:29:28+00:00,,7.09,7.09,0.26,9,4,S-waiting-on-review | needs-fcp | S-waiting-on-fcp | T-libs,1,0,0,CONTRIBUTOR,2767,57,1,8,1,0,0,0,0,115595,15431,12711,115595,972236,0.0,0.0,Low,Keep In Normal Delivery Rhythm.
Data Platform Orchestration,Data Engineering,apache/airflow,71472,https://github.com/apache/airflow/pull/71472,Pull Request,fix: preserve extra link XCom keys across task retries,closed,2026-08-11 22:47:55+00:00,2026-08-12 17:52:17+00:00,2026-08-12 13:34:34+00:00,7.08,0.62,6.28,1,2,area:task-sdk | AI Spam,0,0,0,NONE,845,54,1,8,0,0,0,0,0,46523,17615,1885,46523,693411,0.0,0.0,Low,Keep In Normal Delivery Rhythm.
Runtime Platform Stabilization,Runtime Engineering,nodejs/node,65226,https://github.com/nodejs/node/pull/65226,Pull Request,tools: fix linter when `permittedInsecurePackages` is empty,closed,2026-08-11 22:57:03+00:00,2026-08-14 07:12:20+00:00,2026-08-13 23:11:33+00:00,7.07,2.01,4.73,2,4,tools | author ready | dont-land-on-v22.x | dont-land-on-v24.x,0,0,0,CONTRIBUTOR,234,59,1,8,0,0,0,0,0,119012,36525,1490,119012,1537562,0.0028,0.3,Low,Keep In Normal Delivery Rhythm.
Runtime Platform Stabilization,Runtime Engineering,nodejs/node,65227,https://github.com/nodejs/node/pull/65227,Pull Request,typings: add diagnostics_channel typings,closed,2026-08-11 23:31:44+00:00,2026-08-17 08:07:52+00:00,2026-08-17 08:07:49+00:00,7.05,5.36,1.69,1,2,author ready | typings,0,0,0,CONTRIBUTOR,2262,40,1,8,0,0,0,0,0,119012,36525,1490,119012,1537562,0.0003,0.0,Low,Keep In Normal Delivery Rhythm.
Runtime Platform Stabilization,Runtime Engineering,nodejs/node,65228,https://github.com/nodejs/node/pull/65228,Pull Request,typings: add watchdog internal binding types,closed,2026-08-11 23:39:50+00:00,2026-08-17 08:07:39+00:00,2026-08-17 08:07:36+00:00,7.04,5.35,1.69,1,2,author ready | typings,0,0,0,CONTRIBUTOR,2189,44,1,8,0,0,0,0,0,119012,36525,1490,119012,1537562,0.0007,0.1,Low,Keep In Normal Delivery Rhythm.
Runtime Platform Stabilization,Runtime Engineering,nodejs/node,65229,https://github.com/nodejs/node/pull/65229,Pull Request,typings: add signal_wrap internal binding types,closed,2026-08-11 23:48:33+00:00,2026-08-17 08:23:34+00:00,2026-08-17 08:23:31+00:00,7.04,5.36,1.68,2,3,author ready | typings | commit-queue-squash,0,0,0,CONTRIBUTOR,2216,47,1,8,0,0,0,0,0,119012,36525,1490,119012,1537562,0.0015,0.1,Low,Keep In Normal Delivery Rhythm.
Language Ecosystem Delivery,Language Platform,rust-lang/rust,160952,https://github.com/rust-lang/rust/pull/160952,Pull Request,Fix improper stability of `Write for Cursor<W: WriteThroughCursor>`,closed,2026-08-12 00:19:48+00:00,2026-08-12 14:34:47+00:00,2026-08-12 14:34:42+00:00,7.02,0.59,6.42,3,2,S-waiting-on-bors | T-libs,1,1,0,CONTRIBUTOR,2696,67,2,8,1,0,0,0,0,115595,15431,12711,115595,972236,0.0,0.0,Low,Keep In Normal Delivery Rhythm.
Language Ecosystem Delivery,Language Platform,rust-lang/rust,160953,https://github.com/rust-lang/rust/pull/160953,Pull Request,Enforce more library clippy lints in CI,closed,2026-08-12 01:02:04+00:00,2026-08-13 02:18:13+00:00,2026-08-13 00:34:11+00:00,6.99,0.98,5.93,28,4,O-windows | T-bootstrap | merged-by-bors | T-libs,1,1,0,MEMBER,436,39,2,8,0,0,0,0,0,115595,15431,12711,115595,972236,0.0,0.0,Low,Keep In Normal Delivery Rhythm.
Language Ecosystem Delivery,Language Platform,rust-lang/rust,160954,https://github.com/rust-lang/rust/pull/160954,Pull Request,Rollup of 14 pull requests,closed,2026-08-12 01:18:33+00:00,2026-08-15 04:41:18+00:00,2026-08-12 06:03:21+00:00,6.98,0.2,3.83,10,15,A-LLVM | A-testsuite | T-rustdoc | T-compiler | T-bootstrap | T-infra | merged-by-bors | rollup | T-libs | A-CI | A-compiletest | A-run-make | T-rustdoc-frontend | T-rustfmt | T-clippy,0,1,0,MEMBER,1285,26,2,8,0,0,0,0,0,115595,15431,12711,115595,972236,0.0001,0.0,Low,Keep In Normal Delivery Rhythm.
Data Platform Orchestration,Data Engineering,apache/airflow,71473,https://github.com/apache/airflow/pull/71473,Pull Request,Add is_scheduled filter to DAG list API,closed,2026-08-12 01:20:24+00:00,2026-08-12 14:04:47+00:00,2026-08-12 14:04:47+00:00,6.97,0.53,6.44,0,2,area:API | area:UI,0,0,0,NONE,2049,39,2,8,0,0,0,0,0,46523,17615,1885,46523,693411,0.0,0.0,Low,Keep In Normal Delivery Rhythm.
Language Ecosystem Delivery,Language Platform,rust-lang/rust,160955,https://github.com/rust-lang/rust/pull/160955,Pull Request,trait_solver: Reject canonical responses with placeholder universe leaks,open,2026-08-12 02:50:11+00:00,2026-08-14 06:42:45+00:00,,6.91,6.91,4.75,6,4,T-compiler | S-waiting-on-review | T-types | WG-trait-system-refactor,1,0,0,CONTRIBUTOR,1024,72,2,8,1,0,0,0,0,115595,15431,12711,115595,972236,0.0,0.0,Low,Keep In Normal Delivery Rhythm.
Data Platform Orchestration,Data Engineering,apache/airflow,71474,https://github.com/apache/airflow/pull/71474,Pull Request,"Use SMTP connection host, port and TLS settings in send_mime_email",open,2026-08-12 03:21:05+00:00,2026-08-12 10:11:32+00:00,,6.89,6.89,6.6,2,0,,0,0,0,NONE,711,66,2,8,0,0,0,0,0,46523,17615,1885,46523,693411,0.0,0.0,Low,Keep In Normal Delivery Rhythm.
Language Ecosystem Delivery,Language Platform,rust-lang/rust,160956,https://github.com/rust-lang/rust/pull/160956,Pull Request,Remove unneeded `[const] Destruct` bound in `array::from_fn`,closed,2026-08-12 03:28:57+00:00,2026-08-12 16:48:49+00:00,2026-08-12 16:48:46+00:00,6.88,0.56,6.33,11,1,T-libs,0,0,0,CONTRIBUTOR,1527,60,2,8,0,0,0,0,0,115595,15431,12711,115595,972236,0.0001,0.0,Low,Keep In Normal Delivery Rhythm.
Language Ecosystem Delivery,Language Platform,rust-lang/rust,160957,https://github.com/rust-lang/rust/issues/160957,Issue,Simple summing loop results in pathological register spilling,open,2026-08-12 03:41:45+00:00,2026-08-18 02:40:06+00:00,,6.88,6.88,0.92,8,5,A-LLVM | C-bug | I-heavy | S-has-mcve | needs-triage,0,0,0,NONE,11465,61,2,8,1,1,0,1,0,115595,15431,12711,115595,972236,0.0,0.0,Low,Keep In Normal Delivery Rhythm.
Language Ecosystem Delivery,Language Platform,rust-lang/rust,160958,https://github.com/rust-lang/rust/pull/160958,Pull Request,Remove unused `#[non_exhaustive]` in library,closed,2026-08-12 03:43:17+00:00,2026-08-13 10:24:15+00:00,2026-08-13 10:24:12+00:00,6.87,1.28,5.6,3,2,S-waiting-on-bors | T-libs,1,1,0,MEMBER,60,44,2,8,1,0,0,0,0,115595,15431,12711,115595,972236,0.0,0.0,Low,Keep In Normal Delivery Rhythm.
Language Ecosystem Delivery,Language Platform,rust-lang/rust,160959,https://github.com/rust-lang/rust/pull/160959,Pull Request,2026/08/12 -- hrsraiden -- bootstrap: warn when download-ci-llvm is unavailable with assertions,closed,2026-08-12 03:43:44+00:00,2026-08-12 08:17:18+00:00,2026-08-12 05:17:16+00:00,6.87,0.06,6.68,8,1,T-bootstrap,1,0,0,NONE,1206,95,2,8,0,0,0,0,0,115595,15431,12711,115595,972236,0.0,0.0,Low,Keep In Normal Delivery Rhythm.
Language Ecosystem Delivery,Language Platform,rust-lang/rust,160960,https://github.com/rust-lang/rust/pull/160960,Pull Request,Implement `Write for Cursor<W: AsMut<[u8]>>`,open,2026-08-12 04:08:30+00:00,2026-08-12 22:07:24+00:00,,6.86,6.86,6.11,3,2,S-waiting-on-review | T-libs,1,0,0,CONTRIBUTOR,2988,44,2,8,1,0,0,0,0,115595,15431,12711,115595,972236,0.0,0.0,Low,Keep In Normal Delivery Rhythm.
Language Ecosystem Delivery,Language Platform,rust-lang/rust,160961,https://github.com/rust-lang/rust/pull/160961,Pull Request,bootstrap: Overhaul matching of command-line selectors to steps,closed,2026-08-12 04:21:38+00:00,2026-08-14 02:17:35+00:00,2026-08-13 13:40:28+00:00,6.85,1.39,4.93,10,2,T-bootstrap | S-waiting-on-bors,1,1,0,MEMBER,1744,63,2,8,1,0,0,0,0,115595,15431,12711,115595,972236,0.0,0.0,Low,Keep In Normal Delivery Rhythm.
Data Platform Orchestration,Data Engineering,apache/airflow,71475,https://github.com/apache/airflow/pull/71475,Pull Request,Stop .gitignore from hiding the UI Logs directory on case-insensitive filesystems,open,2026-08-12 04:42:19+00:00,2026-08-13 18:09:21+00:00,,6.83,6.83,5.27,0,1,ready for maintainer review,0,0,0,CONTRIBUTOR,974,81,2,8,0,0,0,0,0,46523,17615,1885,46523,693411,0.0,0.0,Low,Keep In Normal Delivery Rhythm.
Language Ecosystem Delivery,Language Platform,rust-lang/rust,160962,https://github.com/rust-lang/rust/issues/160962,Issue,`mut` restrictions have inconsistent behavior with &mut fields,closed,2026-08-12 05:11:46+00:00,2026-08-14 01:56:22+00:00,2026-08-14 01:56:22+00:00,6.81,1.86,4.95,3,2,C-bug | F-mut_restriction,0,0,0,CONTRIBUTOR,1213,62,2,8,0,1,0,0,0,115595,15431,12711,115595,972236,0.0,0.0,Low,Keep In Normal Delivery Rhythm.
Runtime Platform Stabilization,Runtime Engineering,nodejs/node,65230,https://github.com/nodejs/node/pull/65230,Pull Request,doc: improve async_context documentation wording,closed,2026-08-12 05:19:03+00:00,2026-08-13 09:23:23+00:00,2026-08-13 08:48:58+00:00,6.81,1.15,5.64,2,1,doc,0,0,0,NONE,586,48,2,8,0,0,0,0,0,119012,36525,1490,119012,1537562,0.0001,0.0,Low,Keep In Normal Delivery Rhythm.
Runtime Platform Stabilization,Runtime Engineering,nodejs/node,65231,https://github.com/nodejs/node/pull/65231,Pull Request,doc: fix grammar in buffer documentation,closed,2026-08-12 06:16:25+00:00,2026-08-13 09:18:21+00:00,2026-08-13 08:48:56+00:00,6.77,1.11,5.64,2,2,buffer | doc,0,0,0,NONE,156,40,2,8,0,0,0,0,0,119012,36525,1490,119012,1537562,0.0,0.0,Low,Keep In Normal Delivery Rhythm.
Language Ecosystem Delivery,Language Platform,rust-lang/rust,160963,https://github.com/rust-lang/rust/pull/160963,Pull Request,Optimize PartialOrd for arrays-of-`u8` (and other `UnsignedBytewiseOrd`),closed,2026-08-12 06:43:31+00:00,2026-08-12 16:30:58+00:00,2026-08-12 16:30:55+00:00,6.75,0.41,6.34,7,2,T-compiler | T-libs,0,0,0,MEMBER,529,72,2,8,0,0,0,0,0,115595,15431,12711,115595,972236,0.0001,0.0,Low,Keep In Normal Delivery Rhythm.
Data Platform Orchestration,Data Engineering,apache/airflow,71476,https://github.com/apache/airflow/pull/71476,Pull Request,Bump the uv-dependency-updates group across 1 directory with 4 updates,closed,2026-08-12 06:44:17+00:00,2026-08-14 13:37:24+00:00,2026-08-14 13:37:22+00:00,6.75,2.29,4.46,2,4,area:dev-tools | dependencies | python:uv | backport-to-v3-3-test,0,0,0,CONTRIBUTOR,23876,70,2,8,0,0,0,0,0,46523,17615,1885,46523,693411,0.0,0.0,Low,Keep In Normal Delivery Rhythm.
Language Ecosystem Delivery,Language Platform,rust-lang/rust,160964,https://github.com/rust-lang/rust/issues/160964,Issue,Inline const errors are opt-level-dependent,open,2026-08-12 06:45:52+00:00,2026-08-17 05:21:10+00:00,,6.75,6.75,1.81,4,7,T-lang | T-compiler | C-bug | A-const-eval | I-lang-nominated | A-monomorphization | P-lang-drag-1,0,0,0,NONE,3533,43,2,8,0,1,0,0,0,115595,15431,12711,115595,972236,0.0,0.0,Low,Keep In Normal Delivery Rhythm.
Data Platform Orchestration,Data Engineering,apache/airflow,71477,https://github.com/apache/airflow/pull/71477,Pull Request,Link registry modules to the guide section that documents them,open,2026-08-12 06:50:39+00:00,2026-08-17 06:20:25+00:00,,6.74,6.74,1.77,0,3,area:dev-tools | area:registry | backport-to-v3-3-test,1,0,0,MEMBER,3026,62,2,8,0,0,0,0,0,46523,17615,1885,46523,693411,0.0,0.0,Low,Keep In Normal Delivery Rhythm.
Data Platform Orchestration,Data Engineering,apache/airflow,71478,https://github.com/apache/airflow/pull/71478,Pull Request,Find providers in the registry by the external services they reach,open,2026-08-12 06:54:21+00:00,2026-08-17 06:19:57+00:00,,6.74,6.74,1.77,0,1,area:registry,1,0,0,MEMBER,2832,66,2,8,0,0,0,0,0,46523,17615,1885,46523,693411,0.0,0.0,Low,Keep In Normal Delivery Rhythm.
Language Ecosystem Delivery,Language Platform,rust-lang/rust,160965,https://github.com/rust-lang/rust/pull/160965,Pull Request,Rollup of 3 pull requests,closed,2026-08-12 06:59:25+00:00,2026-08-12 10:06:20+00:00,2026-08-12 10:06:16+00:00,6.74,0.13,6.61,6,7,A-testsuite | T-compiler | T-bootstrap | S-waiting-on-author | rollup | T-libs | A-compiletest,0,0,0,MEMBER,403,25,2,8,1,0,0,0,0,115595,15431,12711,115595,972236,0.0,0.0,Low,Keep In Normal Delivery Rhythm.
Runtime Platform Stabilization,Runtime Engineering,nodejs/node,65232,https://github.com/nodejs/node/issues/65232,Issue,ffi: SharedArrayBuffer pointer argument changes from rejected to accepted after optimization,open,2026-08-12 07:01:33+00:00,2026-08-12 07:01:33+00:00,,6.74,6.74,6.74,0,1,ffi,1,0,0,MEMBER,1692,92,2,8,0,0,0,0,0,119012,36525,1490,119012,1537562,0.0,0.0,Low,Keep In Normal Delivery Rhythm.
Runtime Platform Stabilization,Runtime Engineering,nodejs/node,65233,https://github.com/nodejs/node/pull/65233,Pull Request,ffi: reject direct SharedArrayBuffer pointers,open,2026-08-12 07:03:42+00:00,2026-08-17 16:53:29+00:00,,6.74,6.74,1.33,7,3,c++ | needs-ci | ffi,0,0,0,MEMBER,274,45,2,8,1,0,0,0,0,119012,36525,1490,119012,1537562,0.0,0.0,Low,Keep In Normal Delivery Rhythm.
Runtime Platform Stabilization,Runtime Engineering,nodejs/node,65234,https://github.com/nodejs/node/pull/65234,Pull Request,doc: fix grammar and punctuation in child-process documentation,closed,2026-08-12 07:09:19+00:00,2026-08-13 09:22:52+00:00,2026-08-13 08:48:54+00:00,6.73,1.07,5.64,2,2,child_process | doc,0,0,0,NONE,698,63,2,8,0,0,0,0,0,119012,36525,1490,119012,1537562,0.0,0.0,Low,Keep In Normal Delivery Rhythm.
Data Platform Orchestration,Data Engineering,apache/airflow,71479,https://github.com/apache/airflow/pull/71479,Pull Request,Add a prek hook to keep ts-sdk/docs/package.json versions in sync with ts-sdk/package.json,closed,2026-08-12 07:12:31+00:00,2026-08-14 04:31:01+00:00,2026-08-14 04:31:01+00:00,6.73,1.89,4.84,0,2,area:dev-tools | area:ts-sdk,1,0,0,MEMBER,908,90,2,8,0,0,0,0,0,46523,17615,1885,46523,693411,0.0,0.0,Low,Keep In Normal Delivery Rhythm.
Data Platform Orchestration,Data Engineering,apache/airflow,71480,https://github.com/apache/airflow/pull/71480,Pull Request,Anchor run_id to logical_date when create_cron_data_intervals is enab…,open,2026-08-12 07:14:10+00:00,2026-08-16 19:45:14+00:00,,6.73,6.73,2.21,2,2,kind:documentation | area:ConfigTemplates,0,0,0,CONTRIBUTOR,4758,70,2,8,0,0,0,0,0,46523,17615,1885,46523,693411,0.0,0.0,Low,Keep In Normal Delivery Rhythm.
Runtime Platform Stabilization,Runtime Engineering,nodejs/node,65235,https://github.com/nodejs/node/issues/65235,Issue,Dynamic V8 Heap Resizing for Kubernetes In-Place Scaling (--max-old-space-size-percentage),open,2026-08-12 07:27:33+00:00,2026-08-12 07:27:33+00:00,,6.72,6.72,6.72,0,1,feature request,0,0,0,CONTRIBUTOR,2150,90,2,8,0,0,0,0,0,119012,36525,1490,119012,1537562,0.0,0.0,Low,Keep In Normal Delivery Rhythm.
Runtime Platform Stabilization,Runtime Engineering,nodejs/node,65236,https://github.com/nodejs/node/pull/65236,Pull Request,doc: clarify stream direction in options.stdio note,open,2026-08-12 07:29:04+00:00,2026-08-12 07:29:24+00:00,,6.72,6.72,6.72,0,2,child_process | doc,0,0,0,NONE,1320,51,2,8,0,0,0,0,0,119012,36525,1490,119012,1537562,0.0,0.0,Low,Keep In Normal Delivery Rhythm.
Language Ecosystem Delivery,Language Platform,rust-lang/rust,160966,https://github.com/rust-lang/rust/pull/160966,Pull Request,bootstrap: Avoid some unnecessary imports from the crate root,closed,2026-08-12 07:31:08+00:00,2026-08-12 23:33:39+00:00,2026-08-12 17:37:59+00:00,6.72,0.42,6.05,6,3,T-bootstrap | S-waiting-on-bors | A-bootstrap-stamp,1,1,0,MEMBER,462,61,2,8,1,0,0,0,0,115595,15431,12711,115595,972236,0.0,0.0,Low,Keep In Normal Delivery Rhythm.
Language Ecosystem Delivery,Language Platform,rust-lang/rust,160967,https://github.com/rust-lang/rust/pull/160967,Pull Request,Add `cfg_select!` formatting rules to the style guide,open,2026-08-12 07:39:20+00:00,2026-08-15 08:34:14+00:00,,6.71,6.71,3.67,2,2,S-waiting-on-review | T-style,1,0,0,CONTRIBUTOR,527,53,2,8,1,0,0,0,0,115595,15431,12711,115595,972236,0.0,0.0,Low,Keep In Normal Delivery Rhythm.
Language Ecosystem Delivery,Language Platform,rust-lang/rust,160968,https://github.com/rust-lang/rust/issues/160968,Issue,`./x t .\tests\ui\delegation\` (with relative path) stopped working on Windows,closed,2026-08-12 07:41:04+00:00,2026-08-12 14:34:42+00:00,2026-08-12 14:34:42+00:00,6.71,0.29,6.42,2,2,T-bootstrap | C-bug,1,0,0,CONTRIBUTOR,690,78,2,8,0,1,0,0,0,115595,15431,12711,115595,972236,0.0,0.0,Low,Keep In Normal Delivery Rhythm.
Data Platform Orchestration,Data Engineering,apache/airflow,71481,https://github.com/apache/airflow/pull/71481,Pull Request,[v3-3-test] Show each Dag only once in airflow dags list (#70934),closed,2026-08-12 07:41:11+00:00,2026-08-12 09:24:12+00:00,2026-08-12 09:22:28+00:00,6.71,0.07,6.64,1,1,area:CLI,0,1,0,CONTRIBUTOR,323,65,2,8,0,0,0,0,0,46523,17615,1885,46523,693411,0.0,0.0,Low,Keep In Normal Delivery Rhythm.
Runtime Platform Stabilization,Runtime Engineering,nodejs/node,65237,https://github.com/nodejs/node/pull/65237,Pull Request,doc: fix grammar and punctuation in cli.md,closed,2026-08-12 07:43:52+00:00,2026-08-13 09:22:39+00:00,2026-08-13 08:48:52+00:00,6.71,1.05,5.64,2,5,doc | cli | author ready | commit-queue | commit-queue-squash,0,0,0,NONE,637,42,2,8,0,0,0,0,0,119012,36525,1490,119012,1537562,0.0,0.0,Low,Keep In Normal Delivery Rhythm.
Data Platform Orchestration,Data Engineering,apache/airflow,71482,https://github.com/apache/airflow/pull/71482,Pull Request,Fix the translation Gap for Taiwanese Mandarin,closed,2026-08-12 07:58:57+00:00,2026-08-16 07:34:46+00:00,2026-08-16 07:34:44+00:00,6.7,3.98,2.71,0,3,area:UI | area:translations | translation:zh-TW,0,0,0,MEMBER,2274,46,2,8,0,0,0,0,0,46523,17615,1885,46523,693411,0.0,0.0,Low,Keep In Normal Delivery Rhythm.
Language Ecosystem Delivery,Language Platform,rust-lang/rust,160969,https://github.com/rust-lang/rust/pull/160969,Pull Request,give layout errors from `size_of_val` and `align_of_val` a span,closed,2026-08-12 07:59:28+00:00,2026-08-14 10:54:48+00:00,2026-08-14 10:54:39+00:00,6.7,2.12,4.57,3,3,A-LLVM | T-compiler | S-waiting-on-bors,1,1,0,CONTRIBUTOR,1276,63,2,8,1,0,0,0,0,115595,15431,12711,115595,972236,0.0,0.0,Low,Keep In Normal Delivery Rhythm.
Language Ecosystem Delivery,Language Platform,rust-lang/rust,160970,https://github.com/rust-lang/rust/pull/160970,Pull Request,Fix handling of relative paths starting with a dot in bootstrap,closed,2026-08-12 08:35:29+00:00,2026-08-12 14:39:07+00:00,2026-08-12 14:34:42+00:00,6.67,0.25,6.42,4,2,T-bootstrap | S-waiting-on-bors,1,1,0,MEMBER,148,63,2,8,1,0,0,0,0,115595,15431,12711,115595,972236,0.0,0.0,Low,Keep In Normal Delivery Rhythm.
Data Platform Orchestration,Data Engineering,apache/airflow,71483,https://github.com/apache/airflow/pull/71483,Pull Request,Add ADR for TaskFlow across the language boundary,closed,2026-08-12 08:38:36+00:00,2026-08-12 10:25:01+00:00,2026-08-12 10:25:01+00:00,6.67,0.07,6.6,0,0,,1,0,0,MEMBER,815,49,2,8,0,0,0,0,0,46523,17615,1885,46523,693411,0.0,0.0,Low,Keep In Normal Delivery Rhythm.
Language Ecosystem Delivery,Language Platform,rust-lang/rust,160971,https://github.com/rust-lang/rust/pull/160971,Pull Request,"Add pattern matching API to OsStr, second attempt",open,2026-08-12 08:45:49+00:00,2026-08-18 19:15:39+00:00,,6.66,6.66,0.23,16,3,T-compiler | S-waiting-on-review | T-libs,1,0,0,CONTRIBUTOR,2546,49,2,8,1,0,0,0,0,115595,15431,12711,115595,972236,0.0,0.0,Low,Keep In Normal Delivery Rhythm.
Data Platform Orchestration,Data Engineering,apache/airflow,71484,https://github.com/apache/airflow/pull/71484,Pull Request,Docs execution API version check via side effects in AGENTS.md,closed,2026-08-12 08:59:40+00:00,2026-08-13 11:50:09+00:00,2026-08-13 11:50:09+00:00,6.65,1.12,5.54,0,1,area:task-sdk,1,0,0,MEMBER,397,62,2,8,0,0,0,0,0,46523,17615,1885,46523,693411,0.0,0.0,Low,Keep In Normal Delivery Rhythm.
Data Platform Orchestration,Data Engineering,apache/airflow,71485,https://github.com/apache/airflow/issues/71485,Issue,"Expose reconnect-decision separately from polling, for deferrable operators",open,2026-08-12 09:10:45+00:00,2026-08-12 09:12:49+00:00,,6.65,6.65,6.65,0,2,area:providers | kind:feature,1,1,0,CONTRIBUTOR,1831,75,2,8,0,0,0,0,0,46523,17615,1885,46523,693411,0.0,0.0,Low,Keep In Normal Delivery Rhythm.
Language Ecosystem Delivery,Language Platform,rust-lang/rust,160972,https://github.com/rust-lang/rust/pull/160972,Pull Request,std: map ERROR_NEGATIVE_SEEK to ErrorKind::InvalidInput on Windows,closed,2026-08-12 09:28:30+00:00,2026-08-14 10:54:47+00:00,2026-08-14 10:54:39+00:00,6.63,2.06,4.57,2,2,S-waiting-on-bors | T-libs,1,1,0,CONTRIBUTOR,1338,66,2,8,1,0,0,0,0,115595,15431,12711,115595,972236,0.0,0.0,Low,Keep In Normal Delivery Rhythm.
Data Platform Orchestration,Data Engineering,apache/airflow,71486,https://github.com/apache/airflow/pull/71486,Pull Request,Airflow 3.3.1 has been released,closed,2026-08-12 09:30:23+00:00,2026-08-12 11:02:34+00:00,2026-08-12 11:01:06+00:00,6.63,0.06,6.57,3,4,area:dev-tools | kind:documentation | area:production-image | backport-to-v3-3-test,0,0,0,CONTRIBUTOR,385,31,2,8,0,0,0,0,0,46523,17615,1885,46523,693411,0.0,0.0,Low,Keep In Normal Delivery Rhythm.
Language Ecosystem Delivery,Language Platform,rust-lang/rust,160973,https://github.com/rust-lang/rust/pull/160973,Pull Request,Add missing reverse PartialEq impls for Cow,open,2026-08-12 09:34:57+00:00,2026-08-12 18:11:01+00:00,,6.63,6.63,6.27,8,2,S-waiting-on-crater | T-libs,1,0,0,NONE,323,43,2,8,1,0,0,0,0,115595,15431,12711,115595,972236,0.0,0.0,Low,Keep In Normal Delivery Rhythm.
Data Platform Orchestration,Data Engineering,apache/airflow,71487,https://github.com/apache/airflow/pull/71487,Pull Request,Chart: Default airflow version to 3.3.1,closed,2026-08-12 09:43:17+00:00,2026-08-13 10:51:44+00:00,2026-08-12 12:43:31+00:00,6.62,0.13,5.58,2,1,area:helm-chart,0,0,0,CONTRIBUTOR,359,39,2,8,0,0,0,0,0,46523,17615,1885,46523,693411,0.0,0.0,Low,Keep In Normal Delivery Rhythm.
Language Ecosystem Delivery,Language Platform,rust-lang/rust,160974,https://github.com/rust-lang/rust/pull/160974,Pull Request,Rollup of 5 pull requests,closed,2026-08-12 10:06:18+00:00,2026-08-12 15:18:48+00:00,2026-08-12 14:34:42+00:00,6.61,0.19,6.39,9,7,A-testsuite | T-compiler | T-bootstrap | merged-by-bors | rollup | T-libs | A-compiletest,0,1,0,MEMBER,587,25,2,8,0,0,0,0,0,115595,15431,12711,115595,972236,0.0,0.0,Low,Keep In Normal Delivery Rhythm.
Data Platform Orchestration,Data Engineering,apache/airflow,71488,https://github.com/apache/airflow/pull/71488,Pull Request,Reuse the ambient session when skipping pending TIs in dag-run terminal state,open,2026-08-12 10:11:02+00:00,2026-08-12 10:11:07+00:00,,6.61,6.61,6.61,1,1,area:API,0,0,0,NONE,2803,77,2,8,0,0,0,0,0,46523,17615,1885,46523,693411,0.0,0.0,Low,Keep In Normal Delivery Rhythm.
Data Platform Orchestration,Data Engineering,apache/airflow,71489,https://github.com/apache/airflow/issues/71489,Issue,Bound and harden the task-UUID scan fallback,open,2026-08-12 10:14:16+00:00,2026-08-13 17:12:08+00:00,,6.6,6.6,5.31,4,3,provider:amazon | area:providers | good first issue,0,0,0,CONTRIBUTOR,2236,44,2,8,0,0,0,0,0,46523,17615,1885,46523,693411,0.0,0.0,Low,Keep In Normal Delivery Rhythm.
Language Ecosystem Delivery,Language Platform,rust-lang/rust,160975,https://github.com/rust-lang/rust/pull/160975,Pull Request,Remove target argument from get_proc_macros,closed,2026-08-12 10:24:03+00:00,2026-08-13 13:51:34+00:00,2026-08-13 13:40:27+00:00,6.6,1.14,5.45,16,3,T-compiler | S-waiting-on-bors | T-rust-analyzer,1,1,0,MEMBER,245,43,2,8,1,0,0,0,0,115595,15431,12711,115595,972236,0.0,0.0,Low,Keep In Normal Delivery Rhythm.
Language Ecosystem Delivery,Language Platform,rust-lang/rust,160976,https://github.com/rust-lang/rust/pull/160976,Pull Request,Ensure TLS accesses don't call the global allocator through panic (part 2),closed,2026-08-12 10:39:20+00:00,2026-08-18 10:46:09+00:00,2026-08-13 10:24:12+00:00,6.59,0.99,0.58,26,4,S-waiting-on-bors | T-libs | perf-regression | perf-regression-triaged,1,1,0,CONTRIBUTOR,549,74,2,8,1,1,0,1,0,115595,15431,12711,115595,972236,0.0,0.0,Low,Keep In Normal Delivery Rhythm.
Language Ecosystem Delivery,Language Platform,rust-lang/rust,160977,https://github.com/rust-lang/rust/pull/160977,Pull Request,Remove `MutatingUseContext::Retag`,closed,2026-08-12 10:51:03+00:00,2026-08-12 23:15:45+00:00,2026-08-12 17:37:56+00:00,6.58,0.28,6.06,4,2,T-compiler | S-waiting-on-bors,1,1,0,CONTRIBUTOR,1302,34,2,8,1,0,0,0,0,115595,15431,12711,115595,972236,0.0,0.0,Low,Keep In Normal Delivery Rhythm.
Data Platform Orchestration,Data Engineering,apache/airflow,71490,https://github.com/apache/airflow/issues/71490,Issue,"GlueJobCompleteTrigger's verbose branch still treats STOPPED as success, disagreeing with the waiter and the operator",closed,2026-08-12 10:52:11+00:00,2026-08-13 18:51:56+00:00,2026-08-13 18:43:43+00:00,6.58,1.33,5.24,2,4,kind:bug | provider:amazon | area:providers | good first issue,0,0,0,CONTRIBUTOR,1569,117,2,8,0,1,0,0,0,46523,17615,1885,46523,693411,0.0,0.0,Low,Keep In Normal Delivery Rhythm.
Data Platform Orchestration,Data Engineering,apache/airflow,71491,https://github.com/apache/airflow/pull/71491,Pull Request,[v3-3-test] Include server error detail in Task SDK API error tracebacks (#71440),closed,2026-08-12 11:02:46+00:00,2026-08-12 15:11:42+00:00,2026-08-12 15:10:39+00:00,6.57,0.17,6.4,1,1,area:task-sdk,0,1,0,CONTRIBUTOR,1155,81,2,8,0,0,0,0,0,46523,17615,1885,46523,693411,0.0,0.0,Low,Keep In Normal Delivery Rhythm.
Cloud Native Platform Reliability,Cloud Platform,kubernetes/kubernetes,141328,https://github.com/kubernetes/kubernetes/pull/141328,Pull Request,scheduler: prevent NodeInfo requested totals from wrapping,open,2026-08-12 11:03:44+00:00,2026-08-13 14:06:23+00:00,,6.57,6.57,5.44,4,8,kind/bug | sig/scheduling | release-note | size/XL | cncf-cla: yes | do-not-merge/work-in-progress | needs-priority | needs-triage,0,0,0,MEMBER,6048,58,2,8,1,1,1,1,0,124580,43868,2952,124580,1510698,0.0,0.0,Low,Keep In Normal Delivery Rhythm.
Runtime Platform Stabilization,Runtime Engineering,nodejs/node,65238,https://github.com/nodejs/node/pull/65238,Pull Request,doc: fix grammar and punctuation in cluster.md,closed,2026-08-12 11:13:58+00:00,2026-08-13 09:22:12+00:00,2026-08-13 08:48:50+00:00,6.56,0.9,5.64,2,2,cluster | doc,0,0,0,NONE,603,46,2,8,0,0,0,0,0,119012,36525,1490,119012,1537562,0.0,0.0,Low,Keep In Normal Delivery Rhythm.
Runtime Platform Stabilization,Runtime Engineering,nodejs/node,65239,https://github.com/nodejs/node/pull/65239,Pull Request,net: ignore stale lookup callbacks after reconnect,open,2026-08-12 11:16:03+00:00,2026-08-12 11:16:15+00:00,,6.56,6.56,6.56,1,2,net | needs-ci,0,0,0,NONE,874,50,2,8,1,0,0,0,0,119012,36525,1490,119012,1537562,0.0,0.0,Low,Keep In Normal Delivery Rhythm.
Language Ecosystem Delivery,Language Platform,rust-lang/rust,160978,https://github.com/rust-lang/rust/pull/160978,Pull Request,move resolve_path to Session inherent method,closed,2026-08-12 11:20:16+00:00,2026-08-13 10:24:16+00:00,2026-08-13 10:24:12+00:00,6.56,0.96,5.6,4,2,T-compiler | S-waiting-on-bors,1,1,0,CONTRIBUTOR,79,44,2,8,1,0,0,0,0,115595,15431,12711,115595,972236,0.0,0.0,Low,Keep In Normal Delivery Rhythm.
Language Ecosystem Delivery,Language Platform,rust-lang/rust,160979,https://github.com/rust-lang/rust/issues/160979,Issue,A possible regression with -Zpolonius=next,open,2026-08-12 11:28:08+00:00,2026-08-14 04:22:18+00:00,,6.55,6.55,4.85,6,5,A-borrow-checker | A-impl-trait | C-bug | NLL-polonius | T-types,0,0,0,CONTRIBUTOR,4429,42,2,8,0,1,0,0,0,115595,15431,12711,115595,972236,0.0,0.0,Low,Keep In Normal Delivery Rhythm.
Runtime Platform Stabilization,Runtime Engineering,nodejs/node,65240,https://github.com/nodejs/node/pull/65240,Pull Request,doc: document exports target fallback arrays,open,2026-08-12 11:35:11+00:00,2026-08-12 11:35:24+00:00,,6.55,6.55,6.55,1,1,doc,0,0,0,CONTRIBUTOR,2133,44,2,8,0,0,0,0,0,119012,36525,1490,119012,1537562,0.0,0.0,Low,Keep In Normal Delivery Rhythm.
Data Platform Orchestration,Data Engineering,apache/airflow,71492,https://github.com/apache/airflow/pull/71492,Pull Request,Make KPO durable execution inert below Airflow 3.3,closed,2026-08-12 11:40:50+00:00,2026-08-14 05:51:19+00:00,2026-08-14 05:51:17+00:00,6.54,1.76,4.79,5,2,area:providers | provider:cncf-kubernetes,1,0,0,CONTRIBUTOR,6778,50,2,8,0,0,0,0,0,46523,17615,1885,46523,693411,0.0,0.0,Low,Keep In Normal Delivery Rhythm.
Data Platform Orchestration,Data Engineering,apache/airflow,71493,https://github.com/apache/airflow/pull/71493,Pull Request,"[standard, common.sql] Add missing return type annotations to operators, sensors, and hooks",open,2026-08-12 11:45:53+00:00,2026-08-12 11:45:57+00:00,,6.54,6.54,6.54,0,3,area:providers | provider:common-sql | provider:standard,0,0,0,NONE,708,91,2,8,0,0,0,0,0,46523,17615,1885,46523,693411,0.0,0.0,Low,Keep In Normal Delivery Rhythm.
Runtime Platform Stabilization,Runtime Engineering,nodejs/node,65241,https://github.com/nodejs/node/pull/65241,Pull Request,doc: fix grammar and punctuation in console.md,closed,2026-08-12 11:50:31+00:00,2026-08-13 09:28:59+00:00,2026-08-13 08:48:48+00:00,6.54,0.87,5.63,3,2,doc | console,0,0,0,NONE,400,46,2,8,0,0,0,0,0,119012,36525,1490,119012,1537562,0.0,0.0,Low,Keep In Normal Delivery Rhythm.
Language Ecosystem Delivery,Language Platform,rust-lang/rust,160980,https://github.com/rust-lang/rust/pull/160980,Pull Request,Rollup of 6 pull requests,closed,2026-08-12 11:52:44+00:00,2026-08-12 18:21:48+00:00,2026-08-12 17:38:00+00:00,6.53,0.24,6.26,9,7,T-compiler | T-bootstrap | merged-by-bors | rollup | T-libs | WG-trait-system-refactor | A-bootstrap-stamp,0,1,0,MEMBER,627,25,2,8,0,0,0,0,0,115595,15431,12711,115595,972236,0.0,0.0,Low,Keep In Normal Delivery Rhythm.
Data Platform Orchestration,Data Engineering,apache/airflow,71494,https://github.com/apache/airflow/issues/71494,Issue,Upgrading docker images debian from version 12(bookworm) to 13(trixie).,open,2026-08-12 11:56:35+00:00,2026-08-12 12:25:00+00:00,,6.53,6.53,6.51,0,4,security | kind:feature | area:production-image | needs-triage,0,0,0,CONTRIBUTOR,732,71,2,8,1,0,0,1,0,46523,17615,1885,46523,693411,0.0,0.0,Low,Keep In Normal Delivery Rhythm.
Language Ecosystem Delivery,Language Platform,rust-lang/rust,160981,https://github.com/rust-lang/rust/pull/160981,Pull Request,Partially support building and locating wasm proc-macros,open,2026-08-12 12:02:47+00:00,2026-08-17 14:56:11+00:00,,6.53,6.53,1.41,6,6,A-testsuite | T-compiler | T-bootstrap | S-waiting-on-review | A-compiletest | A-run-make,1,0,0,MEMBER,348,56,2,8,1,0,0,0,0,115595,15431,12711,115595,972236,0.0,0.0,Low,Keep In Normal Delivery Rhythm.
Runtime Platform Stabilization,Runtime Engineering,nodejs/node,65242,https://github.com/nodejs/node/pull/65242,Pull Request,util: add maxObjectProperties option to inspect,open,2026-08-12 12:08:50+00:00,2026-08-17 05:40:03+00:00,,6.52,6.52,1.79,2,3,assert | util | needs-ci,0,0,0,MEMBER,2567,47,2,8,1,0,0,0,0,119012,36525,1490,119012,1537562,0.0027,0.3,Low,Keep In Normal Delivery Rhythm.
Data Platform Orchestration,Data Engineering,apache/airflow,71495,https://github.com/apache/airflow/pull/71495,Pull Request,Fail Glue job tasks stopped mid-run in deferrable verbose mode,closed,2026-08-12 12:13:55+00:00,2026-08-13 18:43:42+00:00,2026-08-13 18:43:42+00:00,6.52,1.27,5.25,1,2,provider:amazon | area:providers,0,0,0,CONTRIBUTOR,1003,62,2,8,0,0,0,0,0,46523,17615,1885,46523,693411,0.0,0.0,Low,Keep In Normal Delivery Rhythm.
Language Ecosystem Delivery,Language Platform,rust-lang/rust,160982,https://github.com/rust-lang/rust/pull/160982,Pull Request,"stop using fully_perform_locally with the next solver, it's worse (perf fix for unic-ucd)",closed,2026-08-12 12:16:42+00:00,2026-08-18 07:09:44+00:00,2026-08-14 13:55:43+00:00,6.52,2.07,0.73,25,5,T-compiler | merged-by-bors | perf-regression | perf-regression-triaged | WG-trait-system-refactor,1,1,0,CONTRIBUTOR,307,89,2,8,0,1,0,1,0,115595,15431,12711,115595,972236,0.0,0.0,Low,Keep In Normal Delivery Rhythm.
Runtime Platform Stabilization,Runtime Engineering,nodejs/node,65243,https://github.com/nodejs/node/pull/65243,Pull Request,doc: clarify signal listener behavior,open,2026-08-12 12:24:50+00:00,2026-08-15 17:15:08+00:00,,6.51,6.51,3.31,0,2,doc | process,0,0,0,NONE,281,37,2,8,0,0,0,0,0,119012,36525,1490,119012,1537562,0.0,0.0,Low,Keep In Normal Delivery Rhythm.
Data Platform Orchestration,Data Engineering,apache/airflow,71496,https://github.com/apache/airflow/pull/71496,Pull Request,Amazon Glue: classify STOPPED job runs as failures consistently,closed,2026-08-12 12:29:03+00:00,2026-08-14 05:59:50+00:00,2026-08-14 05:59:50+00:00,6.51,1.73,4.78,2,2,provider:amazon | area:providers,0,0,0,NONE,1552,63,2,8,0,0,0,0,0,46523,17615,1885,46523,693411,0.0,0.0,Low,Keep In Normal Delivery Rhythm.
Runtime Platform Stabilization,Runtime Engineering,nodejs/node,65244,https://github.com/nodejs/node/issues/65244,Issue,EventTarget removeEventListener does not match all listeners,open,2026-08-12 12:30:40+00:00,2026-08-18 04:16:36+00:00,,6.51,6.51,0.85,0,1,events,0,0,0,NONE,1189,60,2,8,0,0,0,0,0,119012,36525,1490,119012,1537562,0.0002,0.0,Low,Keep In Normal Delivery Rhythm.
Data Platform Orchestration,Data Engineering,apache/airflow,71497,https://github.com/apache/airflow/issues/71497,Issue,UI DAG run stats endpoint returns 500 on PostgreSQL: TypeError: unsupported operand type(s) for *: 'decimal.Decimal' and 'float,closed,2026-08-12 12:38:06+00:00,2026-08-13 08:48:46+00:00,2026-08-13 08:48:46+00:00,6.5,0.84,5.66,2,5,kind:bug | area:MetaDB | area:API | area:UI | needs-triage,0,0,0,NONE,4615,127,2,8,1,1,0,1,0,46523,17615,1885,46523,693411,0.0,0.0,Low,Keep In Normal Delivery Rhythm.
Data Platform Orchestration,Data Engineering,apache/airflow,71498,https://github.com/apache/airflow/pull/71498,Pull Request,Fix stopped Glue job trigger state,closed,2026-08-12 12:39:30+00:00,2026-08-14 05:59:53+00:00,2026-08-14 05:59:53+00:00,6.5,1.72,4.78,1,3,provider:amazon | area:providers | ready for maintainer review,0,0,0,NONE,1035,34,2,8,0,0,0,0,0,46523,17615,1885,46523,693411,0.0,0.0,Low,Keep In Normal Delivery Rhythm.
Language Ecosystem Delivery,Language Platform,rust-lang/rust,160983,https://github.com/rust-lang/rust/pull/160983,Pull Request,resolve: fix stack overflow on cyclic ambiguous glob reexports,closed,2026-08-12 12:39:32+00:00,2026-08-13 01:00:28+00:00,2026-08-12 18:56:21+00:00,6.5,0.26,5.99,5,3,A-resolve | A-visibility | T-compiler,1,0,0,CONTRIBUTOR,1416,62,2,8,0,0,0,0,0,115595,15431,12711,115595,972236,0.0,0.0,Low,Keep In Normal Delivery Rhythm.
Data Platform Orchestration,Data Engineering,apache/airflow,71499,https://github.com/apache/airflow/issues/71499,Issue,Load UI list entries asynchronously during bulk authorisation requests.,open,2026-08-12 12:45:15+00:00,2026-08-12 12:47:19+00:00,,6.5,6.5,6.5,0,4,kind:feature | area:API | area:UI | needs-triage,0,0,0,CONTRIBUTOR,1009,71,2,8,1,0,0,1,0,46523,17615,1885,46523,693411,0.0,0.0,Low,Keep In Normal Delivery Rhythm.
Cloud Native Platform Reliability,Cloud Platform,kubernetes/kubernetes,141329,https://github.com/kubernetes/kubernetes/pull/141329,Pull Request,fix job pod could not be removed while removing finalizer failed,open,2026-08-12 12:52:41+00:00,2026-08-18 10:59:26+00:00,,6.49,6.49,0.57,3,7,kind/bug | size/L | release-note-none | sig/apps | cncf-cla: yes | needs-priority | needs-triage,0,0,0,MEMBER,3899,64,2,8,1,1,1,1,0,124580,43868,2952,124580,1510698,0.0001,0.0,Low,Keep In Normal Delivery Rhythm.
Language Ecosystem Delivery,Language Platform,rust-lang/rust,160984,https://github.com/rust-lang/rust/pull/160984,Pull Request,Fix ICE on { _ } const args in bodies by tracking const-only infer args,closed,2026-08-12 12:59:39+00:00,2026-08-14 11:00:29+00:00,2026-08-14 10:54:39+00:00,6.49,1.91,4.57,10,2,T-compiler | S-waiting-on-bors,1,1,0,MEMBER,1581,71,2,8,1,0,0,0,0,115595,15431,12711,115595,972236,0.0,0.0,Low,Keep In Normal Delivery Rhythm.
Runtime Platform Stabilization,Runtime Engineering,nodejs/node,65245,https://github.com/nodejs/node/pull/65245,Pull Request,events: accept boolean options in removeEventListener,open,2026-08-12 13:21:02+00:00,2026-08-13 14:44:46+00:00,,6.47,6.47,5.42,1,1,needs-ci,0,0,0,CONTRIBUTOR,380,53,2,8,1,0,0,0,0,119012,36525,1490,119012,1537562,0.0,0.0,Low,Keep In Normal Delivery Rhythm.
Runtime Platform Stabilization,Runtime Engineering,nodejs/node,65246,https://github.com/nodejs/node/pull/65246,Pull Request,doc: remove synopsis,open,2026-08-12 13:21:32+00:00,2026-08-15 13:41:39+00:00,,6.47,6.47,3.46,6,5,author ready | needs-ci | dont-land-on-v22.x | dont-land-on-v24.x | dont-land-on-v26.x,0,0,0,MEMBER,80,20,2,8,1,0,0,0,0,119012,36525,1490,119012,1537562,0.0,0.0,Low,Keep In Normal Delivery Rhythm.
Language Ecosystem Delivery,Language Platform,rust-lang/rust,160985,https://github.com/rust-lang/rust/pull/160985,Pull Request,self-profile more of borrowck,closed,2026-08-12 13:30:27+00:00,2026-08-18 09:19:23+00:00,2026-08-13 10:24:12+00:00,6.47,0.87,0.64,3,2,T-compiler | S-waiting-on-bors,1,1,0,MEMBER,306,29,2,8,1,0,0,0,0,115595,15431,12711,115595,972236,0.0,0.0,Low,Keep In Normal Delivery Rhythm.
Language Ecosystem Delivery,Language Platform,rust-lang/rust,160986,https://github.com/rust-lang/rust/pull/160986,Pull Request,Move `LateParamRegion` to `rustc_type_ir`,closed,2026-08-12 13:36:10+00:00,2026-08-17 23:29:41+00:00,2026-08-17 23:29:38+00:00,6.46,5.41,1.05,20,2,T-compiler | S-waiting-on-bors,1,1,0,CONTRIBUTOR,1677,41,2,8,1,0,0,0,0,115595,15431,12711,115595,972236,0.0003,0.0,Low,Keep In Normal Delivery Rhythm.
Language Ecosystem Delivery,Language Platform,rust-lang/rust,160987,https://github.com/rust-lang/rust/issues/160987,Issue,rustc suggests incorrect labeling of try block,closed,2026-08-12 13:37:55+00:00,2026-08-14 10:54:40+00:00,2026-08-14 10:54:40+00:00,6.46,1.89,4.57,0,5,A-diagnostics | T-compiler | A-suggestion-diagnostics | F-try_blocks | D-invalid-suggestion,1,0,0,CONTRIBUTOR,1458,46,2,8,1,0,0,0,0,115595,15431,12711,115595,972236,0.0,0.0,Low,Keep In Normal Delivery Rhythm.
Cloud Native Platform Reliability,Cloud Platform,kubernetes/kubernetes,141330,https://github.com/kubernetes/kubernetes/pull/141330,Pull Request,Add declarative validation for field equality,open,2026-08-12 13:41:28+00:00,2026-08-12 13:42:36+00:00,,6.46,6.46,6.46,5,9,sig/api-machinery | size/L | kind/feature | release-note-none | cncf-cla: yes | needs-ok-to-test | area/code-generation | needs-priority | needs-triage,0,0,0,NONE,3389,45,2,8,1,0,1,1,0,124580,43868,2952,124580,1510698,0.0002,0.0,Low,Keep In Normal Delivery Rhythm.
Data Platform Orchestration,Data Engineering,apache/airflow,71500,https://github.com/apache/airflow/pull/71500,Pull Request,Walk each Dag once in DBDagBag.iter_all_latest_version_dags,closed,2026-08-12 13:50:05+00:00,2026-08-12 13:58:03+00:00,2026-08-12 13:58:03+00:00,6.45,0.01,6.45,1,1,area:DAG-processing,0,0,0,CONTRIBUTOR,1869,59,2,8,0,0,0,0,0,46523,17615,1885,46523,693411,0.0,0.0,Low,Keep In Normal Delivery Rhythm.
Runtime Platform Stabilization,Runtime Engineering,nodejs/node,65247,https://github.com/nodejs/node/issues/65247,Issue,assert: add `expect()`,open,2026-08-12 14:01:38+00:00,2026-08-18 16:15:18+00:00,,6.45,6.45,0.35,9,2,assert | feature request,0,0,0,CONTRIBUTOR,569,22,2,8,0,0,0,0,0,119012,36525,1490,119012,1537562,0.0,0.0,Low,Keep In Normal Delivery Rhythm.
Language Ecosystem Delivery,Language Platform,rust-lang/rust,160988,https://github.com/rust-lang/rust/issues/160988,Issue,"Missing ""trait bound not satisfied"" error for method on generic struct with bound type parameter with restriction on associated type",open,2026-08-12 14:02:05+00:00,2026-08-12 14:02:05+00:00,,6.44,6.44,6.44,0,2,A-diagnostics | T-compiler,0,0,0,NONE,3390,132,2,8,0,0,0,0,0,115595,15431,12711,115595,972236,0.0,0.0,Low,Keep In Normal Delivery Rhythm.
Cloud Native Platform Reliability,Cloud Platform,kubernetes/kubernetes,141331,https://github.com/kubernetes/kubernetes/pull/141331,Pull Request,Add integration tests for scheduling pod groups interleaved with standalone pods,open,2026-08-12 14:05:01+00:00,2026-08-18 14:30:42+00:00,,6.44,6.44,0.42,6,11,area/test | kind/cleanup | sig/scheduling | lgtm | size/XL | release-note-none | approved | cncf-cla: yes | sig/testing | needs-priority | needs-triage,2,0,0,MEMBER,3552,80,2,8,1,0,1,1,0,124580,43868,2952,124580,1510698,0.0021,0.2,Low,Keep In Normal Delivery Rhythm.
Language Ecosystem Delivery,Language Platform,rust-lang/rust,160989,https://github.com/rust-lang/rust/pull/160989,Pull Request,"Make sin, cos, exp, exp2, log, log2, log10 generic",open,2026-08-12 14:23:12+00:00,2026-08-18 17:38:40+00:00,,6.43,6.43,0.29,12,5,A-LLVM | T-compiler | S-waiting-on-review | T-libs | T-clippy,1,0,0,MEMBER,1144,50,2,8,1,0,0,0,0,115595,15431,12711,115595,972236,0.0,0.0,Low,Keep In Normal Delivery Rhythm.
Language Ecosystem Delivery,Language Platform,rust-lang/rust,160990,https://github.com/rust-lang/rust/pull/160990,Pull Request,Remove old cfg parser which is now dead code,closed,2026-08-12 14:31:46+00:00,2026-08-13 10:25:08+00:00,2026-08-13 10:24:12+00:00,6.42,0.83,5.6,1,2,T-compiler | S-waiting-on-bors,1,1,0,MEMBER,107,44,2,8,1,0,0,0,0,115595,15431,12711,115595,972236,0.0,0.0,Low,Keep In Normal Delivery Rhythm.
Data Platform Orchestration,Data Engineering,apache/airflow,71501,https://github.com/apache/airflow/pull/71501,Pull Request,[v3-3-test] Refactor AdvancedSearchToggle and SearchBar components for improved clarity and functionality (#71470),closed,2026-08-12 14:33:44+00:00,2026-08-12 16:53:23+00:00,2026-08-12 16:52:17+00:00,6.42,0.1,6.33,1,1,area:UI,0,1,0,CONTRIBUTOR,124,114,2,8,0,0,0,0,0,46523,17615,1885,46523,693411,0.0,0.0,Low,Keep In Normal Delivery Rhythm.
Data Platform Orchestration,Data Engineering,apache/airflow,71502,https://github.com/apache/airflow/issues/71502,Issue,ExternalTaskSensor race condition between queued / success,closed,2026-08-12 14:39:41+00:00,2026-08-12 15:32:05+00:00,2026-08-12 15:32:05+00:00,6.42,0.04,6.38,1,4,kind:bug | area:providers | area:async-operators | needs-triage,0,0,0,NONE,1476,58,2,8,1,1,0,1,0,46523,17615,1885,46523,693411,0.0,0.0,Low,Keep In Normal Delivery Rhythm.
Cloud Native Platform Reliability,Cloud Platform,kubernetes/kubernetes,141333,https://github.com/kubernetes/kubernetes/pull/141333,Pull Request,Stop counting undispatched bookmarks in watch cache events_dispatched_total,open,2026-08-12 14:47:03+00:00,2026-08-18 20:08:36+00:00,,6.41,6.41,0.19,4,8,kind/bug | area/apiserver | sig/api-machinery | release-note | size/XS | cncf-cla: yes | needs-priority | triage/accepted,2,0,0,MEMBER,615,75,2,8,1,1,1,1,0,124580,43868,2952,124580,1510698,0.0003,0.0,Low,Keep In Normal Delivery Rhythm.
Cloud Native Platform Reliability,Cloud Platform,kubernetes/kubernetes,141334,https://github.com/kubernetes/kubernetes/issues/141334,Issue,kuberuntime: subtracting pod overhead after CPU cgroup conversion is lossy (quota and shares),open,2026-08-12 15:01:11+00:00,2026-08-13 00:25:30+00:00,,6.4,6.4,6.01,2,2,sig/node | needs-triage,0,0,0,MEMBER,2647,93,2,8,1,0,0,1,0,124580,43868,2952,124580,1510698,0.0,0.0,Low,Keep In Normal Delivery Rhythm.
Language Ecosystem Delivery,Language Platform,rust-lang/rust,160991,https://github.com/rust-lang/rust/pull/160991,Pull Request,Add offload component on nightly,closed,2026-08-12 15:01:28+00:00,2026-08-13 10:24:15+00:00,2026-08-13 10:24:12+00:00,6.4,0.81,5.6,2,2,T-bootstrap | S-waiting-on-bors,1,1,0,CONTRIBUTOR,1436,32,2,8,1,0,0,0,0,115595,15431,12711,115595,972236,0.0001,0.0,Low,Keep In Normal Delivery Rhythm.
Runtime Platform Stabilization,Runtime Engineering,nodejs/node,65248,https://github.com/nodejs/node/pull/65248,Pull Request,fix: honor --use-strict for CommonJS scripts,open,2026-08-12 15:02:25+00:00,2026-08-15 17:16:04+00:00,,6.4,6.4,3.31,2,2,v8 engine | needs-ci,0,0,0,NONE,1003,44,2,8,1,0,0,0,0,119012,36525,1490,119012,1537562,0.0,0.0,Low,Keep In Normal Delivery Rhythm.
Data Platform Orchestration,Data Engineering,apache/airflow,71503,https://github.com/apache/airflow/pull/71503,Pull Request,Show the teams of the signed-in user in multi-team mode,closed,2026-08-12 15:13:07+00:00,2026-08-14 14:43:33+00:00,2026-08-14 14:43:31+00:00,6.4,1.98,4.42,1,4,area:API | area:UI | area:translations | translation:default,0,0,0,CONTRIBUTOR,3274,55,2,8,0,0,0,0,0,46523,17615,1885,46523,693411,0.0,0.0,Low,Keep In Normal Delivery Rhythm.
Data Platform Orchestration,Data Engineering,apache/airflow,71504,https://github.com/apache/airflow/pull/71504,Pull Request,[v3-3-test] Add pnpm overrides after audit review in simple auth manager (#71447),closed,2026-08-12 15:15:21+00:00,2026-08-12 16:45:10+00:00,2026-08-12 16:44:10+00:00,6.39,0.06,6.33,1,1,area:API,0,1,0,CONTRIBUTOR,138,81,2,8,0,0,0,0,0,46523,17615,1885,46523,693411,0.0,0.0,Low,Keep In Normal Delivery Rhythm.
Data Platform Orchestration,Data Engineering,apache/airflow,71505,https://github.com/apache/airflow/pull/71505,Pull Request,Make Keycloak permission creation quietly idempotent like its sibling helpers,closed,2026-08-12 15:15:52+00:00,2026-08-12 15:57:47+00:00,2026-08-12 15:57:47+00:00,6.39,0.03,6.36,0,2,area:providers | provider:keycloak,0,0,0,CONTRIBUTOR,1509,77,2,8,0,0,0,0,0,46523,17615,1885,46523,693411,0.0,0.0,Low,Keep In Normal Delivery Rhythm.
Data Platform Orchestration,Data Engineering,apache/airflow,71506,https://github.com/apache/airflow/pull/71506,Pull Request,Fix login loop when the login callback carries an expired Airflow JWT in KeycloakAuthManager,closed,2026-08-12 15:23:54+00:00,2026-08-13 13:11:38+00:00,2026-08-13 13:11:38+00:00,6.39,0.91,5.48,0,2,area:providers | provider:keycloak,0,0,0,CONTRIBUTOR,1257,92,2,8,0,0,0,0,0,46523,17615,1885,46523,693411,0.0,0.0,Low,Keep In Normal Delivery Rhythm.
Cloud Native Platform Reliability,Cloud Platform,kubernetes/kubernetes,141335,https://github.com/kubernetes/kubernetes/issues/141335,Issue,A misbehaving DRA driver causes kubelet's ListPodResources response to grow unbounded causing rpc error: code = ResourceExhausted desc = grpc: received message larger than max,open,2026-08-12 15:29:55+00:00,2026-08-12 16:44:21+00:00,,6.38,6.38,6.33,4,3,kind/bug | needs-sig | needs-triage,0,0,0,NONE,8726,175,2,8,1,1,0,1,0,124580,43868,2952,124580,1510698,0.0008,0.1,Low,Keep In Normal Delivery Rhythm.
Cloud Native Platform Reliability,Cloud Platform,kubernetes/kubernetes,141336,https://github.com/kubernetes/kubernetes/pull/141336,Pull Request,scheduler: fix TestPreQueueingHint_Metrics race on metric flush,open,2026-08-12 15:41:23+00:00,2026-08-13 13:38:34+00:00,,6.38,6.38,5.46,5,8,kind/cleanup | sig/scheduling | size/S | kind/flake | release-note-none | cncf-cla: yes | needs-priority | needs-triage,0,0,0,CONTRIBUTOR,6087,63,2,8,1,0,1,1,0,124580,43868,2952,124580,1510698,0.0,0.0,Low,Keep In Normal Delivery Rhythm.
Data Platform Orchestration,Data Engineering,apache/airflow,71507,https://github.com/apache/airflow/pull/71507,Pull Request,Skip per-Dag filtering for users authorized on every Dag,closed,2026-08-12 15:45:49+00:00,2026-08-14 18:28:17+00:00,2026-08-14 18:28:17+00:00,6.37,2.11,4.26,0,4,area:providers | area:API | kind:documentation | provider:fab,0,0,0,CONTRIBUTOR,2107,56,2,8,0,0,0,0,0,46523,17615,1885,46523,693411,0.0,0.0,Low,Keep In Normal Delivery Rhythm.
Language Ecosystem Delivery,Language Platform,rust-lang/rust,160992,https://github.com/rust-lang/rust/pull/160992,Pull Request,Rollup of 4 pull requests,closed,2026-08-12 15:49:39+00:00,2026-08-12 18:44:55+00:00,2026-08-12 18:44:53+00:00,6.37,0.12,6.25,7,4,T-rustdoc | T-compiler | rollup | T-rust-analyzer,0,0,0,MEMBER,577,25,2,8,0,0,0,0,0,115595,15431,12711,115595,972236,0.0,0.0,Low,Keep In Normal Delivery Rhythm.
Language Ecosystem Delivery,Language Platform,rust-lang/rust,160993,https://github.com/rust-lang/rust/issues/160993,Issue,Tracking issue for release notes of #159986: lint on more incorrect usages of `core::ffi::c_void`,open,2026-08-12 15:54:16+00:00,2026-08-12 15:54:19+00:00,,6.37,6.37,6.37,0,6,A-FFI | T-lang | T-compiler | relnotes | needs-triage | relnotes-tracking-issue,0,0,0,COLLABORATOR,1566,97,2,8,1,0,0,1,0,115595,15431,12711,115595,972236,0.0,0.0,Low,Keep In Normal Delivery Rhythm.
Cloud Native Platform Reliability,Cloud Platform,kubernetes/kubernetes,141337,https://github.com/kubernetes/kubernetes/pull/141337,Pull Request,Avoid leaking node-specific kubelet config into the ConfigMap,open,2026-08-12 15:56:13+00:00,2026-08-13 16:34:27+00:00,,6.37,6.37,5.34,10,10,kind/bug | lgtm | sig/cluster-lifecycle | release-note | size/M | approved | area/kubeadm | cncf-cla: yes | needs-priority | triage/accepted,1,0,0,CONTRIBUTOR,3683,61,2,8,1,1,1,1,0,124580,43868,2952,124580,1510698,0.0014,0.1,Low,Keep In Normal Delivery Rhythm.
Cloud Native Platform Reliability,Cloud Platform,kubernetes/kubernetes,141338,https://github.com/kubernetes/kubernetes/pull/141338,Pull Request,DRA: treat malformed per-device node selectors as node failures,open,2026-08-12 15:57:05+00:00,2026-08-12 18:29:39+00:00,,6.36,6.36,6.26,7,10,kind/bug | sig/node | release-note | size/L | cncf-cla: yes | needs-ok-to-test | do-not-merge/work-in-progress | needs-priority | needs-triage | wg/device-management,0,0,0,NONE,3151,63,2,8,1,1,1,1,0,124580,43868,2952,124580,1510698,0.0016,0.2,Low,Keep In Normal Delivery Rhythm.
Runtime Platform Stabilization,Runtime Engineering,nodejs/node,65249,https://github.com/nodejs/node/pull/65249,Pull Request,Update README.md,closed,2026-08-12 16:14:49+00:00,2026-08-12 17:02:08+00:00,2026-08-12 17:02:08+00:00,6.35,0.03,6.32,0,1,invalid,0,0,0,NONE,1978,16,2,8,0,0,0,0,0,119012,36525,1490,119012,1537562,0.0,0.0,Low,Keep In Normal Delivery Rhythm.
Language Ecosystem Delivery,Language Platform,rust-lang/rust,160994,https://github.com/rust-lang/rust/issues/160994,Issue,[ICE]: missing item,open,2026-08-12 16:38:59+00:00,2026-08-18 05:39:33+00:00,,6.34,6.34,0.79,3,6,I-ICE | T-compiler | C-bug | F-specialization | WG-trait-system-refactor | needs-triage,1,0,0,MEMBER,9262,19,2,8,1,1,0,1,0,115595,15431,12711,115595,972236,0.0,0.0,Low,Keep In Normal Delivery Rhythm.
Language Ecosystem Delivery,Language Platform,rust-lang/rust,160995,https://github.com/rust-lang/rust/pull/160995,Pull Request,Tiny readability cleanups for initialization dataflow analyses,open,2026-08-12 16:39:22+00:00,2026-08-12 16:39:26+00:00,,6.34,6.34,6.34,0,2,T-compiler | S-waiting-on-review,1,0,0,MEMBER,453,62,2,8,1,0,0,0,0,115595,15431,12711,115595,972236,0.0,0.0,Low,Keep In Normal Delivery Rhythm.
Language Ecosystem Delivery,Language Platform,rust-lang/rust,160996,https://github.com/rust-lang/rust/pull/160996,Pull Request,Forward all array `PartialOrd` to slices,closed,2026-08-12 16:40:18+00:00,2026-08-16 05:51:50+00:00,2026-08-15 20:10:47+00:00,6.33,3.15,2.79,2,2,S-waiting-on-bors | T-libs,1,1,0,MEMBER,703,40,2,8,1,0,0,0,0,115595,15431,12711,115595,972236,0.0,0.0,Low,Keep In Normal Delivery Rhythm.
Cloud Native Platform Reliability,Cloud Platform,kubernetes/kubernetes,141339,https://github.com/kubernetes/kubernetes/issues/141339,Issue,PodTopologySpread silently ignores the constraint when `labelSelector` is an empty (non-nil) object `{}`,open,2026-08-12 16:45:34+00:00,2026-08-12 16:49:16+00:00,,6.33,6.33,6.33,2,3,kind/bug | sig/scheduling | needs-triage,0,0,0,CONTRIBUTOR,6504,104,2,8,1,1,0,1,0,124580,43868,2952,124580,1510698,0.0,0.0,Low,Keep In Normal Delivery Rhythm.
Cloud Native Platform Reliability,Cloud Platform,kubernetes/kubernetes,141340,https://github.com/kubernetes/kubernetes/pull/141340,Pull Request,Fix PodTopologySpread ignoring constraints with an empty (non-nil) labelSelector,open,2026-08-12 16:46:48+00:00,2026-08-15 04:21:53+00:00,,6.33,6.33,3.85,8,9,kind/bug | sig/scheduling | lgtm | release-note | size/M | cncf-cla: yes | ok-to-test | needs-priority | needs-triage,1,0,0,CONTRIBUTOR,4728,80,2,8,1,1,1,1,0,124580,43868,2952,124580,1510698,0.0013,0.1,Low,Keep In Normal Delivery Rhythm.
Data Platform Orchestration,Data Engineering,apache/airflow,71508,https://github.com/apache/airflow/pull/71508,Pull Request,Bump eslint from 10.8.0 to 10.8.1 in /providers/fab/src/airflow/providers/fab/www in the fab-ui-package-updates group across 1 directory,closed,2026-08-12 16:54:02+00:00,2026-08-12 18:14:22+00:00,2026-08-12 18:14:20+00:00,6.33,0.06,6.27,0,4,area:providers | javascript | provider:fab | dependencies,0,0,0,CONTRIBUTOR,12887,136,2,8,0,0,0,0,0,46523,17615,1885,46523,693411,0.0,0.0,Low,Keep In Normal Delivery Rhythm.
Data Platform Orchestration,Data Engineering,apache/airflow,71509,https://github.com/apache/airflow/pull/71509,Pull Request,Bump eslint from 10.8.0 to 10.8.1 in /providers/fab/src/airflow/providers/fab/www in the 3-3-fab-ui-package-updates group across 1 directory,closed,2026-08-12 16:54:48+00:00,2026-08-12 21:09:26+00:00,2026-08-12 21:08:25+00:00,6.32,0.18,6.15,1,4,area:providers | javascript | provider:fab | dependencies,0,1,0,CONTRIBUTOR,12891,140,2,8,0,0,0,0,0,46523,17615,1885,46523,693411,0.0,0.0,Low,Keep In Normal Delivery Rhythm.
Data Platform Orchestration,Data Engineering,apache/airflow,71510,https://github.com/apache/airflow/pull/71510,Pull Request,[v3-3-test] Add regression test for Connection extra redact safeguard (#71439),closed,2026-08-12 16:58:48+00:00,2026-08-13 08:35:16+00:00,2026-08-13 08:35:16+00:00,6.32,0.65,5.67,0,1,area:API,0,0,0,CONTRIBUTOR,722,78,2,8,0,0,0,0,0,46523,17615,1885,46523,693411,0.0,0.0,Low,Keep In Normal Delivery Rhythm.
Data Platform Orchestration,Data Engineering,apache/airflow,71511,https://github.com/apache/airflow/pull/71511,Pull Request,Use uv --package instead of --project in codegen prek hooks,closed,2026-08-12 17:11:25+00:00,2026-08-12 18:39:55+00:00,2026-08-12 18:38:22+00:00,6.31,0.06,6.25,1,2,area:dev-tools | backport-to-v3-3-test,0,0,0,MEMBER,1094,59,2,8,0,0,0,0,0,46523,17615,1885,46523,693411,0.0,0.0,Low,Keep In Normal Delivery Rhythm.
Cloud Native Platform Reliability,Cloud Platform,kubernetes/kubernetes,141341,https://github.com/kubernetes/kubernetes/pull/141341,Pull Request,feat: implement CBOR encoding/decoding for thread-safe store,open,2026-08-12 17:33:34+00:00,2026-08-12 17:51:29+00:00,,6.3,6.3,6.29,6,8,sig/api-machinery | size/L | kind/feature | cncf-cla: yes | needs-ok-to-test | do-not-merge/release-note-label-needed | needs-priority | needs-triage,0,0,0,NONE,981,60,2,8,1,0,1,1,0,124580,43868,2952,124580,1510698,0.0001,0.0,Low,Keep In Normal Delivery Rhythm.
Cloud Native Platform Reliability,Cloud Platform,kubernetes/kubernetes,141342,https://github.com/kubernetes/kubernetes/pull/141342,Pull Request,Fix startup probe gating after container restart,open,2026-08-12 17:35:58+00:00,2026-08-17 18:40:57+00:00,,6.3,6.3,1.25,8,10,kind/bug | area/test | area/kubelet | sig/node | release-note | size/L | cncf-cla: yes | sig/testing | needs-priority | needs-triage,1,0,0,CONTRIBUTOR,3664,48,2,8,1,1,1,1,0,124580,43868,2952,124580,1510698,0.001,0.1,Low,Keep In Normal Delivery Rhythm.
Language Ecosystem Delivery,Language Platform,rust-lang/rust,160997,https://github.com/rust-lang/rust/pull/160997,Pull Request,Add an AGENTS.md that enforces the LLM policy,closed,2026-08-12 17:47:53+00:00,2026-08-14 17:14:55+00:00,2026-08-14 17:08:23+00:00,6.29,1.97,4.31,18,4,T-compiler | S-waiting-on-bors | A-meta | llm-assisted,1,1,0,MEMBER,4125,45,2,8,1,0,0,0,0,115595,15431,12711,115595,972236,0.0001,0.0,Low,Keep In Normal Delivery Rhythm.
Language Ecosystem Delivery,Language Platform,rust-lang/rust,160998,https://github.com/rust-lang/rust/pull/160998,Pull Request,rustfmt: restrict `cfg_select!` formatting to the `nightly` release channel,closed,2026-08-12 18:04:20+00:00,2026-08-13 07:24:41+00:00,2026-08-13 07:24:37+00:00,6.28,0.56,5.72,4,3,S-waiting-on-bors | T-rustfmt | F-cfg_select,1,1,0,CONTRIBUTOR,1969,75,2,8,1,0,0,0,0,115595,15431,12711,115595,972236,0.0,0.0,Low,Keep In Normal Delivery Rhythm.
Language Ecosystem Delivery,Language Platform,rust-lang/rust,160999,https://github.com/rust-lang/rust/pull/160999,Pull Request,doc changes to expect messages in process.rs,closed,2026-08-12 18:19:37+00:00,2026-08-13 10:24:15+00:00,2026-08-13 10:24:11+00:00,6.27,0.67,5.6,7,2,S-waiting-on-bors | T-libs,1,1,0,CONTRIBUTOR,259,44,2,8,1,0,0,0,0,115595,15431,12711,115595,972236,0.0,0.0,Low,Keep In Normal Delivery Rhythm.
Language Ecosystem Delivery,Language Platform,rust-lang/rust,161000,https://github.com/rust-lang/rust/issues/161000,Issue,Tracking issue for MCP 1018: Encode OpenBSD `-current` version in targets' `target_env`,open,2026-08-12 18:21:07+00:00,2026-08-14 13:30:21+00:00,,6.26,6.26,4.47,1,4,T-compiler | C-tracking-issue | S-tracking-unimplemented | B-MCP-approved,1,0,0,COLLABORATOR,1637,87,2,8,0,0,0,0,0,115595,15431,12711,115595,972236,0.0,0.0,Low,Keep In Normal Delivery Rhythm.
Data Platform Orchestration,Data Engineering,apache/airflow,71512,https://github.com/apache/airflow/pull/71512,Pull Request,[v3-3-test] Use uv --package instead of --project in codegen prek hooks (#71511),closed,2026-08-12 18:39:50+00:00,2026-08-17 15:58:00+00:00,2026-08-17 15:57:58+00:00,6.25,4.89,1.36,0,1,area:dev-tools,0,0,0,CONTRIBUTOR,435,80,2,8,0,0,0,0,0,46523,17615,1885,46523,693411,0.0,0.0,Low,Keep In Normal Delivery Rhythm.
Language Ecosystem Delivery,Language Platform,rust-lang/rust,161001,https://github.com/rust-lang/rust/pull/161001,Pull Request,Rollup of 5 pull requests,closed,2026-08-12 18:45:19+00:00,2026-08-13 05:29:45+00:00,2026-08-13 05:29:42+00:00,6.25,0.45,5.8,8,5,T-rustdoc | T-compiler | S-waiting-on-author | rollup | T-rust-analyzer,0,0,0,MEMBER,551,25,2,8,1,0,0,0,0,115595,15431,12711,115595,972236,0.0,0.0,Low,Keep In Normal Delivery Rhythm.
Cloud Native Platform Reliability,Cloud Platform,kubernetes/kubernetes,141343,https://github.com/kubernetes/kubernetes/issues/141343,Issue,Kubelet: Expose ephemeral-storage usage through `/metrics/resource`,open,2026-08-12 19:00:24+00:00,2026-08-18 22:10:18+00:00,,6.24,6.24,0.11,4,2,sig/node | needs-triage,0,0,0,CONTRIBUTOR,799,67,2,8,1,0,0,1,0,124580,43868,2952,124580,1510698,0.0,0.0,Low,Keep In Normal Delivery Rhythm.
Data Platform Orchestration,Data Engineering,apache/airflow,71513,https://github.com/apache/airflow/pull/71513,Pull Request,Treat stopped Glue jobs as failures in verbose trigger,closed,2026-08-12 19:05:07+00:00,2026-08-14 05:59:54+00:00,2026-08-14 05:59:54+00:00,6.23,1.45,4.78,1,2,provider:amazon | area:providers,0,0,0,NONE,765,54,2,8,0,0,0,0,0,46523,17615,1885,46523,693411,0.0,0.0,Low,Keep In Normal Delivery Rhythm.
Data Platform Orchestration,Data Engineering,apache/airflow,71514,https://github.com/apache/airflow/issues/71514,Issue,GKEStartPodOperator does not respect execution_timeout when deferrable=True,open,2026-08-12 19:12:45+00:00,2026-08-15 18:52:39+00:00,,6.23,6.23,3.24,2,3,kind:bug | provider:google | area:providers,1,0,0,NONE,1399,75,2,8,0,1,0,0,0,46523,17615,1885,46523,693411,0.0,0.0,Low,Keep In Normal Delivery Rhythm.
Language Ecosystem Delivery,Language Platform,rust-lang/rust,161002,https://github.com/rust-lang/rust/pull/161002,Pull Request,"disallow `#[cold]` on `extern ""custom""` functions",closed,2026-08-12 19:27:13+00:00,2026-08-14 10:54:47+00:00,2026-08-14 10:54:39+00:00,6.22,1.64,4.57,5,2,T-compiler | S-waiting-on-bors,1,1,0,CONTRIBUTOR,358,49,2,8,1,0,0,0,0,115595,15431,12711,115595,972236,0.0,0.0,Low,Keep In Normal Delivery Rhythm.
Language Ecosystem Delivery,Language Platform,rust-lang/rust,161003,https://github.com/rust-lang/rust/pull/161003,Pull Request,Also warn if an invalid `doc` attribute is used on a macro invocation,closed,2026-08-12 19:39:50+00:00,2026-08-18 10:00:53+00:00,2026-08-13 10:24:12+00:00,6.21,0.61,0.61,5,2,T-compiler | S-waiting-on-bors,1,1,0,MEMBER,461,69,2,8,1,0,0,0,0,115595,15431,12711,115595,972236,0.0,0.0,Low,Keep In Normal Delivery Rhythm.
Data Platform Orchestration,Data Engineering,apache/airflow,71515,https://github.com/apache/airflow/pull/71515,Pull Request,Fix DAG parsing crash for DateTimeSensorAsync with templated target_time,closed,2026-08-12 19:41:02+00:00,2026-08-13 23:56:56+00:00,2026-08-13 23:56:56+00:00,6.21,1.18,5.03,1,2,area:providers | provider:standard,0,0,0,NONE,370,72,2,8,0,0,0,0,0,46523,17615,1885,46523,693411,0.0001,0.0,Low,Keep In Normal Delivery Rhythm.
Data Platform Orchestration,Data Engineering,apache/airflow,71516,https://github.com/apache/airflow/pull/71516,Pull Request,Fix pnpm version in package.json until we upgrade,closed,2026-08-12 19:51:02+00:00,2026-08-13 11:10:30+00:00,2026-08-13 11:08:46+00:00,6.2,0.64,5.56,2,4,area:dev-tools | area:API | area:UI | backport-to-v3-3-test,0,0,0,CONTRIBUTOR,1667,49,2,8,0,0,0,0,0,46523,17615,1885,46523,693411,0.0,0.0,Low,Keep In Normal Delivery Rhythm.
Language Ecosystem Delivery,Language Platform,rust-lang/rust,161004,https://github.com/rust-lang/rust/pull/161004,Pull Request,Mark NonNull read family and offset_from as inline(always),open,2026-08-12 19:57:22+00:00,2026-08-19 00:18:37+00:00,,6.2,6.2,0.02,21,2,S-waiting-on-review | T-libs,1,0,0,CONTRIBUTOR,360,58,2,8,1,0,0,0,0,115595,15431,12711,115595,972236,0.0001,0.0,Low,Keep In Normal Delivery Rhythm.
Data Platform Orchestration,Data Engineering,apache/airflow,71517,https://github.com/apache/airflow/pull/71517,Pull Request,"Drop extraneous ""common"" tag in i18n",open,2026-08-12 20:16:23+00:00,2026-08-18 18:17:38+00:00,,6.18,6.18,0.27,1,2,area:UI | backport-to-v3-3-test,0,1,0,CONTRIBUTOR,1516,36,2,8,0,0,0,0,0,46523,17615,1885,46523,693411,0.0001,0.0,Low,Keep In Normal Delivery Rhythm.
Cloud Native Platform Reliability,Cloud Platform,kubernetes/kubernetes,141344,https://github.com/kubernetes/kubernetes/pull/141344,Pull Request,POC: Preserve the request scope's Kind through response object encoding,open,2026-08-12 20:31:47+00:00,2026-08-12 20:47:45+00:00,,6.17,6.17,6.16,5,10,area/apiserver | sig/api-machinery | size/XL | sig/auth | cncf-cla: yes | do-not-merge/release-note-label-needed | do-not-merge/work-in-progress | needs-priority | needs-triage | do-not-merge/needs-kind,0,0,0,CONTRIBUTOR,3277,71,2,8,1,0,1,1,0,124580,43868,2952,124580,1510698,0.0006,0.1,Low,Keep In Normal Delivery Rhythm.
Runtime Platform Stabilization,Runtime Engineering,nodejs/node,65250,https://github.com/nodejs/node/pull/65250,Pull Request,doc: document open pull request limit,closed,2026-08-12 20:39:48+00:00,2026-08-14 20:50:05+00:00,2026-08-14 20:50:01+00:00,6.17,2.01,4.16,7,2,doc | meta,0,0,0,MEMBER,251,37,2,8,0,0,0,0,0,119012,36525,1490,119012,1537562,0.0,0.0,Low,Keep In Normal Delivery Rhythm.
Runtime Platform Stabilization,Runtime Engineering,nodejs/node,65251,https://github.com/nodejs/node/pull/65251,Pull Request,console: add console.json() method,closed,2026-08-12 20:45:16+00:00,2026-08-13 04:49:01+00:00,2026-08-12 21:14:30+00:00,6.16,0.02,5.83,2,2,console | needs-ci,0,0,0,NONE,677,34,2,8,1,0,0,0,0,119012,36525,1490,119012,1537562,0.0,0.0,Low,Keep In Normal Delivery Rhythm.
Data Platform Orchestration,Data Engineering,apache/airflow,71518,https://github.com/apache/airflow/pull/71518,Pull Request,Operator extra links per attempt (draft A): a row per attempt in XCom,closed,2026-08-12 20:49:11+00:00,2026-08-13 00:18:01+00:00,2026-08-13 00:18:01+00:00,6.16,0.15,6.02,1,3,area:API | area:DAG-processing | area:task-sdk,0,0,0,CONTRIBUTOR,2221,69,2,8,0,0,0,0,0,46523,17615,1885,46523,693411,0.0,0.0,Low,Keep In Normal Delivery Rhythm.
Data Platform Orchestration,Data Engineering,apache/airflow,71519,https://github.com/apache/airflow/pull/71519,Pull Request,Improve-arabic-translations,closed,2026-08-12 21:14:41+00:00,2026-08-18 18:14:02+00:00,2026-08-18 18:11:45+00:00,6.14,5.87,0.27,2,5,area:UI | area:translations | translation:ar | ready for maintainer review | backport-to-v3-3-test,0,1,0,CONTRIBUTOR,481,27,2,8,0,0,0,0,0,46523,17615,1885,46523,693411,0.0,0.0,Low,Keep In Normal Delivery Rhythm.
Cloud Native Platform Reliability,Cloud Platform,kubernetes/kubernetes,141345,https://github.com/kubernetes/kubernetes/pull/141345,Pull Request,kubelet: Fix invalid user range selection for user namespaces,open,2026-08-12 21:17:52+00:00,2026-08-13 15:18:01+00:00,,6.14,6.14,5.39,5,9,kind/bug | area/kubelet | sig/node | release-note | size/M | cncf-cla: yes | needs-ok-to-test | needs-priority | needs-triage,0,0,0,NONE,3939,61,2,8,1,1,1,1,0,124580,43868,2952,124580,1510698,0.0005,0.1,Low,Keep In Normal Delivery Rhythm.
Data Platform Orchestration,Data Engineering,apache/airflow,71520,https://github.com/apache/airflow/pull/71520,Pull Request,Restore the evaluation extra of google-cloud-aiplatform,closed,2026-08-12 21:38:36+00:00,2026-08-13 23:29:51+00:00,2026-08-13 23:29:51+00:00,6.13,1.08,5.05,0,4,provider:google | area:providers | kind:documentation | all versions,0,0,0,MEMBER,1531,55,2,8,0,0,0,0,0,46523,17615,1885,46523,693411,0.0,0.0,Low,Keep In Normal Delivery Rhythm.
Language Ecosystem Delivery,Language Platform,rust-lang/rust,161005,https://github.com/rust-lang/rust/pull/161005,Pull Request,fix: unfulfilled nested dead code lint,open,2026-08-12 21:40:54+00:00,2026-08-15 10:52:01+00:00,,6.13,6.13,3.58,4,5,T-lang | T-compiler | I-lang-nominated | P-lang-drag-1 | S-waiting-on-t-lang,1,0,0,CONTRIBUTOR,1496,38,2,8,1,0,0,0,0,115595,15431,12711,115595,972236,0.0,0.0,Low,Keep In Normal Delivery Rhythm.
Language Ecosystem Delivery,Language Platform,rust-lang/rust,161006,https://github.com/rust-lang/rust/pull/161006,Pull Request,[CI] Build newer `binutils` before building `gcc`,closed,2026-08-12 21:53:35+00:00,2026-08-17 09:50:50+00:00,2026-08-17 02:40:47+00:00,6.12,4.2,1.62,64,4,A-testsuite | S-waiting-on-bors | T-infra | A-CI,1,1,0,MEMBER,367,49,2,8,1,0,0,0,0,115595,15431,12711,115595,972236,0.0,0.0,Low,Keep In Normal Delivery Rhythm.
Language Ecosystem Delivery,Language Platform,rust-lang/rust,161007,https://github.com/rust-lang/rust/pull/161007,Pull Request,"tests/ui/union/union-nodrop.rs: fix typo ""expressios""",open,2026-08-12 22:14:39+00:00,2026-08-12 22:14:47+00:00,,6.1,6.1,6.1,1,2,T-compiler | S-waiting-on-review,1,0,0,CONTRIBUTOR,1254,53,2,8,1,0,0,0,0,115595,15431,12711,115595,972236,0.0,0.0,Low,Keep In Normal Delivery Rhythm.
Language Ecosystem Delivery,Language Platform,rust-lang/rust,161008,https://github.com/rust-lang/rust/pull/161008,Pull Request,Rollup of 8 pull requests,closed,2026-08-12 22:29:52+00:00,2026-08-13 08:59:54+00:00,2026-08-13 00:17:55+00:00,6.09,0.08,5.65,4,8,T-rustdoc | T-compiler | T-bootstrap | S-waiting-on-author | rollup | T-libs | A-rustdoc-js | T-rustdoc-frontend,0,0,0,MEMBER,860,25,2,8,1,0,0,0,0,115595,15431,12711,115595,972236,0.0,0.0,Low,Keep In Normal Delivery Rhythm.
Language Ecosystem Delivery,Language Platform,rust-lang/rust,161009,https://github.com/rust-lang/rust/pull/161009,Pull Request,Fix asimd/neon detection on aarch64-darwin,closed,2026-08-12 22:46:21+00:00,2026-08-13 07:24:40+00:00,2026-08-13 07:24:36+00:00,6.08,0.36,5.72,7,1,S-waiting-on-bors,1,1,0,CONTRIBUTOR,4047,42,2,8,1,0,0,0,0,115595,15431,12711,115595,972236,0.0001,0.0,Low,Keep In Normal Delivery Rhythm.
Language Ecosystem Delivery,Language Platform,rust-lang/rust,161010,https://github.com/rust-lang/rust/pull/161010,Pull Request,Add regression test for const fn returning Vec of boxed dyn Any,closed,2026-08-12 23:01:37+00:00,2026-08-17 16:51:04+00:00,2026-08-13 07:24:37+00:00,6.07,0.35,1.33,7,2,T-compiler | S-waiting-on-bors,1,1,0,CONTRIBUTOR,27,63,2,8,1,0,0,0,0,115595,15431,12711,115595,972236,0.0,0.0,Low,Keep In Normal Delivery Rhythm.
Language Ecosystem Delivery,Language Platform,rust-lang/rust,161011,https://github.com/rust-lang/rust/pull/161011,Pull Request,tests/ui/rust-2018: add annotations for reference rules,closed,2026-08-12 23:08:06+00:00,2026-08-15 09:13:12+00:00,2026-08-15 02:06:07+00:00,6.07,2.12,3.65,3,3,T-compiler | A-docs | S-waiting-on-bors,1,1,0,CONTRIBUTOR,1274,55,2,8,1,0,0,0,0,115595,15431,12711,115595,972236,0.0,0.0,Low,Keep In Normal Delivery Rhythm.
Data Platform Orchestration,Data Engineering,apache/airflow,71521,https://github.com/apache/airflow/pull/71521,Pull Request,Operator extra links per attempt (draft B): the link opts in,closed,2026-08-12 23:41:32+00:00,2026-08-13 00:18:03+00:00,2026-08-13 00:18:03+00:00,6.04,0.03,6.02,1,2,area:DAG-processing | area:task-sdk,0,0,0,CONTRIBUTOR,2406,60,2,8,0,0,0,0,0,46523,17615,1885,46523,693411,0.0,0.0,Low,Keep In Normal Delivery Rhythm.
Data Platform Orchestration,Data Engineering,apache/airflow,71522,https://github.com/apache/airflow/pull/71522,Pull Request,Return each attempt's own URL from operator extra links,open,2026-08-12 23:41:44+00:00,2026-08-14 00:15:18+00:00,,6.04,6.04,5.02,0,5,type:bug-fix | area:DAG-processing | area:task-sdk | ready for maintainer review | backport-to-v3-3-test,0,1,0,CONTRIBUTOR,2863,55,2,8,0,1,0,0,0,46523,17615,1885,46523,693411,0.0,0.0,Low,Keep In Normal Delivery Rhythm.
Runtime Platform Stabilization,Runtime Engineering,nodejs/node,65252,https://github.com/nodejs/node/issues/65252,Issue,npm.cmd force closes immediately and i can't proceed,closed,2026-08-12 23:43:06+00:00,2026-08-14 00:06:05+00:00,2026-08-13 14:04:55+00:00,6.04,0.6,5.03,7,0,,0,0,0,NONE,1707,52,2,8,0,0,0,0,0,119012,36525,1490,119012,1537562,0.0,0.0,Low,Keep In Normal Delivery Rhythm.
Language Ecosystem Delivery,Language Platform,rust-lang/rust,161012,https://github.com/rust-lang/rust/pull/161012,Pull Request,borrowck: Normalize non-rigid aliases in NLL type relating,open,2026-08-13 00:09:03+00:00,2026-08-17 14:22:18+00:00,,6.02,6.02,1.43,4,3,T-compiler | S-waiting-on-review | WG-trait-system-refactor,1,0,0,CONTRIBUTOR,824,58,3,8,1,0,0,0,0,115595,15431,12711,115595,972236,0.0,0.0,Low,Keep In Normal Delivery Rhythm.
Language Ecosystem Delivery,Language Platform,rust-lang/rust,161013,https://github.com/rust-lang/rust/issues/161013,Issue,wrong trait bound in zip iterator,closed,2026-08-13 00:09:21+00:00,2026-08-13 00:25:02+00:00,2026-08-13 00:25:02+00:00,6.02,0.01,6.01,0,2,A-diagnostics | T-compiler,0,0,0,NONE,3161,33,3,8,0,0,0,0,0,115595,15431,12711,115595,972236,0.0,0.0,Low,Keep In Normal Delivery Rhythm.
Language Ecosystem Delivery,Language Platform,rust-lang/rust,161014,https://github.com/rust-lang/rust/pull/161014,Pull Request,Rollup of 13 pull requests,closed,2026-08-13 00:17:38+00:00,2026-08-18 10:45:35+00:00,2026-08-13 10:24:12+00:00,6.02,0.42,0.58,16,12,A-LLVM | T-rustdoc | T-compiler | T-bootstrap | merged-by-bors | rollup | T-libs | A-rustdoc-js | perf-regression | perf-regression-triaged | A-run-make | T-rustdoc-frontend,0,1,0,MEMBER,1295,26,3,8,0,1,0,1,0,115595,15431,12711,115595,972236,0.0001,0.0,Low,Keep In Normal Delivery Rhythm.
Data Platform Orchestration,Data Engineering,apache/airflow,71523,https://github.com/apache/airflow/pull/71523,Pull Request,Stop presenting multi-team tagged metrics as an exhaustive list,closed,2026-08-13 00:32:51+00:00,2026-08-13 20:47:30+00:00,2026-08-13 20:47:29+00:00,6.01,0.84,5.16,1,1,kind:documentation,0,0,0,CONTRIBUTOR,2725,63,3,8,0,0,0,0,0,46523,17615,1885,46523,693411,0.0,0.0,Low,Keep In Normal Delivery Rhythm.
Cloud Native Platform Reliability,Cloud Platform,kubernetes/kubernetes,141346,https://github.com/kubernetes/kubernetes/issues/141346,Issue,The pod associated with the Job cannot be deleted after reaching the 'Completed' state.,open,2026-08-13 00:42:00+00:00,2026-08-13 00:42:09+00:00,,6.0,6.0,6.0,2,3,kind/bug | needs-sig | needs-triage,0,0,0,CONTRIBUTOR,1724,87,3,8,1,1,0,1,0,124580,43868,2952,124580,1510698,0.0,0.0,Low,Keep In Normal Delivery Rhythm.
Data Platform Orchestration,Data Engineering,apache/airflow,71524,https://github.com/apache/airflow/pull/71524,Pull Request,Fix HttpAsyncHook crash on stream/cert/trust_env connection extras,open,2026-08-13 01:09:26+00:00,2026-08-18 13:08:33+00:00,,5.98,5.98,0.48,0,2,area:providers | provider:http,0,0,0,NONE,4607,66,3,8,0,0,0,0,0,46523,17615,1885,46523,693411,0.0,0.0,Low,Keep In Normal Delivery Rhythm.
Cloud Native Platform Reliability,Cloud Platform,kubernetes/kubernetes,141347,https://github.com/kubernetes/kubernetes/pull/141347,Pull Request,WIP: Shallow copy watch events instead of deep copying in the watch cache,open,2026-08-13 01:21:17+00:00,2026-08-13 05:20:57+00:00,,5.97,5.97,5.81,4,9,kind/cleanup | area/apiserver | sig/api-machinery | release-note | size/L | cncf-cla: yes | do-not-merge/work-in-progress | needs-priority | needs-triage,0,0,0,MEMBER,572,73,3,8,1,0,1,1,0,124580,43868,2952,124580,1510698,0.0018,0.2,Low,Keep In Normal Delivery Rhythm.
Language Ecosystem Delivery,Language Platform,rust-lang/rust,161015,https://github.com/rust-lang/rust/pull/161015,Pull Request,Stabilize `funnel_shifts` (including `const`),open,2026-08-13 01:55:25+00:00,2026-08-18 16:53:52+00:00,,5.95,5.95,0.33,14,8,T-lang | T-compiler | S-waiting-on-review | proposed-final-comment-period | disposition-merge | T-libs | I-lang-nominated | P-lang-drag-1,1,0,0,MEMBER,1151,45,3,8,1,0,0,0,0,115595,15431,12711,115595,972236,0.0,0.0,Low,Keep In Normal Delivery Rhythm.
Runtime Platform Stabilization,Runtime Engineering,nodejs/node,65253,https://github.com/nodejs/node/pull/65253,Pull Request,doc: update installer logo assets to the new branding,open,2026-08-13 02:02:33+00:00,2026-08-13 03:53:55+00:00,,5.94,5.94,5.87,0,3,build | tools | needs-ci,0,0,0,NONE,3400,53,3,8,1,0,0,0,0,119012,36525,1490,119012,1537562,0.0,0.0,Low,Keep In Normal Delivery Rhythm.
Language Ecosystem Delivery,Language Platform,rust-lang/rust,161016,https://github.com/rust-lang/rust/pull/161016,Pull Request,Fix invalid suggestion from try unlabled block,closed,2026-08-13 02:24:52+00:00,2026-08-14 10:54:47+00:00,2026-08-14 10:54:39+00:00,5.93,1.35,4.57,3,2,T-compiler | S-waiting-on-bors,1,1,0,MEMBER,209,46,3,8,1,0,0,0,0,115595,15431,12711,115595,972236,0.0,0.0,Low,Keep In Normal Delivery Rhythm.
Language Ecosystem Delivery,Language Platform,rust-lang/rust,161017,https://github.com/rust-lang/rust/pull/161017,Pull Request,Library: enforce clippy deref lints in CI,closed,2026-08-13 02:25:56+00:00,2026-08-18 00:23:41+00:00,2026-08-17 02:40:47+00:00,5.93,4.01,1.01,16,4,T-bootstrap | S-waiting-on-bors | T-libs | O-unix,1,1,0,MEMBER,201,41,3,8,1,0,0,0,0,115595,15431,12711,115595,972236,0.0,0.0,Low,Keep In Normal Delivery Rhythm.
Language Ecosystem Delivery,Language Platform,rust-lang/rust,161018,https://github.com/rust-lang/rust/issues/161018,Issue,`process::exit` in a child thread unmaps the main thread's sigalt stack,closed,2026-08-13 02:31:52+00:00,2026-08-14 10:54:45+00:00,2026-08-14 10:54:40+00:00,5.92,1.35,4.57,1,4,I-unsound | C-bug | I-prioritize | T-libs,1,0,0,CONTRIBUTOR,10257,71,3,8,0,1,0,0,0,115595,15431,12711,115595,972236,0.0,0.0,Low,Keep In Normal Delivery Rhythm.
Language Ecosystem Delivery,Language Platform,rust-lang/rust,161019,https://github.com/rust-lang/rust/pull/161019,Pull Request,Speed up decimal integer parsing with SWAR,open,2026-08-13 02:49:17+00:00,2026-08-17 13:23:27+00:00,,5.91,5.91,1.47,4,2,S-waiting-on-review | T-libs,1,0,0,NONE,1014,42,3,8,1,0,0,0,0,115595,15431,12711,115595,972236,0.0,0.0,Low,Keep In Normal Delivery Rhythm.
Language Ecosystem Delivery,Language Platform,rust-lang/rust,161020,https://github.com/rust-lang/rust/pull/161020,Pull Request,"io: Use `NonNull` for all `Custom` API related to `Box`, update documentation for `Custom`",closed,2026-08-13 02:51:36+00:00,2026-08-14 18:01:37+00:00,2026-08-14 10:54:39+00:00,5.91,1.34,4.28,3,2,S-waiting-on-bors | T-libs,1,1,0,MEMBER,201,90,3,8,1,0,0,0,0,115595,15431,12711,115595,972236,0.0,0.0,Low,Keep In Normal Delivery Rhythm.
Language Ecosystem Delivery,Language Platform,rust-lang/rust,161021,https://github.com/rust-lang/rust/issues/161021,Issue,[ICE]:  remove_or_use_generic: expect_struct: found Item,closed,2026-08-13 02:58:54+00:00,2026-08-14 01:28:18+00:00,2026-08-14 01:27:35+00:00,5.91,0.94,4.97,4,3,I-ICE | T-compiler | C-bug,0,0,0,NONE,12712,56,3,8,0,1,0,0,0,115595,15431,12711,115595,972236,0.0,0.0,Low,Keep In Normal Delivery Rhythm.
Language Ecosystem Delivery,Language Platform,rust-lang/rust,161022,https://github.com/rust-lang/rust/pull/161022,Pull Request,Rollup of 5 pull requests,closed,2026-08-13 03:38:39+00:00,2026-08-15 04:41:19+00:00,2026-08-13 07:24:37+00:00,5.88,0.16,3.83,7,5,T-compiler | merged-by-bors | rollup | T-libs | T-rustfmt,0,1,0,MEMBER,606,25,3,8,0,0,0,0,0,115595,15431,12711,115595,972236,0.0,0.0,Low,Keep In Normal Delivery Rhythm.
Language Ecosystem Delivery,Language Platform,rust-lang/rust,161023,https://github.com/rust-lang/rust/pull/161023,Pull Request,bootstrap: Replace the `exit!` macro with a function `helpers::exit_process`,closed,2026-08-13 03:44:29+00:00,2026-08-14 02:17:10+00:00,2026-08-13 13:40:28+00:00,5.87,0.41,4.93,8,3,A-testsuite | T-bootstrap | S-waiting-on-bors,1,1,0,MEMBER,151,76,3,8,1,0,0,0,0,115595,15431,12711,115595,972236,0.0,0.0,Low,Keep In Normal Delivery Rhythm.
Data Platform Orchestration,Data Engineering,apache/airflow,71525,https://github.com/apache/airflow/issues/71525,Issue,DatabricksRunNowOperator(deferrable=True) crashes in triggerer: AsyncToSync used inside running event loop (Airflow 3.0.6),open,2026-08-13 03:57:55+00:00,2026-08-15 18:50:28+00:00,,5.86,5.86,3.24,5,5,kind:bug | area:providers | good first issue | area:async-operators | provider:databricks,0,0,0,NONE,6129,122,3,8,0,1,0,0,0,46523,17615,1885,46523,693411,0.0,0.0,Low,Keep In Normal Delivery Rhythm.
Language Ecosystem Delivery,Language Platform,rust-lang/rust,161024,https://github.com/rust-lang/rust/pull/161024,Pull Request,resolving cyclic glob vis-max,closed,2026-08-13 03:59:48+00:00,2026-08-18 16:06:13+00:00,2026-08-18 16:06:10+00:00,5.86,5.5,0.36,2,5,A-resolve | A-visibility | beta-nominated | T-compiler | S-waiting-on-bors,1,1,0,CONTRIBUTOR,502,29,3,8,1,0,0,0,0,115595,15431,12711,115595,972236,0.0,0.0,Low,Keep In Normal Delivery Rhythm.
Data Platform Orchestration,Data Engineering,apache/airflow,71526,https://github.com/apache/airflow/pull/71526,Pull Request,[v3-3-test] Fix Variables API handling of non-string JSON values (#71018),closed,2026-08-13 04:33:35+00:00,2026-08-13 14:23:22+00:00,2026-08-13 14:23:22+00:00,5.84,0.41,5.43,0,1,area:API,0,1,0,MEMBER,630,73,3,8,0,0,0,0,0,46523,17615,1885,46523,693411,0.0,0.0,Low,Keep In Normal Delivery Rhythm.
Language Ecosystem Delivery,Language Platform,rust-lang/rust,161025,https://github.com/rust-lang/rust/issues/161025,Issue,debug compiled no-op `transmute_copy` not inlined and contains precondition checks,open,2026-08-13 04:34:20+00:00,2026-08-16 06:43:00+00:00,,5.84,5.84,2.75,2,1,needs-triage,1,0,0,NONE,1083,82,3,8,1,0,0,1,0,115595,15431,12711,115595,972236,0.0,0.0,Low,Keep In Normal Delivery Rhythm.
Data Platform Orchestration,Data Engineering,apache/airflow,71527,https://github.com/apache/airflow/pull/71527,Pull Request,Build lang-SDK k8s test artifacts from the branch when targeting main,closed,2026-08-13 04:57:57+00:00,2026-08-14 04:32:56+00:00,2026-08-14 04:31:32+00:00,5.82,0.98,4.84,2,3,area:dev-tools | area:kubernetes-tests | backport-to-v3-3-test,1,0,0,MEMBER,954,69,3,8,0,0,0,0,0,46523,17615,1885,46523,693411,0.0,0.0,Low,Keep In Normal Delivery Rhythm.
Data Platform Orchestration,Data Engineering,apache/airflow,71528,https://github.com/apache/airflow/pull/71528,Pull Request,Fix GKEStartPodOperator ignoring execution_timeout when deferrable,open,2026-08-13 05:22:30+00:00,2026-08-17 05:34:36+00:00,,5.81,5.81,1.8,1,2,provider:google | area:providers,0,0,0,NONE,1175,66,3,8,0,0,0,0,0,46523,17615,1885,46523,693411,0.0,0.0,Low,Keep In Normal Delivery Rhythm.
Language Ecosystem Delivery,Language Platform,rust-lang/rust,161026,https://github.com/rust-lang/rust/issues/161026,Issue,Moving an `Unpin` coroutine while it has local variables whose drop-flags are false is unsound,open,2026-08-13 05:50:10+00:00,2026-08-16 09:38:22+00:00,,5.79,5.79,2.63,5,7,A-destructors | T-compiler | I-unsound | C-bug | A-coroutines | requires-nightly | S-has-mcve,0,0,0,NONE,5395,94,3,8,0,1,0,0,0,115595,15431,12711,115595,972236,0.0,0.0,Low,Keep In Normal Delivery Rhythm.
Runtime Platform Stabilization,Runtime Engineering,nodejs/node,65254,https://github.com/nodejs/node/pull/65254,Pull Request,doc: fix grammar and punctuation in buffer.md,closed,2026-08-13 06:00:28+00:00,2026-08-13 09:21:37+00:00,2026-08-13 08:48:46+00:00,5.78,0.12,5.64,2,2,buffer | doc,0,0,0,NONE,517,45,3,8,0,0,0,0,0,119012,36525,1490,119012,1537562,0.0,0.0,Low,Keep In Normal Delivery Rhythm.
Language Ecosystem Delivery,Language Platform,rust-lang/rust,161027,https://github.com/rust-lang/rust/pull/161027,Pull Request,x86: Correctly pass large integers and structs in registers with -Zregparm (v2),open,2026-08-13 06:05:33+00:00,2026-08-14 10:55:33+00:00,,5.78,5.78,4.57,9,2,T-compiler | S-waiting-on-author,1,0,0,NONE,1405,79,3,8,1,0,0,0,0,115595,15431,12711,115595,972236,0.0,0.0,Low,Keep In Normal Delivery Rhythm.
Data Platform Orchestration,Data Engineering,apache/airflow,71529,https://github.com/apache/airflow/pull/71529,Pull Request,Keep the MeterProvider configured via OTEL_CONFIG_FILE,closed,2026-08-13 06:09:02+00:00,2026-08-18 19:12:44+00:00,2026-08-18 19:12:44+00:00,5.77,5.54,0.23,1,0,,0,0,0,CONTRIBUTOR,5116,54,3,8,0,0,0,0,0,46523,17615,1885,46523,693411,0.0,0.0,Low,Keep In Normal Delivery Rhythm.
Data Platform Orchestration,Data Engineering,apache/airflow,71530,https://github.com/apache/airflow/pull/71530,Pull Request,fix(google): initialize SalesforceToGcsOperator default state,open,2026-08-13 06:09:28+00:00,2026-08-13 18:08:03+00:00,,5.77,5.77,5.27,1,2,provider:google | area:providers,0,0,0,CONTRIBUTOR,955,61,3,8,0,0,0,0,0,46523,17615,1885,46523,693411,0.0,0.0,Low,Keep In Normal Delivery Rhythm.
Language Ecosystem Delivery,Language Platform,rust-lang/rust,161028,https://github.com/rust-lang/rust/issues/161028,Issue,rustdoc: intra-doc links to enum variant fields have incorrect HTML title attribute,closed,2026-08-13 06:14:30+00:00,2026-08-14 10:54:40+00:00,2026-08-14 10:54:40+00:00,5.77,1.19,4.57,2,2,T-rustdoc | C-bug,1,0,0,CONTRIBUTOR,1578,83,3,8,0,1,0,0,0,115595,15431,12711,115595,972236,0.0,0.0,Low,Keep In Normal Delivery Rhythm.
Cloud Native Platform Reliability,Cloud Platform,kubernetes/kubernetes,141348,https://github.com/kubernetes/kubernetes/pull/141348,Pull Request,limitranger: compare resource quantities exactly to avoid int64 overflow,open,2026-08-13 06:18:42+00:00,2026-08-13 08:22:42+00:00,,5.77,5.77,5.68,4,8,kind/bug | sig/api-machinery | release-note | size/L | cncf-cla: yes | do-not-merge/work-in-progress | needs-priority | needs-triage,0,0,0,MEMBER,2187,72,3,8,1,1,1,1,0,124580,43868,2952,124580,1510698,0.0003,0.0,Low,Keep In Normal Delivery Rhythm.
Runtime Platform Stabilization,Runtime Engineering,nodejs/node,65255,https://github.com/nodejs/node/pull/65255,Pull Request,doc: fix grammar and punctuation in buffer.md,closed,2026-08-13 06:28:59+00:00,2026-08-13 09:28:25+00:00,2026-08-13 08:48:44+00:00,5.76,0.1,5.63,4,2,buffer | doc,0,0,0,NONE,618,45,3,8,0,0,0,0,0,119012,36525,1490,119012,1537562,0.0,0.0,Low,Keep In Normal Delivery Rhythm.
Data Platform Orchestration,Data Engineering,apache/airflow,71531,https://github.com/apache/airflow/pull/71531,Pull Request,Make `durable` reach `default_args` and warn when set below Airflow 3.3,closed,2026-08-13 06:46:58+00:00,2026-08-14 05:52:03+00:00,2026-08-14 05:52:01+00:00,5.75,0.96,4.79,0,9,provider:google | provider:amazon | area:providers | kind:documentation | full tests needed | provider:snowflake | provider:databricks | provider:apache-spark | provider:apache-livy,0,0,0,CONTRIBUTOR,4530,71,3,8,0,0,0,0,0,46523,17615,1885,46523,693411,0.0,0.0,Low,Keep In Normal Delivery Rhythm.
Language Ecosystem Delivery,Language Platform,rust-lang/rust,161029,https://github.com/rust-lang/rust/pull/161029,Pull Request,mailmap: Update my default email,closed,2026-08-13 06:48:54+00:00,2026-08-13 18:10:02+00:00,2026-08-13 13:40:28+00:00,5.75,0.29,5.27,2,2,S-waiting-on-bors | A-meta,1,1,0,MEMBER,0,32,3,8,1,0,0,0,0,115595,15431,12711,115595,972236,0.0,0.0,Low,Keep In Normal Delivery Rhythm.
Cloud Native Platform Reliability,Cloud Platform,kubernetes/kubernetes,141349,https://github.com/kubernetes/kubernetes/pull/141349,Pull Request,core/validation: check integer resources exactly to avoid int64 overflow,open,2026-08-13 06:53:08+00:00,2026-08-13 08:36:46+00:00,,5.74,5.74,5.67,4,8,kind/bug | release-note | size/M | sig/apps | cncf-cla: yes | do-not-merge/work-in-progress | needs-priority | needs-triage,0,0,0,MEMBER,1593,72,3,8,1,1,1,1,0,124580,43868,2952,124580,1510698,0.0007,0.1,Low,Keep In Normal Delivery Rhythm.
Runtime Platform Stabilization,Runtime Engineering,nodejs/node,65256,https://github.com/nodejs/node/pull/65256,Pull Request,doc: fix grammar and punctuation in buffer.md,closed,2026-08-13 07:13:23+00:00,2026-08-13 09:27:13+00:00,2026-08-13 08:48:42+00:00,5.73,0.07,5.64,3,2,buffer | doc,0,0,0,NONE,555,45,3,8,0,0,0,0,0,119012,36525,1490,119012,1537562,0.0,0.0,Low,Keep In Normal Delivery Rhythm.
Cloud Native Platform Reliability,Cloud Platform,kubernetes/kubernetes,141350,https://github.com/kubernetes/kubernetes/issues/141350,Issue,kubelet drops a Running pod's PVC volume stats (`.pods[].volume[]` and `kubelet_volume_stats_*`) while all its containers are momentarily terminated (CrashLoopBackOff),open,2026-08-13 07:14:35+00:00,2026-08-13 07:14:43+00:00,,5.73,5.73,5.73,2,2,needs-sig | needs-triage,0,0,0,NONE,13775,167,3,8,1,0,0,1,0,124580,43868,2952,124580,1510698,0.0002,0.0,Low,Keep In Normal Delivery Rhythm.
Language Ecosystem Delivery,Language Platform,rust-lang/rust,161030,https://github.com/rust-lang/rust/pull/161030,Pull Request,mailmap: fix nia's gazillion emails,closed,2026-08-13 07:16:22+00:00,2026-08-15 13:42:35+00:00,2026-08-15 13:42:32+00:00,5.73,2.27,3.46,3,2,S-waiting-on-bors | A-meta,1,1,0,MEMBER,120,35,3,8,1,0,0,0,0,115595,15431,12711,115595,972236,0.0,0.0,Low,Keep In Normal Delivery Rhythm.
Runtime Platform Stabilization,Runtime Engineering,nodejs/node,65257,https://github.com/nodejs/node/pull/65257,Pull Request,doc: fix grammar and punctuation in buffer.md,closed,2026-08-13 07:25:09+00:00,2026-08-13 09:26:52+00:00,2026-08-13 08:48:40+00:00,5.72,0.06,5.64,3,2,buffer | doc,0,0,0,NONE,422,45,3,8,0,0,0,0,0,119012,36525,1490,119012,1537562,0.0,0.0,Low,Keep In Normal Delivery Rhythm.
Language Ecosystem Delivery,Language Platform,rust-lang/rust,161031,https://github.com/rust-lang/rust/pull/161031,Pull Request,Rollup of 8 pull requests,closed,2026-08-13 07:26:33+00:00,2026-08-15 04:41:19+00:00,2026-08-13 13:40:28+00:00,5.72,0.26,3.83,11,11,A-testsuite | T-rustdoc | T-compiler | T-bootstrap | merged-by-bors | rollup | A-meta | T-libs | WG-trait-system-refactor | A-tidy | T-rust-analyzer,0,1,0,MEMBER,888,25,3,8,0,0,0,0,0,115595,15431,12711,115595,972236,0.0,0.0,Low,Keep In Normal Delivery Rhythm.
Language Ecosystem Delivery,Language Platform,rust-lang/rust,161032,https://github.com/rust-lang/rust/issues/161032,Issue,float_literal_f32_fallback suggestion produces invalid syntax,closed,2026-08-13 07:30:29+00:00,2026-08-14 01:29:11+00:00,2026-08-14 01:29:11+00:00,5.72,0.75,4.97,3,1,C-bug,0,0,0,NONE,1179,61,3,8,0,1,0,0,0,115595,15431,12711,115595,972236,0.0,0.0,Low,Keep In Normal Delivery Rhythm.
Data Platform Orchestration,Data Engineering,apache/airflow,71533,https://github.com/apache/airflow/pull/71533,Pull Request,Fix KubernetesPodOperator succeeding after SIGTERM/on_kill interrupt,open,2026-08-13 07:38:30+00:00,2026-08-17 08:03:10+00:00,,5.71,5.71,1.69,2,2,area:providers | provider:cncf-kubernetes,0,0,0,NONE,4046,68,3,8,0,0,0,0,0,46523,17615,1885,46523,693411,0.0,0.0,Low,Keep In Normal Delivery Rhythm.
Runtime Platform Stabilization,Runtime Engineering,nodejs/node,65258,https://github.com/nodejs/node/pull/65258,Pull Request,doc: fix grammar and punctuation in buffer.md,closed,2026-08-13 07:41:46+00:00,2026-08-13 09:26:25+00:00,2026-08-13 08:48:38+00:00,5.71,0.05,5.64,3,2,buffer | doc,0,0,0,NONE,610,45,3,8,0,0,0,0,0,119012,36525,1490,119012,1537562,0.0,0.0,Low,Keep In Normal Delivery Rhythm.
Data Platform Orchestration,Data Engineering,apache/airflow,71534,https://github.com/apache/airflow/pull/71534,Pull Request,Make SparkSubmitOperator durable execution inert below Airflow 3.3,closed,2026-08-13 08:02:41+00:00,2026-08-18 05:20:16+00:00,2026-08-18 05:20:15+00:00,5.69,4.89,0.81,1,3,area:providers | kind:documentation | provider:apache-spark,0,0,0,CONTRIBUTOR,3721,66,3,8,0,0,0,0,0,46523,17615,1885,46523,693411,0.0,0.0,Low,Keep In Normal Delivery Rhythm.
Data Platform Orchestration,Data Engineering,apache/airflow,71535,https://github.com/apache/airflow/pull/71535,Pull Request,Fetch missing Git bundle tracking refs,open,2026-08-13 08:10:50+00:00,2026-08-13 08:11:06+00:00,,5.69,5.69,5.69,1,2,area:providers | provider:git,0,0,0,NONE,1757,38,3,8,0,0,0,0,0,46523,17615,1885,46523,693411,0.0,0.0,Low,Keep In Normal Delivery Rhythm.
Language Ecosystem Delivery,Language Platform,rust-lang/rust,161033,https://github.com/rust-lang/rust/pull/161033,Pull Request,Change SwitchTargets to use ScalarInt,open,2026-08-13 08:29:50+00:00,2026-08-16 15:51:07+00:00,,5.68,5.68,2.37,16,2,T-compiler | S-waiting-on-review,0,0,0,MEMBER,268,37,3,8,1,0,0,0,0,115595,15431,12711,115595,972236,0.0,0.0,Low,Keep In Normal Delivery Rhythm.
Data Platform Orchestration,Data Engineering,apache/airflow,71536,https://github.com/apache/airflow/pull/71536,Pull Request,Pass native datetime and UUID literals to stub tasks,open,2026-08-13 08:30:53+00:00,2026-08-17 13:41:46+00:00,,5.67,5.67,1.46,0,2,area:DAG-processing | area:task-sdk,1,1,0,MEMBER,2445,52,3,8,0,0,0,0,0,46523,17615,1885,46523,693411,0.0,0.0,Low,Keep In Normal Delivery Rhythm.
Runtime Platform Stabilization,Runtime Engineering,nodejs/node,65259,https://github.com/nodejs/node/pull/65259,Pull Request,doc: fix grammar and punctuation in child_process.md,closed,2026-08-13 08:33:53+00:00,2026-08-13 12:11:38+00:00,2026-08-13 08:48:36+00:00,5.67,0.01,5.52,4,2,child_process | doc,0,0,0,NONE,424,52,3,8,0,0,0,0,0,119012,36525,1490,119012,1537562,0.0,0.0,Low,Keep In Normal Delivery Rhythm.
Language Ecosystem Delivery,Language Platform,rust-lang/rust,161034,https://github.com/rust-lang/rust/pull/161034,Pull Request,Add SVE-accelerated Vec::retain_mut for aarch64,open,2026-08-13 08:34:34+00:00,2026-08-17 04:58:23+00:00,,5.67,5.67,1.82,1,2,S-waiting-on-review | T-libs,1,0,0,CONTRIBUTOR,2823,47,3,8,1,0,0,0,0,115595,15431,12711,115595,972236,0.0001,0.0,Low,Keep In Normal Delivery Rhythm.
Data Platform Orchestration,Data Engineering,apache/airflow,71537,https://github.com/apache/airflow/pull/71537,Pull Request,[v3-3-test] Add regression test for Connection extra redact safeguard (#71439),closed,2026-08-13 08:38:41+00:00,2026-08-13 10:46:38+00:00,2026-08-13 10:45:34+00:00,5.67,0.09,5.58,1,1,area:API,0,1,0,MEMBER,2961,78,3,8,0,0,0,0,0,46523,17615,1885,46523,693411,0.0,0.0,Low,Keep In Normal Delivery Rhythm.
Data Platform Orchestration,Data Engineering,apache/airflow,71538,https://github.com/apache/airflow/pull/71538,Pull Request,Update python client version/changelog for 3.3.1 release,closed,2026-08-13 08:41:40+00:00,2026-08-13 09:25:22+00:00,2026-08-13 09:25:20+00:00,5.67,0.03,5.64,0,1,area:API,0,0,0,CONTRIBUTOR,441,56,3,8,0,0,0,0,0,46523,17615,1885,46523,693411,0.0,0.0,Low,Keep In Normal Delivery Rhythm.
Data Platform Orchestration,Data Engineering,apache/airflow,71539,https://github.com/apache/airflow/pull/71539,Pull Request,Sync v3-3-stable: python client version/changelog for 3.3.1,closed,2026-08-13 08:42:06+00:00,2026-08-13 09:21:20+00:00,2026-08-13 09:21:19+00:00,5.67,0.03,5.64,0,1,area:API,0,0,0,CONTRIBUTOR,355,59,3,8,0,0,0,0,0,46523,17615,1885,46523,693411,0.0,0.0,Low,Keep In Normal Delivery Rhythm.
Language Ecosystem Delivery,Language Platform,rust-lang/rust,161035,https://github.com/rust-lang/rust/pull/161035,Pull Request,Tweak error for stmt macro expansion in expression context,open,2026-08-13 08:56:00+00:00,2026-08-13 08:57:53+00:00,,5.66,5.66,5.66,1,2,T-compiler | S-waiting-on-review,1,0,0,CONTRIBUTOR,1445,58,3,8,1,0,0,0,0,115595,15431,12711,115595,972236,0.0,0.0,Low,Keep In Normal Delivery Rhythm.
Cloud Native Platform Reliability,Cloud Platform,kubernetes/kubernetes,141351,https://github.com/kubernetes/kubernetes/pull/141351,Pull Request,Enforce pod UID in kubelet exec and run routes,open,2026-08-13 08:56:51+00:00,2026-08-13 23:04:39+00:00,,5.66,5.66,5.07,5,9,kind/bug | area/kubelet | sig/node | release-note | size/M | cncf-cla: yes | needs-ok-to-test | needs-priority | needs-triage,0,0,0,NONE,2441,46,3,8,1,1,1,1,0,124580,43868,2952,124580,1510698,0.0002,0.0,Low,Keep In Normal Delivery Rhythm.
Language Ecosystem Delivery,Language Platform,rust-lang/rust,161036,https://github.com/rust-lang/rust/pull/161036,Pull Request,Use `with_types_for_suggestion!` in `write_struct_like()`,closed,2026-08-13 09:11:31+00:00,2026-08-14 10:54:47+00:00,2026-08-14 10:54:39+00:00,5.65,1.07,4.57,3,2,T-compiler | S-waiting-on-bors,1,1,0,MEMBER,390,57,3,8,1,0,0,0,0,115595,15431,12711,115595,972236,0.0,0.0,Low,Keep In Normal Delivery Rhythm.
Data Platform Orchestration,Data Engineering,apache/airflow,71540,https://github.com/apache/airflow/issues/71540,Issue,Deleting a task instance permanently strands its DAG run and holds a `max_active_runs` slot,open,2026-08-13 09:12:39+00:00,2026-08-13 09:14:44+00:00,,5.65,5.65,5.64,0,4,kind:bug | area:Scheduler | area:core | needs-triage,0,0,0,CONTRIBUTOR,13403,91,3,8,1,1,0,1,0,46523,17615,1885,46523,693411,0.0,0.0,Low,Keep In Normal Delivery Rhythm.
Data Platform Orchestration,Data Engineering,apache/airflow,71541,https://github.com/apache/airflow/issues/71541,Issue,Add support for sending emails on Outlook 365 via Microsoft Graph,open,2026-08-13 09:13:43+00:00,2026-08-15 18:47:01+00:00,,5.65,5.65,3.25,0,3,provider:microsoft-azure | area:providers | kind:feature,0,0,0,CONTRIBUTOR,821,65,3,8,0,0,0,0,0,46523,17615,1885,46523,693411,0.0,0.0,Low,Keep In Normal Delivery Rhythm.
Language Ecosystem Delivery,Language Platform,rust-lang/rust,161037,https://github.com/rust-lang/rust/pull/161037,Pull Request,std: don't clean up the main thread's altstack,closed,2026-08-13 09:15:14+00:00,2026-08-14 10:54:47+00:00,2026-08-14 10:54:39+00:00,5.64,1.07,4.57,5,4,O-windows | S-waiting-on-bors | T-libs | O-unix,1,1,0,MEMBER,708,46,3,8,1,0,0,0,0,115595,15431,12711,115595,972236,0.0,0.0,Low,Keep In Normal Delivery Rhythm.
Language Ecosystem Delivery,Language Platform,rust-lang/rust,161038,https://github.com/rust-lang/rust/issues/161038,Issue,Unsoundness in Polonius involving impl Trait,open,2026-08-13 09:22:48+00:00,2026-08-13 11:02:20+00:00,,5.64,5.64,5.57,2,7,A-borrow-checker | I-unsound | A-impl-trait | C-bug | NLL-polonius | requires-nightly | T-types,0,0,0,CONTRIBUTOR,1090,44,3,8,0,1,0,0,0,115595,15431,12711,115595,972236,0.0,0.0,Low,Keep In Normal Delivery Rhythm.
Data Platform Orchestration,Data Engineering,apache/airflow,71542,https://github.com/apache/airflow/pull/71542,Pull Request,Update the docs recommending dag.test() for custom operator tests,closed,2026-08-13 09:37:48+00:00,2026-08-14 05:53:52+00:00,2026-08-14 05:52:28+00:00,5.63,0.84,4.78,1,3,kind:documentation | type:doc-only | backport-to-v3-3-test,1,1,0,CONTRIBUTOR,4359,65,3,8,0,0,0,0,0,46523,17615,1885,46523,693411,0.0,0.0,Low,Keep In Normal Delivery Rhythm.
Cloud Native Platform Reliability,Cloud Platform,kubernetes/kubernetes,141352,https://github.com/kubernetes/kubernetes/pull/141352,Pull Request,Compare hugepage divisibility in exact decimal,open,2026-08-13 09:57:34+00:00,2026-08-14 01:16:34+00:00,,5.61,5.61,4.98,6,10,kind/bug | sig/node | sig/api-machinery | release-note | size/L | sig/apps | cncf-cla: yes | do-not-merge/work-in-progress | needs-priority | needs-triage,0,0,0,MEMBER,4714,46,3,8,1,1,1,1,0,124580,43868,2952,124580,1510698,0.007,0.7,Low,Keep In Normal Delivery Rhythm.
Cloud Native Platform Reliability,Cloud Platform,kubernetes/kubernetes,141353,https://github.com/kubernetes/kubernetes/issues/141353,Issue,"ValidateWebhookService is called with (name, namespace) argument order but declared as (namespace, name), causing mislabeled validation errors",open,2026-08-13 10:03:59+00:00,2026-08-13 10:04:09+00:00,,5.61,5.61,5.61,2,3,kind/bug | needs-sig | needs-triage,0,0,0,NONE,4596,142,3,8,1,1,0,1,0,124580,43868,2952,124580,1510698,0.0004,0.0,Low,Keep In Normal Delivery Rhythm.
Cloud Native Platform Reliability,Cloud Platform,kubernetes/kubernetes,141354,https://github.com/kubernetes/kubernetes/issues/141354,Issue,scheduler: InterPodAffinity QueueingHint skips pod-deletion events that make required self-affinity satisfiable; pod stays Pending until unschedulable-pods flush,open,2026-08-13 10:06:45+00:00,2026-08-13 17:20:01+00:00,,5.61,5.61,5.31,3,3,kind/bug | sig/scheduling | needs-triage,1,0,0,NONE,8017,161,3,8,1,1,0,1,0,124580,43868,2952,124580,1510698,0.0007,0.1,Low,Keep In Normal Delivery Rhythm.
Language Ecosystem Delivery,Language Platform,rust-lang/rust,161039,https://github.com/rust-lang/rust/pull/161039,Pull Request,[beta] Clippy backport,closed,2026-08-13 10:14:21+00:00,2026-08-14 07:48:12+00:00,2026-08-14 07:48:08+00:00,5.6,0.9,4.7,6,2,merged-by-bors | T-clippy,1,1,0,MEMBER,282,22,3,8,0,0,0,0,0,115595,15431,12711,115595,972236,0.0,0.0,Low,Keep In Normal Delivery Rhythm.
Language Ecosystem Delivery,Language Platform,rust-lang/rust,161040,https://github.com/rust-lang/rust/pull/161040,Pull Request,Optimize CStr backing slice bounds checks,closed,2026-08-13 10:15:01+00:00,2026-08-14 20:03:53+00:00,2026-08-14 10:54:39+00:00,5.6,1.03,4.19,4,3,T-compiler | S-waiting-on-bors | T-libs,1,1,0,CONTRIBUTOR,113,41,3,8,1,0,0,0,0,115595,15431,12711,115595,972236,0.0,0.0,Low,Keep In Normal Delivery Rhythm.
Data Platform Orchestration,Data Engineering,apache/airflow,71543,https://github.com/apache/airflow/pull/71543,Pull Request,Autolabel tests-only PRs with kind:tests,open,2026-08-13 10:16:22+00:00,2026-08-13 10:16:47+00:00,,5.6,5.6,5.6,1,2,area:dev-tools | backport-to-v3-3-test,0,0,0,NONE,2082,40,3,8,0,0,0,0,0,46523,17615,1885,46523,693411,0.0,0.0,Low,Keep In Normal Delivery Rhythm.
Language Ecosystem Delivery,Language Platform,rust-lang/rust,161041,https://github.com/rust-lang/rust/pull/161041,Pull Request,Rollup of 6 pull requests,closed,2026-08-13 10:27:07+00:00,2026-08-13 13:32:08+00:00,2026-08-13 12:53:43+00:00,5.59,0.1,5.47,5,10,A-LLVM | T-rustdoc | A-attributes | T-compiler | rollup | T-libs | A-rustdoc-json | A-run-make | T-rustdoc-frontend | A-test-infra-minicore,0,0,0,MEMBER,680,25,3,8,0,0,0,0,0,115595,15431,12711,115595,972236,0.0,0.0,Low,Keep In Normal Delivery Rhythm.
Data Platform Orchestration,Data Engineering,apache/airflow,71544,https://github.com/apache/airflow/pull/71544,Pull Request,Time-box and retry pre-extras SDK downloads,open,2026-08-13 10:28:00+00:00,2026-08-17 18:23:37+00:00,,5.59,5.59,1.26,1,2,area:dev-tools | backport-to-v3-3-test,0,0,0,MEMBER,1103,43,3,8,0,0,0,0,0,46523,17615,1885,46523,693411,0.0,0.0,Low,Keep In Normal Delivery Rhythm.
Data Platform Orchestration,Data Engineering,apache/airflow,71545,https://github.com/apache/airflow/pull/71545,Pull Request,Stop agent triage acting on PRs a maintainer is already handling,open,2026-08-13 10:40:08+00:00,2026-08-13 10:40:23+00:00,,5.59,5.59,5.58,0,0,,0,0,0,MEMBER,2405,64,3,8,0,0,0,0,0,46523,17615,1885,46523,693411,0.0,0.0,Low,Keep In Normal Delivery Rhythm.
Cloud Native Platform Reliability,Cloud Platform,kubernetes/kubernetes,141355,https://github.com/kubernetes/kubernetes/pull/141355,Pull Request,Fix swapped name/namespace args to ValidateWebhookService,closed,2026-08-13 10:50:41+00:00,2026-08-13 11:09:29+00:00,2026-08-13 11:09:29+00:00,5.58,0.01,5.56,7,9,kind/bug | size/M | kind/api-change | cncf-cla: no | needs-ok-to-test | do-not-merge/release-note-label-needed | needs-priority | needs-triage | do-not-merge/needs-sig,0,0,0,NONE,2424,57,3,8,1,1,1,1,0,124580,43868,2952,124580,1510698,0.0002,0.0,Low,Keep In Normal Delivery Rhythm.
Runtime Platform Stabilization,Runtime Engineering,nodejs/node,65260,https://github.com/nodejs/node/pull/65260,Pull Request,doc: fix grammar and punctuation in child_process.md,closed,2026-08-13 10:55:11+00:00,2026-08-13 12:55:03+00:00,2026-08-13 12:55:03+00:00,5.57,0.08,5.49,0,2,child_process | doc,0,0,0,NONE,414,52,3,8,0,0,0,0,0,119012,36525,1490,119012,1537562,0.0,0.0,Low,Keep In Normal Delivery Rhythm.
Language Ecosystem Delivery,Language Platform,rust-lang/rust,161042,https://github.com/rust-lang/rust/issues/161042,Issue,Tracking issue for release notes of #156935: Introduce a `PinSafePointer` trait that generalizes `PinCoerceUnsized`,open,2026-08-13 10:55:25+00:00,2026-08-14 04:15:42+00:00,,5.57,5.57,4.85,1,6,T-lang | relnotes | T-libs | A-pin | needs-triage | relnotes-tracking-issue,0,1,0,COLLABORATOR,1583,115,3,8,1,0,0,1,0,115595,15431,12711,115595,972236,0.0,0.0,Low,Keep In Normal Delivery Rhythm.
Runtime Platform Stabilization,Runtime Engineering,nodejs/node,65261,https://github.com/nodejs/node/pull/65261,Pull Request,doc: fix grammar and punctuation in buffer.md,closed,2026-08-13 10:56:53+00:00,2026-08-13 12:54:57+00:00,2026-08-13 12:54:57+00:00,5.57,0.08,5.49,0,2,buffer | doc,0,0,0,NONE,602,45,3,8,0,0,0,0,0,119012,36525,1490,119012,1537562,0.0,0.0,Low,Keep In Normal Delivery Rhythm.
Cloud Native Platform Reliability,Cloud Platform,kubernetes/kubernetes,141356,https://github.com/kubernetes/kubernetes/issues/141356,Issue,[Flaky test] test-cmd.run_deployment_tests flaking on ci-kubernetes-cmd-master,open,2026-08-13 11:09:12+00:00,2026-08-13 15:40:05+00:00,,5.56,5.56,5.38,1,3,kind/flake | sig/cli | triage/accepted,1,0,0,MEMBER,1182,78,3,8,0,0,0,1,0,124580,43868,2952,124580,1510698,0.0,0.0,Low,Keep In Normal Delivery Rhythm.
Language Ecosystem Delivery,Language Platform,rust-lang/rust,161043,https://github.com/rust-lang/rust/pull/161043,Pull Request,rustc_session; remove rustc_lint_defs re-exports,open,2026-08-13 11:09:51+00:00,2026-08-18 12:46:18+00:00,,5.56,5.56,0.5,12,6,A-LLVM | T-rustdoc | A-attributes | T-compiler | S-waiting-on-review | T-clippy,1,0,0,CONTRIBUTOR,451,48,3,8,1,0,0,0,0,115595,15431,12711,115595,972236,0.0,0.0,Low,Keep In Normal Delivery Rhythm.
Data Platform Orchestration,Data Engineering,apache/airflow,71546,https://github.com/apache/airflow/pull/71546,Pull Request,Limit Glue retry task UUID scan,open,2026-08-13 11:15:04+00:00,2026-08-17 18:32:54+00:00,,5.56,5.56,1.26,0,3,provider:amazon | area:providers | kind:documentation,0,0,0,CONTRIBUTOR,3779,31,3,8,0,0,0,0,0,46523,17615,1885,46523,693411,0.0,0.0,Low,Keep In Normal Delivery Rhythm.
Language Ecosystem Delivery,Language Platform,rust-lang/rust,161044,https://github.com/rust-lang/rust/pull/161044,Pull Request,rustc-dev-guide subtree update,closed,2026-08-13 11:26:51+00:00,2026-08-14 13:17:13+00:00,2026-08-14 10:54:39+00:00,5.55,0.98,4.48,3,2,S-waiting-on-bors | A-rustc-dev-guide,0,1,0,MEMBER,202,30,3,8,1,0,0,0,0,115595,15431,12711,115595,972236,0.0,0.0,Low,Keep In Normal Delivery Rhythm.
Data Platform Orchestration,Data Engineering,apache/airflow,71547,https://github.com/apache/airflow/pull/71547,Pull Request,[v3-3-test] Mark only a run's most recent asset event as triggering it,closed,2026-08-13 11:27:57+00:00,2026-08-13 15:02:30+00:00,2026-08-13 15:01:28+00:00,5.55,0.15,5.4,2,5,area:API | area:UI | area:airflow-ctl | area:translations | translation:default,0,1,0,MEMBER,1155,70,3,8,0,0,0,0,0,46523,17615,1885,46523,693411,0.0,0.0,Low,Keep In Normal Delivery Rhythm.
Cloud Native Platform Reliability,Cloud Platform,kubernetes/kubernetes,141357,https://github.com/kubernetes/kubernetes/pull/141357,Pull Request,Fix swapped name/namespace args to ValidateWebhookService,open,2026-08-13 11:28:41+00:00,2026-08-13 11:37:37+00:00,,5.55,5.55,5.55,4,9,kind/bug | release-note | size/M | kind/api-change | cncf-cla: yes | needs-ok-to-test | needs-priority | needs-triage | do-not-merge/needs-sig,0,0,0,NONE,2797,57,3,8,1,1,1,1,0,124580,43868,2952,124580,1510698,0.0026,0.3,Low,Keep In Normal Delivery Rhythm.
Language Ecosystem Delivery,Language Platform,rust-lang/rust,161045,https://github.com/rust-lang/rust/pull/161045,Pull Request,stdarch subtree update,closed,2026-08-13 11:40:23+00:00,2026-08-14 02:00:48+00:00,2026-08-14 01:08:51+00:00,5.54,0.56,4.95,11,2,merged-by-bors | T-libs,0,1,0,CONTRIBUTOR,186,22,3,8,0,0,0,0,0,115595,15431,12711,115595,972236,0.0,0.0,Low,Keep In Normal Delivery Rhythm.
Runtime Platform Stabilization,Runtime Engineering,nodejs/node,65262,https://github.com/nodejs/node/issues/65262,Issue,`ObjectWrap` cleanup hooks break pre-built addons on Node.js 26.0.0-26.3.1 runtimes,open,2026-08-13 11:45:44+00:00,2026-08-13 12:00:13+00:00,,5.54,5.54,5.53,0,2,c++ | addons,0,0,0,NONE,4376,83,3,8,0,0,0,0,0,119012,36525,1490,119012,1537562,0.0,0.0,Low,Keep In Normal Delivery Rhythm.
Language Ecosystem Delivery,Language Platform,rust-lang/rust,161046,https://github.com/rust-lang/rust/pull/161046,Pull Request,Enable unrolling feature of bors,closed,2026-08-13 11:46:24+00:00,2026-08-14 10:55:56+00:00,2026-08-14 10:54:39+00:00,5.54,0.96,4.57,3,1,S-waiting-on-bors,1,1,0,MEMBER,440,32,3,8,1,0,0,0,0,115595,15431,12711,115595,972236,0.0,0.0,Low,Keep In Normal Delivery Rhythm.
Language Ecosystem Delivery,Language Platform,rust-lang/rust,161047,https://github.com/rust-lang/rust/pull/161047,Pull Request,only next-solver: move implied bounds computation out of borrowck,closed,2026-08-13 11:47:39+00:00,2026-08-15 16:27:08+00:00,2026-08-15 05:24:42+00:00,5.54,1.73,3.34,18,4,T-compiler | merged-by-bors | perf-regression-triaged | WG-trait-system-refactor,1,1,0,CONTRIBUTOR,160,65,3,8,0,1,0,1,0,115595,15431,12711,115595,972236,0.0,0.0,Low,Keep In Normal Delivery Rhythm.
Data Platform Orchestration,Data Engineering,apache/airflow,71548,https://github.com/apache/airflow/pull/71548,Pull Request,Stop CI duration alerts firing on one-off image rebuilds,open,2026-08-13 11:52:33+00:00,2026-08-17 17:20:07+00:00,,5.53,5.53,1.31,1,2,area:dev-tools | backport-to-v3-3-test,0,0,0,MEMBER,1593,56,3,8,0,0,0,0,0,46523,17615,1885,46523,693411,0.0,0.0,Low,Keep In Normal Delivery Rhythm.
Data Platform Orchestration,Data Engineering,apache/airflow,71549,https://github.com/apache/airflow/pull/71549,Pull Request,Fix task duration increasing forever after Dag run timeout skips it,open,2026-08-13 11:54:04+00:00,2026-08-14 15:18:37+00:00,,5.53,5.53,4.39,0,1,area:Scheduler,0,0,0,CONTRIBUTOR,3140,67,3,8,0,0,0,0,0,46523,17615,1885,46523,693411,0.0,0.0,Low,Keep In Normal Delivery Rhythm.
Data Platform Orchestration,Data Engineering,apache/airflow,71550,https://github.com/apache/airflow/pull/71550,Pull Request,Speed up the constraints version check with parallel PyPI fetches,open,2026-08-13 11:55:48+00:00,2026-08-18 12:45:44+00:00,,5.53,5.53,0.5,3,2,area:dev-tools | backport-to-v3-3-test,0,0,0,MEMBER,1777,65,3,8,0,0,0,0,0,46523,17615,1885,46523,693411,0.0,0.0,Low,Keep In Normal Delivery Rhythm.
Runtime Platform Stabilization,Runtime Engineering,nodejs/node,65263,https://github.com/nodejs/node/issues/65263,Issue,TLS memory overflow - V8 garbage collection,open,2026-08-13 12:10:06+00:00,2026-08-18 04:16:04+00:00,,5.52,5.52,0.85,0,1,tls,0,0,0,CONTRIBUTOR,3000,43,3,8,0,0,0,0,0,119012,36525,1490,119012,1537562,0.0,0.0,Low,Keep In Normal Delivery Rhythm.
Cloud Native Platform Reliability,Cloud Platform,kubernetes/kubernetes,141358,https://github.com/kubernetes/kubernetes/pull/141358,Pull Request,Sync group snapshot and enable its test in all configurations,open,2026-08-13 12:43:19+00:00,2026-08-18 17:30:48+00:00,,5.5,5.5,0.3,6,12,area/test | kind/cleanup | area/provider/gcp | sig/storage | size/XXL | release-note-none | approved | cncf-cla: yes | sig/testing | sig/cloud-provider | needs-priority | needs-triage,0,0,0,MEMBER,2327,61,3,8,1,0,1,1,0,124580,43868,2952,124580,1510698,0.0005,0.1,Low,Keep In Normal Delivery Rhythm.
Language Ecosystem Delivery,Language Platform,rust-lang/rust,161048,https://github.com/rust-lang/rust/pull/161048,Pull Request,Improve the ABI between the panic runtime and libstd,open,2026-08-13 13:04:27+00:00,2026-08-14 11:36:43+00:00,,5.48,5.48,4.55,3,2,S-waiting-on-review | T-libs,1,0,0,MEMBER,300,52,3,8,1,0,0,0,0,115595,15431,12711,115595,972236,0.0,0.0,Low,Keep In Normal Delivery Rhythm.
Runtime Platform Stabilization,Runtime Engineering,nodejs/node,65264,https://github.com/nodejs/node/pull/65264,Pull Request,[v26.x backport] http2: avoid uaf while receiving and sending rst_stream,closed,2026-08-13 13:06:38+00:00,2026-08-14 00:28:22+00:00,2026-08-13 21:34:53+00:00,5.48,0.35,5.01,5,4,c++ | http2 | needs-ci | v26.x,0,0,0,MEMBER,915,72,3,8,1,0,0,0,0,119012,36525,1490,119012,1537562,0.0,0.0,Low,Keep In Normal Delivery Rhythm.
Language Ecosystem Delivery,Language Platform,rust-lang/rust,161049,https://github.com/rust-lang/rust/pull/161049,Pull Request,[experiment] bootstrap: leverage cargo trim-paths,open,2026-08-13 13:08:46+00:00,2026-08-15 16:20:32+00:00,,5.48,5.48,3.35,32,8,A-LLVM | A-testsuite | T-compiler | T-bootstrap | S-waiting-on-author | T-release | A-run-make | A-tidy,0,0,0,MEMBER,805,49,3,8,1,0,0,0,0,115595,15431,12711,115595,972236,0.0,0.0,Low,Keep In Normal Delivery Rhythm.
Data Platform Orchestration,Data Engineering,apache/airflow,71552,https://github.com/apache/airflow/pull/71552,Pull Request,Drop the stale RFC 9457 TODO on the task-instance-run endpoint,open,2026-08-13 13:28:30+00:00,2026-08-13 18:07:27+00:00,,5.47,5.47,5.27,1,1,area:task-sdk,0,0,0,MEMBER,1450,62,3,8,0,0,0,0,0,46523,17615,1885,46523,693411,0.0,0.0,Low,Keep In Normal Delivery Rhythm.
Language Ecosystem Delivery,Language Platform,rust-lang/rust,161050,https://github.com/rust-lang/rust/pull/161050,Pull Request,Only use dlltool.exe on MinGW if -Cdlltool is passed,open,2026-08-13 13:50:08+00:00,2026-08-14 12:38:37+00:00,,5.45,5.45,4.5,0,3,T-compiler | S-blocked | S-waiting-on-MCP,1,0,0,MEMBER,179,52,3,8,1,0,0,0,0,115595,15431,12711,115595,972236,0.0,0.0,Low,Keep In Normal Delivery Rhythm.
Language Ecosystem Delivery,Language Platform,rust-lang/rust,161051,https://github.com/rust-lang/rust/pull/161051,Pull Request,"When error from local macro, include macro def span",open,2026-08-13 14:24:35+00:00,2026-08-13 15:04:25+00:00,,5.43,5.43,5.4,3,3,T-rustdoc | T-compiler | S-waiting-on-review,1,0,0,CONTRIBUTOR,1364,51,3,8,1,0,0,0,0,115595,15431,12711,115595,972236,0.0,0.0,Low,Keep In Normal Delivery Rhythm.
Language Ecosystem Delivery,Language Platform,rust-lang/rust,161052,https://github.com/rust-lang/rust/pull/161052,Pull Request,Add regression test for generic inference,open,2026-08-13 14:26:46+00:00,2026-08-13 15:56:22+00:00,,5.43,5.43,5.37,2,2,T-compiler | S-waiting-on-review,1,0,0,CONTRIBUTOR,1890,41,3,8,1,0,0,0,0,115595,15431,12711,115595,972236,0.0,0.0,Low,Keep In Normal Delivery Rhythm.
Runtime Platform Stabilization,Runtime Engineering,nodejs/node,65265,https://github.com/nodejs/node/pull/65265,Pull Request,doc: fix SQLite changeset constant descriptions,closed,2026-08-13 14:31:51+00:00,2026-08-15 14:41:41+00:00,2026-08-15 14:41:37+00:00,5.42,2.01,3.42,3,2,doc | sqlite,0,0,0,CONTRIBUTOR,402,47,3,8,0,0,0,0,0,119012,36525,1490,119012,1537562,0.0,0.0,Low,Keep In Normal Delivery Rhythm.
Data Platform Orchestration,Data Engineering,apache/airflow,71553,https://github.com/apache/airflow/pull/71553,Pull Request,[v3-3-test] Resolve provider namespaces from the real directory tree in prek hooks (#70468),closed,2026-08-13 14:33:01+00:00,2026-08-17 16:15:31+00:00,2026-08-17 16:15:29+00:00,5.42,4.07,1.35,0,1,area:dev-tools,0,0,0,CONTRIBUTOR,160,91,3,8,0,0,0,0,0,46523,17615,1885,46523,693411,0.0,0.0,Low,Keep In Normal Delivery Rhythm.
Language Ecosystem Delivery,Language Platform,rust-lang/rust,161053,https://github.com/rust-lang/rust/pull/161053,Pull Request,Add regression test for borrow of array drop type in const,closed,2026-08-13 14:33:02+00:00,2026-08-17 06:48:36+00:00,2026-08-17 02:40:47+00:00,5.42,3.51,1.75,2,2,T-compiler | S-waiting-on-bors,1,1,0,CONTRIBUTOR,27,58,3,8,1,0,0,0,0,115595,15431,12711,115595,972236,0.0,0.0,Low,Keep In Normal Delivery Rhythm.
Language Ecosystem Delivery,Language Platform,rust-lang/rust,161054,https://github.com/rust-lang/rust/pull/161054,Pull Request,rustdoc: Fix link title attribute value when field of enum variants,closed,2026-08-13 14:57:08+00:00,2026-08-14 20:53:23+00:00,2026-08-14 10:54:39+00:00,5.41,0.83,4.16,3,3,T-rustdoc | S-waiting-on-bors | T-rustdoc-frontend,1,1,0,MEMBER,399,67,3,8,1,0,0,0,0,115595,15431,12711,115595,972236,0.0,0.0,Low,Keep In Normal Delivery Rhythm.
Data Platform Orchestration,Data Engineering,apache/airflow,71554,https://github.com/apache/airflow/pull/71554,Pull Request,UI: Consolidate table controls into consistent slots and improve visual presentation,closed,2026-08-13 15:04:50+00:00,2026-08-13 20:26:21+00:00,2026-08-13 20:26:18+00:00,5.4,0.22,5.18,2,3,area:UI | area:translations | translation:default,0,0,0,CONTRIBUTOR,5179,84,3,8,0,0,0,0,0,46523,17615,1885,46523,693411,0.0,0.0,Low,Keep In Normal Delivery Rhythm.
Language Ecosystem Delivery,Language Platform,rust-lang/rust,161055,https://github.com/rust-lang/rust/pull/161055,Pull Request,`offload!` function-like macro,closed,2026-08-13 15:05:02+00:00,2026-08-14 10:54:39+00:00,2026-08-14 10:54:39+00:00,5.4,0.83,4.57,8,3,T-compiler | S-waiting-on-bors | T-libs,1,0,0,CONTRIBUTOR,1267,30,3,8,1,0,0,0,0,115595,15431,12711,115595,972236,0.0,0.0,Low,Keep In Normal Delivery Rhythm.
Data Platform Orchestration,Data Engineering,apache/airflow,71555,https://github.com/apache/airflow/pull/71555,Pull Request,Show assets materialized from an AssetAlias in the Assets tab,open,2026-08-13 15:09:00+00:00,2026-08-14 13:36:30+00:00,,5.4,5.4,4.46,0,2,area:Scheduler | backport-to-v3-3-test,0,1,0,MEMBER,2856,61,3,8,0,0,0,0,0,46523,17615,1885,46523,693411,0.0,0.0,Low,Keep In Normal Delivery Rhythm.
Language Ecosystem Delivery,Language Platform,rust-lang/rust,161056,https://github.com/rust-lang/rust/pull/161056,Pull Request,Rollup of 14 pull requests,closed,2026-08-13 15:10:11+00:00,2026-08-13 19:13:27+00:00,2026-08-13 17:32:45+00:00,5.4,0.1,5.23,7,16,A-LLVM | A-testsuite | T-rustdoc | A-attributes | T-compiler | T-bootstrap | T-infra | rollup | T-libs | A-rustdoc-json | A-CI | A-run-make | T-rustdoc-frontend | A-tidy | A-rustc-dev-guide | A-test-infra-minicore,0,0,0,MEMBER,1381,26,3,8,0,0,0,0,0,115595,15431,12711,115595,972236,0.0,0.0,Low,Keep In Normal Delivery Rhythm.
Cloud Native Platform Reliability,Cloud Platform,kubernetes/kubernetes,141359,https://github.com/kubernetes/kubernetes/pull/141359,Pull Request,apiserver/cacher: interface refactor prep for lazy iteration of watch cache snapshots,open,2026-08-13 15:27:27+00:00,2026-08-18 20:07:41+00:00,,5.39,5.39,0.19,8,12,kind/cleanup | area/apiserver | lgtm | sig/api-machinery | size/L | release-note-none | approved | cncf-cla: yes | do-not-merge/hold | ok-to-test | needs-priority | triage/accepted,1,0,0,CONTRIBUTOR,4650,85,3,8,1,0,1,1,0,124580,43868,2952,124580,1510698,0.0006,0.1,Low,Keep In Normal Delivery Rhythm.
Cloud Native Platform Reliability,Cloud Platform,kubernetes/kubernetes,141360,https://github.com/kubernetes/kubernetes/pull/141360,Pull Request,Bump to otel v1.45.0,open,2026-08-13 15:30:37+00:00,2026-08-14 07:25:57+00:00,,5.38,5.38,4.72,6,26,sig/network | area/kubelet | sig/scheduling | area/kube-proxy | area/apiserver | area/kubectl | area/cloudprovider | sig/storage | sig/node | sig/api-machinery | sig/cluster-lifecycle | size/XL | release-note-none | sig/auth | sig/cli | cncf-cla: yes | sig/instrumentation | sig/architecture | do-not-merge/hold | area/code-generation | sig/cloud-provider | needs-priority | area/dependency | needs-triage | wg/device-management | kind/dependency,0,0,0,MEMBER,616,20,3,8,1,0,1,1,0,124580,43868,2952,124580,1510698,0.0002,0.0,Low,Keep In Normal Delivery Rhythm.
Language Ecosystem Delivery,Language Platform,rust-lang/rust,161057,https://github.com/rust-lang/rust/pull/161057,Pull Request,Silence unecessary errors on `Vec<foo::Bar>` to `Vec<foo:Bar>` typo,closed,2026-08-13 15:32:41+00:00,2026-08-14 17:08:28+00:00,2026-08-14 17:08:23+00:00,5.38,1.07,4.32,3,2,T-compiler | S-waiting-on-bors,1,1,0,CONTRIBUTOR,1522,67,3,8,1,0,0,0,0,115595,15431,12711,115595,972236,0.0,0.0,Low,Keep In Normal Delivery Rhythm.
Language Ecosystem Delivery,Language Platform,rust-lang/rust,161058,https://github.com/rust-lang/rust/pull/161058,Pull Request,Keep impl Trait trait-bound lifetimes live under Polonius,closed,2026-08-13 15:33:19+00:00,2026-08-13 16:04:14+00:00,2026-08-13 16:00:17+00:00,5.38,0.02,5.36,2,1,T-compiler,1,0,0,NONE,1337,57,3,8,0,0,0,0,0,115595,15431,12711,115595,972236,0.0,0.0,Low,Keep In Normal Delivery Rhythm.
Language Ecosystem Delivery,Language Platform,rust-lang/rust,161059,https://github.com/rust-lang/rust/pull/161059,Pull Request,Do not typed-move deinitialized coroutine saved locals,closed,2026-08-13 15:36:13+00:00,2026-08-13 16:04:22+00:00,2026-08-13 16:01:17+00:00,5.38,0.02,5.36,4,1,T-compiler,1,0,0,NONE,1638,54,3,8,0,0,0,0,0,115595,15431,12711,115595,972236,0.0,0.0,Low,Keep In Normal Delivery Rhythm.
Language Ecosystem Delivery,Language Platform,rust-lang/rust,161060,https://github.com/rust-lang/rust/pull/161060,Pull Request,std: simplify SGX's `UnsafeList`,open,2026-08-13 15:36:23+00:00,2026-08-16 17:45:10+00:00,,5.38,5.38,2.29,7,3,S-waiting-on-review | T-libs | O-SGX,1,0,0,MEMBER,549,32,3,8,1,0,0,0,0,115595,15431,12711,115595,972236,0.0,0.0,Low,Keep In Normal Delivery Rhythm.
Data Platform Orchestration,Data Engineering,apache/airflow,71557,https://github.com/apache/airflow/pull/71557,Pull Request,Add deferrable mode to SFTPOperator,open,2026-08-13 15:39:26+00:00,2026-08-13 19:30:27+00:00,,5.38,5.38,5.22,2,2,area:providers | provider:sftp,0,0,0,NONE,2857,35,3,8,0,0,0,0,0,46523,17615,1885,46523,693411,0.0,0.0,Low,Keep In Normal Delivery Rhythm.
Cloud Native Platform Reliability,Cloud Platform,kubernetes/kubernetes,141361,https://github.com/kubernetes/kubernetes/pull/141361,Pull Request,Add a wait for 2 ReplicaSets to show up in test-cmd,open,2026-08-13 15:45:59+00:00,2026-08-17 17:58:40+00:00,,5.37,5.37,1.28,8,11,area/test | lgtm | size/XS | kind/flake | release-note-none | approved | sig/cli | cncf-cla: yes | sig/testing | priority/important-longterm | triage/accepted,1,0,0,CONTRIBUTOR,1013,51,3,8,0,0,1,1,0,124580,43868,2952,124580,1510698,0.0006,0.1,Low,Keep In Normal Delivery Rhythm.
Runtime Platform Stabilization,Runtime Engineering,nodejs/node,65266,https://github.com/nodejs/node/issues/65266,Issue,test: format errors with configurable (or hardcoded infinite) depth,open,2026-08-13 16:00:39+00:00,2026-08-17 04:45:42+00:00,,5.36,5.36,1.83,7,1,feature request,0,0,0,NONE,2653,67,3,8,0,0,0,0,0,119012,36525,1490,119012,1537562,0.0,0.0,Low,Keep In Normal Delivery Rhythm.
Data Platform Orchestration,Data Engineering,apache/airflow,71558,https://github.com/apache/airflow/pull/71558,Pull Request,UI: Add cross-Dag Time Schedule view,open,2026-08-13 16:16:15+00:00,2026-08-13 16:16:20+00:00,,5.35,5.35,5.35,0,4,kind:documentation | area:UI | area:translations | translation:default,0,0,0,CONTRIBUTOR,3338,36,3,8,0,0,0,0,0,46523,17615,1885,46523,693411,0.0,0.0,Low,Keep In Normal Delivery Rhythm.
Data Platform Orchestration,Data Engineering,apache/airflow,71559,https://github.com/apache/airflow/pull/71559,Pull Request,[v3-3-test] Fix `clearTaskInstances` returning 500 instead of 422 on invalid body (#70237),closed,2026-08-13 16:30:41+00:00,2026-08-14 12:52:54+00:00,2026-08-14 12:51:49+00:00,5.34,0.85,4.49,1,1,area:API,0,1,0,CONTRIBUTOR,582,90,3,8,0,0,0,0,0,46523,17615,1885,46523,693411,0.0,0.0,Low,Keep In Normal Delivery Rhythm.
Language Ecosystem Delivery,Language Platform,rust-lang/rust,161061,https://github.com/rust-lang/rust/issues/161061,Issue,[ICE]: `!infcx.next_trait_solver() || !type_outlives.has_non_rigid_aliases()`,open,2026-08-13 16:40:10+00:00,2026-08-14 07:37:26+00:00,,5.33,5.33,4.71,2,7,I-ICE | T-compiler | C-bug | F-type_alias_impl_trait | WG-trait-system-refactor | needs-triage | -Zassumptions-on-binders,1,0,0,MEMBER,26345,77,3,8,1,1,0,1,0,115595,15431,12711,115595,972236,0.0,0.0,Low,Keep In Normal Delivery Rhythm.
Runtime Platform Stabilization,Runtime Engineering,nodejs/node,65267,https://github.com/nodejs/node/pull/65267,Pull Request,[v26.x backport] repl: add basic syntax highlighting,open,2026-08-13 16:47:35+00:00,2026-08-15 20:54:43+00:00,,5.33,5.33,3.16,1,5,util | readline | repl | needs-ci | v26.x,0,0,0,MEMBER,61,52,3,8,1,0,0,0,0,119012,36525,1490,119012,1537562,0.0,0.0,Low,Keep In Normal Delivery Rhythm.
Cloud Native Platform Reliability,Cloud Platform,kubernetes/kubernetes,141362,https://github.com/kubernetes/kubernetes/issues/141362,Issue,Is Events API eligible for conversion to Declarative Validation?,open,2026-08-13 17:33:36+00:00,2026-08-17 17:34:48+00:00,,5.3,5.3,1.3,5,3,sig/api-machinery | triage/accepted | area/api-validation,0,0,0,CONTRIBUTOR,604,64,3,8,0,0,0,1,0,124580,43868,2952,124580,1510698,0.0,0.0,Low,Keep In Normal Delivery Rhythm.
Data Platform Orchestration,Data Engineering,apache/airflow,71560,https://github.com/apache/airflow/pull/71560,Pull Request,Clarify limited Podman support in Breeze documentation,closed,2026-08-13 17:43:23+00:00,2026-08-13 21:41:10+00:00,2026-08-13 21:41:09+00:00,5.29,0.17,5.13,3,1,area:dev-tools,0,0,0,NONE,89,54,3,8,0,0,0,0,0,46523,17615,1885,46523,693411,0.0,0.0,Low,Keep In Normal Delivery Rhythm.
Language Ecosystem Delivery,Language Platform,rust-lang/rust,161062,https://github.com/rust-lang/rust/issues/161062,Issue,[ICE]: `entered unreachable code: OpaqueTy(OpaqueTy`,closed,2026-08-13 17:48:31+00:00,2026-08-18 16:06:10+00:00,2026-08-18 16:06:08+00:00,5.29,4.93,0.36,1,3,I-ICE | T-compiler | C-bug,0,0,0,MEMBER,17562,52,3,8,0,1,0,0,0,115595,15431,12711,115595,972236,0.0,0.0,Low,Keep In Normal Delivery Rhythm.
Data Platform Orchestration,Data Engineering,apache/airflow,71561,https://github.com/apache/airflow/pull/71561,Pull Request,Emit pool slot histograms alongside the existing gauges,closed,2026-08-13 17:54:42+00:00,2026-08-13 18:05:55+00:00,2026-08-13 17:59:25+00:00,5.28,0.0,5.28,1,1,area:Scheduler,0,0,0,CONTRIBUTOR,6107,55,3,8,0,0,0,0,0,46523,17615,1885,46523,693411,0.0,0.0,Low,Keep In Normal Delivery Rhythm.
Data Platform Orchestration,Data Engineering,apache/airflow,71562,https://github.com/apache/airflow/pull/71562,Pull Request,Fix broken links in Templates documentation,open,2026-08-13 17:55:25+00:00,2026-08-13 18:07:07+00:00,,5.28,5.28,5.27,1,1,kind:documentation,0,0,0,NONE,87,43,3,8,0,0,0,0,0,46523,17615,1885,46523,693411,0.0,0.0,Low,Keep In Normal Delivery Rhythm.
Data Platform Orchestration,Data Engineering,apache/airflow,71563,https://github.com/apache/airflow/pull/71563,Pull Request,UI: Stop using React.FC and the React type namespace,closed,2026-08-13 18:02:28+00:00,2026-08-18 14:05:23+00:00,2026-08-18 14:02:56+00:00,5.28,4.83,0.44,1,6,area:providers | area:dev-tools | area:API | area:UI | provider:edge | backport-to-v3-3-test,0,0,0,CONTRIBUTOR,3907,52,3,8,0,0,0,0,0,46523,17615,1885,46523,693411,0.0,0.0,Low,Keep In Normal Delivery Rhythm.
Data Platform Orchestration,Data Engineering,apache/airflow,71564,https://github.com/apache/airflow/pull/71564,Pull Request,Document service.name and service.instance.id for OpenTelemetry metrics,open,2026-08-13 18:04:32+00:00,2026-08-18 18:15:54+00:00,,5.28,5.28,0.27,2,1,kind:documentation,0,0,0,CONTRIBUTOR,4210,71,3,8,0,0,0,0,0,46523,17615,1885,46523,693411,0.0,0.0,Low,Keep In Normal Delivery Rhythm.
Data Platform Orchestration,Data Engineering,apache/airflow,71565,https://github.com/apache/airflow/pull/71565,Pull Request,Add support for sending emails through Microsoft Graph,open,2026-08-13 18:10:47+00:00,2026-08-18 05:17:01+00:00,,5.27,5.27,0.81,0,3,provider:microsoft-azure | area:providers | kind:documentation,0,0,0,CONTRIBUTOR,1666,54,3,8,0,0,0,0,0,46523,17615,1885,46523,693411,0.0,0.0,Low,Keep In Normal Delivery Rhythm.
Language Ecosystem Delivery,Language Platform,rust-lang/rust,161063,https://github.com/rust-lang/rust/pull/161063,Pull Request,Optimize offset_from_unsigned result bounds,open,2026-08-13 18:14:48+00:00,2026-08-14 14:11:16+00:00,,5.27,5.27,4.44,12,3,T-compiler | S-waiting-on-author | T-libs,1,0,0,CONTRIBUTOR,48,43,3,8,1,0,0,0,0,115595,15431,12711,115595,972236,0.0001,0.0,Low,Keep In Normal Delivery Rhythm.
Data Platform Orchestration,Data Engineering,apache/airflow,71566,https://github.com/apache/airflow/pull/71566,Pull Request,Show worker pod logs for tasks that failed before writing any log,open,2026-08-13 18:20:46+00:00,2026-08-18 20:49:56+00:00,,5.27,5.27,0.16,0,3,area:providers | area:logging | provider:cncf-kubernetes,0,0,0,CONTRIBUTOR,8420,65,3,8,0,0,0,0,0,46523,17615,1885,46523,693411,0.0,0.0,Low,Keep In Normal Delivery Rhythm.
Language Ecosystem Delivery,Language Platform,rust-lang/rust,161064,https://github.com/rust-lang/rust/pull/161064,Pull Request,"Revert ""riscv: promote d, e, and f target_features to CfgStableToggleUnstable""",closed,2026-08-13 18:23:04+00:00,2026-08-18 16:50:09+00:00,2026-08-14 10:54:39+00:00,5.26,0.69,0.33,3,3,beta-accepted | T-compiler | S-waiting-on-bors,1,1,0,CONTRIBUTOR,245,78,3,8,1,0,0,0,0,115595,15431,12711,115595,972236,0.0,0.0,Low,Keep In Normal Delivery Rhythm.
Language Ecosystem Delivery,Language Platform,rust-lang/rust,161065,https://github.com/rust-lang/rust/pull/161065,Pull Request,core: Fix a typo in funnel shift documentation,closed,2026-08-13 18:24:15+00:00,2026-08-14 18:01:38+00:00,2026-08-14 10:54:39+00:00,5.26,0.69,4.28,3,2,S-waiting-on-bors | T-libs,1,1,0,MEMBER,0,46,3,8,1,0,0,0,0,115595,15431,12711,115595,972236,0.0,0.0,Low,Keep In Normal Delivery Rhythm.
Data Platform Orchestration,Data Engineering,apache/airflow,71567,https://github.com/apache/airflow/pull/71567,Pull Request,[KubernetesPodOperator] Add on_deferrable_finish_log_tail_lines param,open,2026-08-13 18:34:27+00:00,2026-08-13 22:23:04+00:00,,5.26,5.26,5.1,1,2,area:providers | provider:cncf-kubernetes,0,0,0,NONE,2442,69,3,8,0,0,0,0,0,46523,17615,1885,46523,693411,0.0,0.0,Low,Keep In Normal Delivery Rhythm.
Data Platform Orchestration,Data Engineering,apache/airflow,71568,https://github.com/apache/airflow/pull/71568,Pull Request,Bump the eslint group across 1 directory with 4 updates,closed,2026-08-13 18:50:45+00:00,2026-08-14 07:32:43+00:00,2026-08-14 07:32:40+00:00,5.24,0.53,4.72,0,3,area:UI | javascript | dependencies,0,0,0,CONTRIBUTOR,31061,55,3,8,0,0,0,0,0,46523,17615,1885,46523,693411,0.0,0.0,Low,Keep In Normal Delivery Rhythm.
Data Platform Orchestration,Data Engineering,apache/airflow,71569,https://github.com/apache/airflow/issues/71569,Issue,SSO docs show incorrect redirect path,closed,2026-08-13 18:54:20+00:00,2026-08-14 17:24:25+00:00,2026-08-14 17:24:25+00:00,5.24,0.94,4.3,2,5,kind:bug | area:providers | good first issue | kind:documentation | provider:fab,0,0,0,CONTRIBUTOR,1009,37,3,8,0,1,0,0,0,46523,17615,1885,46523,693411,0.0,0.0,Low,Keep In Normal Delivery Rhythm.
Runtime Platform Stabilization,Runtime Engineering,nodejs/node,65268,https://github.com/nodejs/node/pull/65268,Pull Request,test: use for-of instead of forEach,closed,2026-08-13 18:56:43+00:00,2026-08-15 19:05:39+00:00,2026-08-15 19:05:37+00:00,5.24,2.01,3.23,5,4,test | code-and-learn | author ready | needs-ci,0,0,0,CONTRIBUTOR,1977,35,3,8,1,0,0,0,0,119012,36525,1490,119012,1537562,0.0,0.0,Low,Keep In Normal Delivery Rhythm.
Data Platform Orchestration,Data Engineering,apache/airflow,71570,https://github.com/apache/airflow/pull/71570,Pull Request,Fail Glue job tasks promptly when a verbose job run errors,closed,2026-08-13 18:57:49+00:00,2026-08-14 13:06:13+00:00,2026-08-14 13:06:13+00:00,5.24,0.76,4.48,0,2,provider:amazon | area:providers,0,0,0,CONTRIBUTOR,1163,58,3,8,0,0,0,0,0,46523,17615,1885,46523,693411,0.0,0.0,Low,Keep In Normal Delivery Rhythm.
Language Ecosystem Delivery,Language Platform,rust-lang/rust,161066,https://github.com/rust-lang/rust/pull/161066,Pull Request,Rollup of 17 pull requests,closed,2026-08-13 19:01:04+00:00,2026-08-13 22:15:31+00:00,2026-08-13 22:15:28+00:00,5.24,0.14,5.1,8,15,A-LLVM | A-testsuite | T-rustdoc | A-attributes | T-compiler | T-bootstrap | T-infra | rollup | T-libs | A-rustdoc-json | A-CI | A-run-make | T-rustdoc-frontend | A-tidy | A-rustc-dev-guide,0,0,0,MEMBER,1651,26,3,8,0,0,0,0,0,115595,15431,12711,115595,972236,0.0,0.0,Low,Keep In Normal Delivery Rhythm.
Cloud Native Platform Reliability,Cloud Platform,kubernetes/kubernetes,141363,https://github.com/kubernetes/kubernetes/pull/141363,Pull Request,upgrade .go-version to 1.26.6,closed,2026-08-13 19:12:24+00:00,2026-08-13 20:20:41+00:00,2026-08-13 20:01:37+00:00,5.23,0.03,5.18,7,9,kind/bug | priority/critical-urgent | lgtm | release-note | size/XS | approved | cncf-cla: yes | sig/release | triage/accepted,2,1,0,MEMBER,3983,29,3,8,0,1,1,1,0,124580,43868,2952,124580,1510698,0.0016,0.2,Low,Keep In Normal Delivery Rhythm.
Data Platform Orchestration,Data Engineering,apache/airflow,71571,https://github.com/apache/airflow/pull/71571,Pull Request,Move SendGrid and SES email backend setup docs to their providers,closed,2026-08-13 19:17:52+00:00,2026-08-14 17:45:14+00:00,2026-08-14 17:43:50+00:00,5.23,0.93,4.29,2,6,provider:amazon | area:providers | kind:documentation | type:doc-only | provider:sendgrid | backport-to-v3-3-test,0,1,0,CONTRIBUTOR,1028,65,3,8,0,0,0,0,0,46523,17615,1885,46523,693411,0.0,0.0,Low,Keep In Normal Delivery Rhythm.
Language Ecosystem Delivery,Language Platform,rust-lang/rust,161067,https://github.com/rust-lang/rust/issues/161067,Issue,[ICE]: `Alias has non-rigid aliases`,open,2026-08-13 19:19:17+00:00,2026-08-15 02:12:09+00:00,,5.22,5.22,3.94,2,7,I-ICE | T-compiler | C-bug | requires-debug-assertions | WG-trait-system-refactor | needs-triage | -Zassumptions-on-binders,0,0,0,MEMBER,62428,36,3,8,1,1,0,1,0,115595,15431,12711,115595,972236,0.0,0.0,Low,Keep In Normal Delivery Rhythm.
Cloud Native Platform Reliability,Cloud Platform,kubernetes/kubernetes,141364,https://github.com/kubernetes/kubernetes/issues/141364,Issue,Node with empty `spec.providerID` and no cloud provider VM does not get deleted by the CCM,open,2026-08-13 19:20:30+00:00,2026-08-14 05:52:54+00:00,,5.22,5.22,4.78,2,3,kind/bug | sig/cloud-provider | needs-triage,0,0,0,NONE,4794,90,3,8,1,1,0,1,0,124580,43868,2952,124580,1510698,0.0,0.0,Low,Keep In Normal Delivery Rhythm.
Data Platform Orchestration,Data Engineering,apache/airflow,71572,https://github.com/apache/airflow/pull/71572,Pull Request,Grant team Op role access to team Dags in Keycloak auth manager,closed,2026-08-13 19:27:18+00:00,2026-08-14 14:13:47+00:00,2026-08-14 14:13:47+00:00,5.22,0.78,4.44,0,2,area:providers | provider:keycloak,0,0,0,CONTRIBUTOR,1650,63,3,8,0,0,0,0,0,46523,17615,1885,46523,693411,0.0,0.0,Low,Keep In Normal Delivery Rhythm.
Language Ecosystem Delivery,Language Platform,rust-lang/rust,161068,https://github.com/rust-lang/rust/pull/161068,Pull Request,Ensure TLS accesses don't call the global allocator through panic (part 3) ,open,2026-08-13 19:35:10+00:00,2026-08-13 19:55:07+00:00,,5.21,5.21,5.2,1,3,S-waiting-on-review | T-libs | O-SGX,1,0,0,CONTRIBUTOR,164,75,3,8,1,0,0,0,0,115595,15431,12711,115595,972236,0.0,0.0,Low,Keep In Normal Delivery Rhythm.
Language Ecosystem Delivery,Language Platform,rust-lang/rust,161069,https://github.com/rust-lang/rust/pull/161069,Pull Request,Optimize checked_next_power_of_two consumers,open,2026-08-13 19:37:02+00:00,2026-08-16 15:30:05+00:00,,5.21,5.21,2.38,6,3,T-compiler | S-waiting-on-review | T-libs,1,0,0,CONTRIBUTOR,99,44,3,8,1,0,0,0,0,115595,15431,12711,115595,972236,0.0,0.0,Low,Keep In Normal Delivery Rhythm.
Data Platform Orchestration,Data Engineering,apache/airflow,71573,https://github.com/apache/airflow/pull/71573,Pull Request,[v3-3-test] Add password field type to FlexibleForm (#70473),closed,2026-08-13 19:53:15+00:00,2026-08-17 16:49:48+00:00,2026-08-17 16:48:50+00:00,5.2,3.87,1.33,1,3,area:UI | area:translations | translation:default,0,1,0,CONTRIBUTOR,818,60,3,8,0,0,0,0,0,46523,17615,1885,46523,693411,0.0,0.0,Low,Keep In Normal Delivery Rhythm.
Runtime Platform Stabilization,Runtime Engineering,nodejs/node,65269,https://github.com/nodejs/node/pull/65269,Pull Request,doc: refactor the AI guidelines,open,2026-08-13 19:57:17+00:00,2026-08-15 00:09:19+00:00,,5.2,5.2,4.02,1,1,doc,0,0,0,MEMBER,2900,31,3,8,0,0,0,0,0,119012,36525,1490,119012,1537562,0.0,0.0,Low,Keep In Normal Delivery Rhythm.
Data Platform Orchestration,Data Engineering,apache/airflow,71574,https://github.com/apache/airflow/pull/71574,Pull Request,Bound and harden the Glue job-UUID scan fallback,open,2026-08-13 19:59:13+00:00,2026-08-14 19:56:13+00:00,,5.2,5.2,4.2,1,3,provider:amazon | area:providers | kind:documentation,0,0,0,CONTRIBUTOR,1022,48,3,8,0,0,0,0,0,46523,17615,1885,46523,693411,0.0,0.0,Low,Keep In Normal Delivery Rhythm.
Runtime Platform Stabilization,Runtime Engineering,nodejs/node,65270,https://github.com/nodejs/node/pull/65270,Pull Request,test: convert test-async-local-storage forEach to for..of loop,closed,2026-08-13 20:00:18+00:00,2026-08-16 01:37:04+00:00,2026-08-15 23:47:21+00:00,5.2,2.16,2.96,10,5,test | code-and-learn | author ready | needs-ci | commit-queue-failed,0,0,0,CONTRIBUTOR,2190,62,3,8,1,0,0,0,0,119012,36525,1490,119012,1537562,0.0,0.0,Low,Keep In Normal Delivery Rhythm.
Language Ecosystem Delivery,Language Platform,rust-lang/rust,161070,https://github.com/rust-lang/rust/pull/161070,Pull Request,fix arm homogeneous aggregate ABI,open,2026-08-13 20:03:47+00:00,2026-08-13 20:14:41+00:00,,5.19,5.19,5.19,0,3,O-Arm | T-compiler | S-waiting-on-review,1,0,0,CONTRIBUTOR,675,33,3,8,1,0,0,0,0,115595,15431,12711,115595,972236,0.0,0.0,Low,Keep In Normal Delivery Rhythm.
Runtime Platform Stabilization,Runtime Engineering,nodejs/node,65271,https://github.com/nodejs/node/pull/65271,Pull Request,test: convert forEach to for in test-constant.js file,closed,2026-08-13 20:05:32+00:00,2026-08-15 20:18:41+00:00,2026-08-15 20:17:54+00:00,5.19,2.01,3.18,7,5,test | code-and-learn | author ready | needs-ci | commit-queue-failed,0,0,0,CONTRIBUTOR,2185,53,3,8,1,0,0,0,0,119012,36525,1490,119012,1537562,0.0,0.0,Low,Keep In Normal Delivery Rhythm.
Language Ecosystem Delivery,Language Platform,rust-lang/rust,161071,https://github.com/rust-lang/rust/pull/161071,Pull Request,Optimize CharIndices offset consumers,open,2026-08-13 20:11:26+00:00,2026-08-13 20:11:32+00:00,,5.19,5.19,5.19,1,3,T-compiler | S-waiting-on-review | T-libs,1,0,0,CONTRIBUTOR,39,37,3,8,1,0,0,0,0,115595,15431,12711,115595,972236,0.0,0.0,Low,Keep In Normal Delivery Rhythm.
Data Platform Orchestration,Data Engineering,apache/airflow,71575,https://github.com/apache/airflow/pull/71575,Pull Request,Do not replay cached AI steps that cannot be verified,open,2026-08-13 20:46:02+00:00,2026-08-13 20:46:06+00:00,,5.16,5.16,5.16,0,3,area:providers | kind:documentation | provider:common-ai,0,0,0,CONTRIBUTOR,3014,53,3,8,0,0,0,0,0,46523,17615,1885,46523,693411,0.0,0.0,Low,Keep In Normal Delivery Rhythm.
Data Platform Orchestration,Data Engineering,apache/airflow,71576,https://github.com/apache/airflow/pull/71576,Pull Request,feat(helm): add configurable StatsD deployment strategy,open,2026-08-13 21:09:54+00:00,2026-08-15 19:23:13+00:00,,5.15,5.15,3.22,2,1,area:helm-chart,0,0,0,NONE,1682,55,3,8,0,0,0,0,0,46523,17615,1885,46523,693411,0.0,0.0,Low,Keep In Normal Delivery Rhythm.
Data Platform Orchestration,Data Engineering,apache/airflow,71577,https://github.com/apache/airflow/issues/71577,Issue,[Tech Debt] Improve Unit Test DB Isolation,open,2026-08-13 21:24:16+00:00,2026-08-18 00:55:19+00:00,,5.14,5.14,0.99,9,1,kind:meta,0,0,0,CONTRIBUTOR,10256,42,3,8,0,0,0,0,0,46523,17615,1885,46523,693411,0.0,0.0,Low,Keep In Normal Delivery Rhythm.
Language Ecosystem Delivery,Language Platform,rust-lang/rust,161072,https://github.com/rust-lang/rust/pull/161072,Pull Request,Preserve Layout size range in its representation,open,2026-08-13 21:39:20+00:00,2026-08-13 22:19:31+00:00,,5.13,5.13,5.1,2,3,T-compiler | S-waiting-on-review | T-libs,1,0,0,CONTRIBUTOR,124,48,3,8,1,0,0,0,0,115595,15431,12711,115595,972236,0.0,0.0,Low,Keep In Normal Delivery Rhythm.
Language Ecosystem Delivery,Language Platform,rust-lang/rust,161073,https://github.com/rust-lang/rust/pull/161073,Pull Request,Add regression test for path printing with infinitely many visible names,closed,2026-08-13 21:46:19+00:00,2026-08-17 06:48:46+00:00,2026-08-17 02:40:47+00:00,5.12,3.2,1.75,2,2,T-compiler | S-waiting-on-bors,1,1,0,CONTRIBUTOR,27,72,3,8,1,0,0,0,0,115595,15431,12711,115595,972236,0.0,0.0,Low,Keep In Normal Delivery Rhythm.
Language Ecosystem Delivery,Language Platform,rust-lang/rust,161074,https://github.com/rust-lang/rust/pull/161074,Pull Request,Skip empty projections in UnDerefer,open,2026-08-13 21:49:57+00:00,2026-08-13 21:50:05+00:00,,5.12,5.12,5.12,1,2,T-compiler | S-waiting-on-review,0,0,0,NONE,902,35,3,8,1,0,0,0,0,115595,15431,12711,115595,972236,0.0,0.0,Low,Keep In Normal Delivery Rhythm.
Runtime Platform Stabilization,Runtime Engineering,nodejs/node,65272,https://github.com/nodejs/node/pull/65272,Pull Request,test: replace `forEach()` with `for...of` in parallel tests,closed,2026-08-13 21:51:14+00:00,2026-08-15 21:59:48+00:00,2026-08-15 21:59:45+00:00,5.12,2.01,3.11,4,4,test | code-and-learn | author ready | needs-ci,0,0,0,CONTRIBUTOR,539,59,3,8,1,0,0,0,0,119012,36525,1490,119012,1537562,0.0,0.0,Low,Keep In Normal Delivery Rhythm.
Cloud Native Platform Reliability,Cloud Platform,kubernetes/kubernetes,141365,https://github.com/kubernetes/kubernetes/issues/141365,Issue,PodGC misses orphaned pods and NodeAuthorizer leaks permissions when node names are recycled,open,2026-08-13 22:12:01+00:00,2026-08-14 18:24:57+00:00,,5.1,5.1,4.26,2,2,sig/node | needs-triage,1,0,0,MEMBER,2741,92,3,8,1,0,0,1,0,124580,43868,2952,124580,1510698,0.0001,0.0,Low,Keep In Normal Delivery Rhythm.
Language Ecosystem Delivery,Language Platform,rust-lang/rust,161075,https://github.com/rust-lang/rust/pull/161075,Pull Request,Rollup of 23 pull requests,closed,2026-08-13 22:16:32+00:00,2026-08-15 20:10:16+00:00,2026-08-14 10:54:38+00:00,5.1,0.53,3.19,21,22,A-LLVM | A-testsuite | O-windows | T-rustdoc | A-attributes | T-compiler | T-bootstrap | T-infra | merged-by-bors | rollup | T-libs | O-unix | A-rustdoc-json | perf-regression | perf-regression-triaged | A-CI | A-run-make | T-rustdoc-frontend | A-tidy | A-rustc-dev-guide | A-test-infra-minicore | A-compiler-builtins,0,0,0,MEMBER,2298,26,3,8,0,1,0,1,0,115595,15431,12711,115595,972236,0.0,0.0,Low,Keep In Normal Delivery Rhythm.
Language Ecosystem Delivery,Language Platform,rust-lang/rust,161076,https://github.com/rust-lang/rust/pull/161076,Pull Request,update bpf abi to match Clang 23,closed,2026-08-13 23:06:11+00:00,2026-08-18 09:33:36+00:00,2026-08-18 09:33:33+00:00,5.07,4.44,0.63,12,3,T-compiler | S-waiting-on-bors | O-eBPF,1,1,0,CONTRIBUTOR,143,32,3,8,1,0,0,0,0,115595,15431,12711,115595,972236,0.0,0.0,Low,Keep In Normal Delivery Rhythm.
Runtime Platform Stabilization,Runtime Engineering,nodejs/node,65273,https://github.com/nodejs/node/pull/65273,Pull Request,stream: speed up WHATWG web streams,open,2026-08-13 23:22:25+00:00,2026-08-18 03:32:38+00:00,,5.06,5.06,0.88,12,4,semver-major | lib / src | needs-ci | commit-queue-squash,0,0,0,MEMBER,3118,35,3,8,1,0,0,0,0,119012,36525,1490,119012,1537562,0.0001,0.0,Low,Keep In Normal Delivery Rhythm.
Data Platform Orchestration,Data Engineering,apache/airflow,71578,https://github.com/apache/airflow/pull/71578,Pull Request,Bump postcss from 8.5.12 to 8.5.26 in /ts-sdk in the ts-sdk-security-updates group across 0 directory,closed,2026-08-13 23:33:01+00:00,2026-08-14 07:36:08+00:00,2026-08-14 07:36:06+00:00,5.05,0.34,4.71,0,3,javascript | dependencies | area:ts-sdk,0,0,0,CONTRIBUTOR,10695,101,3,8,0,0,0,0,0,46523,17615,1885,46523,693411,0.0,0.0,Low,Keep In Normal Delivery Rhythm.
Language Ecosystem Delivery,Language Platform,rust-lang/rust,161077,https://github.com/rust-lang/rust/pull/161077,Pull Request,Avoid allocations when canonicalizing,closed,2026-08-13 23:36:22+00:00,2026-08-18 07:09:10+00:00,2026-08-14 20:31:22+00:00,5.05,0.87,0.73,15,5,T-compiler | merged-by-bors | perf-regression | perf-regression-triaged | WG-trait-system-refactor,1,1,0,CONTRIBUTOR,137,37,3,8,0,1,0,1,0,115595,15431,12711,115595,972236,0.0,0.0,Low,Keep In Normal Delivery Rhythm.
Runtime Platform Stabilization,Runtime Engineering,nodejs/node,65274,https://github.com/nodejs/node/pull/65274,Pull Request,doc: fix lint clean command,closed,2026-08-13 23:43:29+00:00,2026-08-17 02:00:08+00:00,2026-08-17 02:00:05+00:00,5.04,3.09,1.95,2,2,doc | author ready,0,0,0,CONTRIBUTOR,292,27,3,8,0,0,0,0,0,119012,36525,1490,119012,1537562,0.0,0.0,Low,Keep In Normal Delivery Rhythm.
Data Platform Orchestration,Data Engineering,apache/airflow,71579,https://github.com/apache/airflow/pull/71579,Pull Request,Ignore stale executor success when a deferred task has resumed to running,open,2026-08-13 23:52:23+00:00,2026-08-14 19:26:51+00:00,,5.03,5.03,4.22,1,1,area:Scheduler,0,0,0,NONE,1479,73,3,8,0,0,0,0,0,46523,17615,1885,46523,693411,0.0,0.0,Low,Keep In Normal Delivery Rhythm.
Language Ecosystem Delivery,Language Platform,rust-lang/rust,161078,https://github.com/rust-lang/rust/pull/161078,Pull Request,Overhaul `features-status-dump`,open,2026-08-13 23:56:10+00:00,2026-08-16 19:49:57+00:00,,5.03,5.03,2.2,2,3,T-bootstrap | S-waiting-on-review | A-tidy,1,0,0,CONTRIBUTOR,3190,31,3,8,1,0,0,0,0,115595,15431,12711,115595,972236,0.0,0.0,Low,Keep In Normal Delivery Rhythm.
Data Platform Orchestration,Data Engineering,apache/airflow,71580,https://github.com/apache/airflow/issues/71580,Issue,Deferred task marked as failed if triggerer moves state to running,open,2026-08-14 00:00:46+00:00,2026-08-15 18:45:00+00:00,,5.03,5.03,3.25,0,4,kind:bug | area:Scheduler | area:dynamic-task-mapping | area:Triggerer,1,0,0,NONE,1404,66,4,8,0,1,0,0,0,46523,17615,1885,46523,693411,0.0,0.0,Low,Keep In Normal Delivery Rhythm.
Data Platform Orchestration,Data Engineering,apache/airflow,71581,https://github.com/apache/airflow/pull/71581,Pull Request,UI: Split log copy and selection tests out of Logs.test.tsx,closed,2026-08-14 00:01:26+00:00,2026-08-14 13:28:53+00:00,2026-08-14 13:28:53+00:00,5.03,0.56,4.47,0,1,area:UI,0,0,0,CONTRIBUTOR,2326,59,4,8,0,0,0,0,0,46523,17615,1885,46523,693411,0.0,0.0,Low,Keep In Normal Delivery Rhythm.
Data Platform Orchestration,Data Engineering,apache/airflow,71582,https://github.com/apache/airflow/pull/71582,Pull Request,Pin the Go SDK CI toolchain to the patched Go release,closed,2026-08-14 00:06:50+00:00,2026-08-14 01:36:47+00:00,2026-08-14 01:35:27+00:00,5.02,0.06,4.96,1,2,area:dev-tools | backport-to-v3-3-test,0,0,0,CONTRIBUTOR,2942,53,4,8,0,0,0,0,0,46523,17615,1885,46523,693411,0.0,0.0,Low,Keep In Normal Delivery Rhythm.
Runtime Platform Stabilization,Runtime Engineering,nodejs/node,65275,https://github.com/nodejs/node/issues/65275,Issue,Node.js QUIC Team Meeting 2026-08-20,open,2026-08-14 00:35:03+00:00,2026-08-18 04:14:40+00:00,,5.01,5.01,0.85,0,1,quic,0,0,0,NONE,1695,36,4,8,0,0,0,0,0,119012,36525,1490,119012,1537562,0.0,0.0,Low,Keep In Normal Delivery Rhythm.
Data Platform Orchestration,Data Engineering,apache/airflow,71583,https://github.com/apache/airflow/pull/71583,Pull Request,Document API token response details,closed,2026-08-14 00:51:01+00:00,2026-08-14 15:27:36+00:00,2026-08-14 15:27:32+00:00,4.99,0.61,4.39,2,3,area:providers | kind:documentation | provider:fab,0,0,0,CONTRIBUTOR,414,35,4,8,0,0,0,0,0,46523,17615,1885,46523,693411,0.0,0.0,Low,Keep In Normal Delivery Rhythm.
Language Ecosystem Delivery,Language Platform,rust-lang/rust,161079,https://github.com/rust-lang/rust/pull/161079,Pull Request,bootstrap: Clean up imports related to `define_config!` and `check_ci_llvm!`,closed,2026-08-14 03:05:39+00:00,2026-08-14 23:32:56+00:00,2026-08-14 17:08:23+00:00,4.9,0.59,4.05,4,2,T-bootstrap | S-waiting-on-bors,1,1,0,MEMBER,690,76,4,8,1,0,0,0,0,115595,15431,12711,115595,972236,0.0,0.0,Low,Keep In Normal Delivery Rhythm.
Data Platform Orchestration,Data Engineering,apache/airflow,71585,https://github.com/apache/airflow/pull/71585,Pull Request,[v3-3-test] Pin the Go SDK CI toolchain to the patched Go release (#71582),closed,2026-08-14 03:12:56+00:00,2026-08-14 21:14:10+00:00,2026-08-14 21:14:10+00:00,4.9,0.75,4.14,0,1,area:dev-tools,0,0,0,MEMBER,109,74,4,8,0,0,0,0,0,46523,17615,1885,46523,693411,0.0,0.0,Low,Keep In Normal Delivery Rhythm.
Runtime Platform Stabilization,Runtime Engineering,nodejs/node,65276,https://github.com/nodejs/node/pull/65276,Pull Request,sqlite: reuse cached column names in all() and get(),closed,2026-08-14 03:45:09+00:00,2026-08-18 06:21:06+00:00,2026-08-18 06:21:04+00:00,4.87,4.11,0.76,12,4,c++ | author ready | needs-ci | sqlite,0,0,0,CONTRIBUTOR,92,52,4,8,1,0,0,0,0,119012,36525,1490,119012,1537562,0.0002,0.0,Low,Keep In Normal Delivery Rhythm.
Runtime Platform Stabilization,Runtime Engineering,nodejs/node,65277,https://github.com/nodejs/node/issues/65277,Issue,zlib: ZipFile.close() hangs after partially consuming file-backed contentIterator(),open,2026-08-14 03:56:24+00:00,2026-08-14 03:56:24+00:00,,4.87,4.87,4.87,0,1,zlib,1,0,0,MEMBER,1664,83,4,8,0,0,0,0,0,119012,36525,1490,119012,1537562,0.0,0.0,Low,Keep In Normal Delivery Rhythm.
Runtime Platform Stabilization,Runtime Engineering,nodejs/node,65278,https://github.com/nodejs/node/pull/65278,Pull Request,zlib: avoid waiting for paused ZIP iterators,open,2026-08-14 03:57:31+00:00,2026-08-14 18:25:54+00:00,,4.86,4.86,4.26,4,2,zlib | needs-ci,0,0,0,MEMBER,287,44,4,8,1,0,0,0,0,119012,36525,1490,119012,1537562,0.0001,0.0,Low,Keep In Normal Delivery Rhythm.
Cloud Native Platform Reliability,Cloud Platform,kubernetes/kubernetes,141366,https://github.com/kubernetes/kubernetes/pull/141366,Pull Request,Feat: podautoscaler support Metrics API v1 fallback to v1beta1,open,2026-08-14 04:21:25+00:00,2026-08-16 04:48:09+00:00,,4.85,4.85,2.83,4,9,sig/api-machinery | release-note | sig/autoscaling | size/XL | kind/feature | sig/apps | cncf-cla: yes | needs-priority | needs-triage,0,0,0,MEMBER,1089,62,4,8,1,0,1,1,0,124580,43868,2952,124580,1510698,0.0009,0.1,Low,Keep In Normal Delivery Rhythm.
Runtime Platform Stabilization,Runtime Engineering,nodejs/node,65279,https://github.com/nodejs/node/pull/65279,Pull Request,test: convert test-messageevent-brandcheck forEach to for...of  loop,open,2026-08-14 04:31:29+00:00,2026-08-17 12:51:11+00:00,,4.84,4.84,1.49,3,4,test | code-and-learn | author ready | needs-ci,0,0,0,NONE,105,68,4,8,1,0,0,0,0,119012,36525,1490,119012,1537562,0.0,0.0,Low,Keep In Normal Delivery Rhythm.
Cloud Native Platform Reliability,Cloud Platform,kubernetes/kubernetes,141367,https://github.com/kubernetes/kubernetes/issues/141367,Issue,ValidatingAdmissionPolicy can deny while CRD params sync after restart,open,2026-08-14 04:43:46+00:00,2026-08-14 04:43:54+00:00,,4.83,4.83,4.83,1,4,kind/bug | area/apiserver | sig/api-machinery | needs-triage,0,0,0,NONE,3990,70,4,8,1,1,0,1,0,124580,43868,2952,124580,1510698,0.0003,0.0,Low,Keep In Normal Delivery Rhythm.
Cloud Native Platform Reliability,Cloud Platform,kubernetes/kubernetes,141368,https://github.com/kubernetes/kubernetes/pull/141368,Pull Request,Resolve admission policy CRD paramKinds from CRD informer,open,2026-08-14 04:55:36+00:00,2026-08-14 20:20:43+00:00,,4.82,4.82,4.18,4,11,kind/bug | area/test | area/apiserver | sig/api-machinery | release-note | size/XXL | cncf-cla: yes | sig/testing | needs-ok-to-test | needs-priority | needs-triage,0,0,0,NONE,2137,57,4,8,1,1,1,1,0,124580,43868,2952,124580,1510698,0.0004,0.0,Low,Keep In Normal Delivery Rhythm.
Cloud Native Platform Reliability,Cloud Platform,kubernetes/kubernetes,141369,https://github.com/kubernetes/kubernetes/pull/141369,Pull Request,Read named admission policy params while informers sync,open,2026-08-14 05:06:15+00:00,2026-08-14 20:20:54+00:00,,4.82,4.82,4.18,4,12,kind/bug | area/test | area/apiserver | sig/api-machinery | release-note | size/XXL | cncf-cla: yes | sig/testing | needs-ok-to-test | do-not-merge/work-in-progress | needs-priority | needs-triage,0,0,0,NONE,3114,55,4,8,1,1,1,1,0,124580,43868,2952,124580,1510698,0.0175,1.7,Low,Keep In Normal Delivery Rhythm.
Data Platform Orchestration,Data Engineering,apache/airflow,71586,https://github.com/apache/airflow/issues/71586,Issue,`map_index_template` that produces numbers fails,open,2026-08-14 05:16:41+00:00,2026-08-15 18:39:15+00:00,,4.81,4.81,3.25,0,2,kind:bug | area:dynamic-task-mapping,0,0,0,NONE,1918,48,4,8,0,1,0,0,0,46523,17615,1885,46523,693411,0.0,0.0,Low,Keep In Normal Delivery Rhythm.
Language Ecosystem Delivery,Language Platform,rust-lang/rust,161080,https://github.com/rust-lang/rust/pull/161080,Pull Request,propagate `RerunNonErased` in `projection_may_match`,closed,2026-08-14 05:23:47+00:00,2026-08-14 17:08:28+00:00,2026-08-14 17:08:23+00:00,4.8,0.49,4.32,3,3,T-compiler | S-waiting-on-bors | WG-trait-system-refactor,1,1,0,CONTRIBUTOR,258,52,4,8,1,0,0,0,0,115595,15431,12711,115595,972236,0.0,0.0,Low,Keep In Normal Delivery Rhythm.
Language Ecosystem Delivery,Language Platform,rust-lang/rust,161081,https://github.com/rust-lang/rust/pull/161081,Pull Request,Add intrinsics for integer minimum and maximum,open,2026-08-14 05:52:53+00:00,2026-08-17 19:42:16+00:00,,4.78,4.78,1.21,22,8,A-LLVM | T-compiler | S-waiting-on-review | T-libs | perf-regression | perf-regression-triaged | I-lang-nominated | I-lang-easy-decision,1,0,0,MEMBER,2439,46,4,8,1,1,0,1,0,115595,15431,12711,115595,972236,0.0,0.0,Low,Keep In Normal Delivery Rhythm.
Data Platform Orchestration,Data Engineering,apache/airflow,71587,https://github.com/apache/airflow/pull/71587,Pull Request,[v3-3-test] Update the docs recommending dag.test() for custom operator tests (#71542),closed,2026-08-14 05:53:49+00:00,2026-08-17 16:17:10+00:00,2026-08-17 16:15:35+00:00,4.78,3.43,1.35,1,1,kind:documentation,0,1,0,CONTRIBUTOR,125,86,4,8,0,0,0,0,0,46523,17615,1885,46523,693411,0.0,0.0,Low,Keep In Normal Delivery Rhythm.
Data Platform Orchestration,Data Engineering,apache/airflow,71588,https://github.com/apache/airflow/pull/71588,Pull Request,[v3-3-test] Build lang-SDK k8s test artifacts from the branch when targeting main (#71527),closed,2026-08-14 06:01:36+00:00,2026-08-14 21:13:52+00:00,2026-08-14 21:13:52+00:00,4.78,0.63,4.14,0,2,area:dev-tools | area:kubernetes-tests,0,0,0,MEMBER,68,90,4,8,0,0,0,0,0,46523,17615,1885,46523,693411,0.0,0.0,Low,Keep In Normal Delivery Rhythm.
Data Platform Orchestration,Data Engineering,apache/airflow,71589,https://github.com/apache/airflow/pull/71589,Pull Request,Prevent new setup-time database pre-cleaning in unit tests,open,2026-08-14 06:35:05+00:00,2026-08-15 00:09:01+00:00,,4.76,4.76,4.02,0,2,area:dev-tools | backport-to-v3-3-test,0,0,0,CONTRIBUTOR,1299,58,4,8,0,0,0,0,0,46523,17615,1885,46523,693411,0.0,0.0,Low,Keep In Normal Delivery Rhythm.
Data Platform Orchestration,Data Engineering,apache/airflow,71590,https://github.com/apache/airflow/pull/71590,Pull Request,[main] Upgrade important CI environment,open,2026-08-14 06:38:34+00:00,2026-08-17 12:55:49+00:00,,4.75,4.75,1.49,0,2,area:dev-tools | backport-to-v3-3-test,0,0,0,CONTRIBUTOR,62,39,4,8,0,0,0,0,0,46523,17615,1885,46523,693411,0.0,0.0,Low,Keep In Normal Delivery Rhythm.
Data Platform Orchestration,Data Engineering,apache/airflow,71591,https://github.com/apache/airflow/pull/71591,Pull Request,Use is not None for GCSToS3Operator match_glob provision check,open,2026-08-14 06:44:13+00:00,2026-08-14 22:33:14+00:00,,4.75,4.75,4.09,1,4,provider:amazon | area:providers | area:dev-tools | backport-to-v3-3-test,0,0,0,NONE,5646,62,4,8,0,0,0,0,0,46523,17615,1885,46523,693411,0.0,0.0,Low,Keep In Normal Delivery Rhythm.
Data Platform Orchestration,Data Engineering,apache/airflow,71592,https://github.com/apache/airflow/pull/71592,Pull Request,Explicitly convert map_index to str,open,2026-08-14 06:47:16+00:00,2026-08-15 18:38:22+00:00,,4.75,4.75,3.25,0,1,area:task-sdk,0,0,0,CONTRIBUTOR,1585,35,4,8,0,0,0,0,0,46523,17615,1885,46523,693411,0.0,0.0,Low,Keep In Normal Delivery Rhythm.
Cloud Native Platform Reliability,Cloud Platform,kubernetes/kubernetes,141370,https://github.com/kubernetes/kubernetes/pull/141370,Pull Request,test/e2e/network: use static nodePorts in the update nodePort tests,open,2026-08-14 06:50:05+00:00,2026-08-14 07:05:09+00:00,,4.74,4.74,4.73,10,12,area/test | sig/network | size/XL | kind/flake | cncf-cla: yes | sig/testing | kind/failing-test | needs-ok-to-test | do-not-merge/release-note-label-needed | needs-priority | area/e2e-test-framework | needs-triage,0,0,0,NONE,1330,67,4,8,1,0,1,1,0,124580,43868,2952,124580,1510698,0.0019,0.2,Low,Keep In Normal Delivery Rhythm.
Language Ecosystem Delivery,Language Platform,rust-lang/rust,161082,https://github.com/rust-lang/rust/pull/161082,Pull Request,Overhaul `CoroutineKind`,closed,2026-08-14 07:02:03+00:00,2026-08-17 06:56:38+00:00,2026-08-17 05:46:37+00:00,4.74,2.95,1.74,7,4,T-compiler | merged-by-bors | T-rustfmt | T-clippy,1,1,0,CONTRIBUTOR,73,24,4,8,0,0,0,0,0,115595,15431,12711,115595,972236,0.0,0.0,Low,Keep In Normal Delivery Rhythm.
Language Ecosystem Delivery,Language Platform,rust-lang/rust,161083,https://github.com/rust-lang/rust/pull/161083,Pull Request,"Revert ""Add regression test for const fn returning Vec of boxed dyn Any""",closed,2026-08-14 07:15:36+00:00,2026-08-15 08:59:41+00:00,2026-08-15 02:06:07+00:00,4.73,0.79,3.65,3,2,T-compiler | S-waiting-on-bors,1,1,0,CONTRIBUTOR,97,72,4,8,1,0,0,0,0,115595,15431,12711,115595,972236,0.0,0.0,Low,Keep In Normal Delivery Rhythm.
Data Platform Orchestration,Data Engineering,apache/airflow,71593,https://github.com/apache/airflow/pull/71593,Pull Request,[v3-3-test] Gate Java SDK dependency changes (#71401),closed,2026-08-14 07:39:56+00:00,2026-08-17 16:49:37+00:00,2026-08-17 16:49:35+00:00,4.71,3.38,1.33,0,1,area:dev-tools,0,0,0,CONTRIBUTOR,152,53,4,8,0,0,0,0,0,46523,17615,1885,46523,693411,0.0,0.0,Low,Keep In Normal Delivery Rhythm.
Data Platform Orchestration,Data Engineering,apache/airflow,71594,https://github.com/apache/airflow/pull/71594,Pull Request,Bump happy-dom from 20.11.1 to 20.11.2 in /dev/react-plugin-tools/react_plugin_template in the ui-plugin-template-package-updates group across 1 directory,closed,2026-08-14 07:41:08+00:00,2026-08-14 13:18:19+00:00,2026-08-14 13:17:00+00:00,4.71,0.23,4.48,1,4,area:dev-tools | javascript | dependencies | backport-to-v3-3-test,0,0,0,CONTRIBUTOR,3614,154,4,8,0,0,0,0,0,46523,17615,1885,46523,693411,0.0001,0.0,Low,Keep In Normal Delivery Rhythm.
Data Platform Orchestration,Data Engineering,apache/airflow,71595,https://github.com/apache/airflow/pull/71595,Pull Request,Bump happy-dom from 20.11.1 to 20.11.2 in /dev/react-plugin-tools/react_plugin_template in the 3-3-ui-plugin-template-package-updates group across 1 directory,closed,2026-08-14 07:41:12+00:00,2026-08-14 07:47:15+00:00,2026-08-14 07:47:13+00:00,4.71,0.0,4.71,0,3,area:dev-tools | javascript | dependencies,0,0,0,CONTRIBUTOR,3618,158,4,8,0,0,0,0,0,46523,17615,1885,46523,693411,0.0001,0.0,Low,Keep In Normal Delivery Rhythm.
Data Platform Orchestration,Data Engineering,apache/airflow,71596,https://github.com/apache/airflow/pull/71596,Pull Request,Bump the 3-3-edge-ui-package-updates group across 1 directory with 2 updates,closed,2026-08-14 07:41:28+00:00,2026-08-14 13:18:22+00:00,2026-08-14 13:17:21+00:00,4.71,0.23,4.48,1,4,area:providers | javascript | provider:edge | dependencies,0,1,0,CONTRIBUTOR,14091,76,4,8,0,0,0,0,0,46523,17615,1885,46523,693411,0.0,0.0,Low,Keep In Normal Delivery Rhythm.
Data Platform Orchestration,Data Engineering,apache/airflow,71597,https://github.com/apache/airflow/pull/71597,Pull Request,Bump the 3-3-auth-ui-package-updates group across 1 directory with 3 updates,closed,2026-08-14 07:41:39+00:00,2026-08-14 13:17:43+00:00,2026-08-14 13:16:41+00:00,4.71,0.23,4.48,1,3,area:API | javascript | dependencies,0,1,0,CONTRIBUTOR,20767,76,4,8,0,0,0,0,0,46523,17615,1885,46523,693411,0.0,0.0,Low,Keep In Normal Delivery Rhythm.
Data Platform Orchestration,Data Engineering,apache/airflow,71598,https://github.com/apache/airflow/pull/71598,Pull Request,Bump boto3 from 1.43.66 to 1.43.67 in /dev/breeze in the 3-3-uv-dependency-updates group,closed,2026-08-14 07:42:02+00:00,2026-08-14 13:37:08+00:00,2026-08-14 13:37:06+00:00,4.71,0.25,4.46,2,3,area:dev-tools | dependencies | python:uv,0,0,0,CONTRIBUTOR,2912,88,4,8,0,0,0,0,0,46523,17615,1885,46523,693411,0.0,0.0,Low,Keep In Normal Delivery Rhythm.
Data Platform Orchestration,Data Engineering,apache/airflow,71599,https://github.com/apache/airflow/pull/71599,Pull Request,Bump the auth-ui-package-updates group across 1 directory with 4 updates,closed,2026-08-14 07:42:21+00:00,2026-08-14 13:37:31+00:00,2026-08-14 13:37:30+00:00,4.71,0.25,4.46,2,3,area:API | javascript | dependencies,0,0,0,CONTRIBUTOR,21981,72,4,8,0,0,0,0,0,46523,17615,1885,46523,693411,0.0,0.0,Low,Keep In Normal Delivery Rhythm.
Data Platform Orchestration,Data Engineering,apache/airflow,71600,https://github.com/apache/airflow/pull/71600,Pull Request,Bump happy-dom from 20.11.1 to 20.11.2 in /airflow-core/src/airflow/ui in the core-ui-package-updates group across 1 directory,closed,2026-08-14 07:42:21+00:00,2026-08-14 15:48:30+00:00,2026-08-14 15:48:28+00:00,4.71,0.34,4.37,2,3,area:UI | javascript | dependencies,0,0,0,CONTRIBUTOR,3586,126,4,8,0,0,0,0,0,46523,17615,1885,46523,693411,0.0,0.0,Low,Keep In Normal Delivery Rhythm.
Data Platform Orchestration,Data Engineering,apache/airflow,71601,https://github.com/apache/airflow/pull/71601,Pull Request,Bump the edge-ui-package-updates group across 1 directory with 4 updates,closed,2026-08-14 07:42:38+00:00,2026-08-14 13:16:21+00:00,2026-08-14 13:16:19+00:00,4.71,0.23,4.48,0,4,area:providers | javascript | provider:edge | dependencies,0,0,0,CONTRIBUTOR,15632,72,4,8,0,0,0,0,0,46523,17615,1885,46523,693411,0.0,0.0,Low,Keep In Normal Delivery Rhythm.
Data Platform Orchestration,Data Engineering,apache/airflow,71602,https://github.com/apache/airflow/pull/71602,Pull Request,Bump the java-sdk-security-updates group across 1 directory with 3 updates,closed,2026-08-14 07:43:07+00:00,2026-08-14 15:31:41+00:00,2026-08-14 15:31:39+00:00,4.71,0.33,4.38,0,3,dependencies | area:java-sdk | java,0,0,0,CONTRIBUTOR,4360,74,4,8,0,0,0,0,0,46523,17615,1885,46523,693411,0.0,0.0,Low,Keep In Normal Delivery Rhythm.
Data Platform Orchestration,Data Engineering,apache/airflow,71603,https://github.com/apache/airflow/pull/71603,Pull Request,Bump openapi-merge-cli from 1.3.2 to 2.0.2 in /airflow-core/src/airflow/ui,closed,2026-08-14 07:43:20+00:00,2026-08-14 15:30:38+00:00,2026-08-14 15:30:37+00:00,4.71,0.32,4.38,1,3,area:UI | javascript | dependencies,0,0,0,CONTRIBUTOR,4216,74,4,8,0,0,0,0,0,46523,17615,1885,46523,693411,0.0,0.0,Low,Keep In Normal Delivery Rhythm.
Data Platform Orchestration,Data Engineering,apache/airflow,71604,https://github.com/apache/airflow/pull/71604,Pull Request,Bump the 3-3-core-ui-package-updates group across 1 directory with 6 updates,closed,2026-08-14 07:43:34+00:00,2026-08-14 13:20:55+00:00,2026-08-14 13:19:57+00:00,4.71,0.23,4.47,1,3,area:UI | javascript | dependencies,0,1,0,CONTRIBUTOR,26751,76,4,8,0,0,0,0,0,46523,17615,1885,46523,693411,0.0,0.0,Low,Keep In Normal Delivery Rhythm.
Data Platform Orchestration,Data Engineering,apache/airflow,71605,https://github.com/apache/airflow/pull/71605,Pull Request,Bump the java-sdk-dependency-updates group across 2 directories with 22 updates,closed,2026-08-14 07:44:53+00:00,2026-08-14 16:55:06+00:00,2026-08-14 16:55:04+00:00,4.71,0.38,4.32,1,3,dependencies | area:java-sdk | java,0,0,0,CONTRIBUTOR,65535,79,4,8,0,0,0,0,0,46523,17615,1885,46523,693411,0.0,0.0,Low,Keep In Normal Delivery Rhythm.
Data Platform Orchestration,Data Engineering,apache/airflow,71606,https://github.com/apache/airflow/pull/71606,Pull Request,Bump the github-actions-updates group across 1 directory with 3 updates,closed,2026-08-14 07:47:29+00:00,2026-08-14 20:23:09+00:00,2026-08-14 20:21:52+00:00,4.7,0.52,4.18,2,4,area:dev-tools | dependencies | github_actions | backport-to-v3-3-test,0,0,0,CONTRIBUTOR,9167,71,4,8,0,0,0,0,0,46523,17615,1885,46523,693411,0.0,0.0,Low,Keep In Normal Delivery Rhythm.
Data Platform Orchestration,Data Engineering,apache/airflow,71607,https://github.com/apache/airflow/pull/71607,Pull Request,Bump the github-actions-updates group with 3 updates,closed,2026-08-14 07:47:42+00:00,2026-08-14 21:12:37+00:00,2026-08-14 21:12:35+00:00,4.7,0.56,4.15,0,3,area:dev-tools | dependencies | github_actions,0,0,0,CONTRIBUTOR,10786,52,4,8,0,0,0,0,0,46523,17615,1885,46523,693411,0.0,0.0,Low,Keep In Normal Delivery Rhythm.
Language Ecosystem Delivery,Language Platform,rust-lang/rust,161084,https://github.com/rust-lang/rust/pull/161084,Pull Request,Add regression test for test_case attribute on a use item,closed,2026-08-14 08:08:38+00:00,2026-08-17 08:57:26+00:00,2026-08-17 08:57:23+00:00,4.69,3.03,1.66,3,2,T-compiler | S-waiting-on-bors,1,1,0,CONTRIBUTOR,28,57,4,8,1,0,0,0,0,115595,15431,12711,115595,972236,0.0,0.0,Low,Keep In Normal Delivery Rhythm.
Runtime Platform Stabilization,Runtime Engineering,nodejs/node,65280,https://github.com/nodejs/node/issues/65280,Issue,Incomplete history of the method fs.lchmod,closed,2026-08-14 08:39:16+00:00,2026-08-16 09:40:38+00:00,2026-08-16 09:40:38+00:00,4.67,2.04,2.63,3,1,doc,0,0,0,NONE,218,42,4,8,0,0,0,0,0,119012,36525,1490,119012,1537562,0.0,0.0,Low,Keep In Normal Delivery Rhythm.
Language Ecosystem Delivery,Language Platform,rust-lang/rust,161085,https://github.com/rust-lang/rust/pull/161085,Pull Request,bootstrap: Restrict the normalization of relative paths,closed,2026-08-14 08:41:09+00:00,2026-08-14 23:33:08+00:00,2026-08-14 17:08:23+00:00,4.67,0.35,4.05,2,2,T-bootstrap | S-waiting-on-bors,1,1,0,MEMBER,751,55,4,8,1,0,0,0,0,115595,15431,12711,115595,972236,0.0,0.0,Low,Keep In Normal Delivery Rhythm.
Runtime Platform Stabilization,Runtime Engineering,nodejs/node,65281,https://github.com/nodejs/node/pull/65281,Pull Request,tools: fix the list of globals in ESLint config files,open,2026-08-14 08:52:23+00:00,2026-08-16 08:55:51+00:00,,4.66,4.66,2.66,1,5,tools | author ready | needs-ci | commit-queue-failed | commit-queue-squash,0,0,0,CONTRIBUTOR,217,53,4,8,1,0,0,0,0,119012,36525,1490,119012,1537562,0.0,0.0,Low,Keep In Normal Delivery Rhythm.
Data Platform Orchestration,Data Engineering,apache/airflow,71608,https://github.com/apache/airflow/pull/71608,Pull Request,[v3-3-test] Fix one bad callback request crashing the Dag processor and dropping the rest (#70990),closed,2026-08-14 08:53:06+00:00,2026-08-17 16:18:13+00:00,2026-08-17 16:17:19+00:00,4.66,3.31,1.35,1,1,area:DAG-processing,0,1,0,CONTRIBUTOR,1720,98,4,8,0,0,0,0,0,46523,17615,1885,46523,693411,0.0,0.0,Low,Keep In Normal Delivery Rhythm.
Language Ecosystem Delivery,Language Platform,rust-lang/rust,161086,https://github.com/rust-lang/rust/pull/161086,Pull Request,add crashtests [3/N],closed,2026-08-14 09:05:51+00:00,2026-08-14 18:14:04+00:00,2026-08-14 17:08:23+00:00,4.65,0.34,4.27,4,2,T-compiler | S-waiting-on-bors,1,1,0,CONTRIBUTOR,66,20,4,8,1,0,0,0,0,115595,15431,12711,115595,972236,0.0,0.0,Low,Keep In Normal Delivery Rhythm.
Data Platform Orchestration,Data Engineering,apache/airflow,71609,https://github.com/apache/airflow/pull/71609,Pull Request,[v3-3-test] Fix short-read handling in task-sdk IPC framing (#69253),closed,2026-08-14 09:09:03+00:00,2026-08-17 16:50:35+00:00,2026-08-17 16:49:41+00:00,4.65,3.32,1.33,1,1,area:task-sdk,0,1,0,CONTRIBUTOR,810,68,4,8,0,0,0,0,0,46523,17615,1885,46523,693411,0.0,0.0,Low,Keep In Normal Delivery Rhythm.
Runtime Platform Stabilization,Runtime Engineering,nodejs/node,65282,https://github.com/nodejs/node/pull/65282,Pull Request,build: update binary-upload to use correct tarball name,closed,2026-08-14 09:28:18+00:00,2026-08-18 11:09:07+00:00,2026-08-16 09:40:47+00:00,4.63,2.01,0.56,10,2,build | needs-ci,0,0,0,MEMBER,2623,55,4,8,1,0,0,0,0,119012,36525,1490,119012,1537562,0.0004,0.0,Low,Keep In Normal Delivery Rhythm.
Runtime Platform Stabilization,Runtime Engineering,nodejs/node,65283,https://github.com/nodejs/node/pull/65283,Pull Request,doc: add missing `added:` tags to `fs.lchmod`,closed,2026-08-14 09:29:23+00:00,2026-08-16 09:40:40+00:00,2026-08-16 09:40:37+00:00,4.63,2.01,2.63,3,4,doc | fs | author ready | commit-queue-squash,0,0,0,CONTRIBUTOR,647,45,4,8,0,0,0,0,0,119012,36525,1490,119012,1537562,0.0,0.0,Low,Keep In Normal Delivery Rhythm.
Data Platform Orchestration,Data Engineering,apache/airflow,71610,https://github.com/apache/airflow/pull/71610,Pull Request,Expose ResumableJobMixin's reconnect decision as a standalone method,open,2026-08-14 09:46:08+00:00,2026-08-14 09:46:15+00:00,,4.62,4.62,4.62,0,1,area:task-sdk,0,0,0,CONTRIBUTOR,1416,68,4,8,0,0,0,0,0,46523,17615,1885,46523,693411,0.0,0.0,Low,Keep In Normal Delivery Rhythm.
Language Ecosystem Delivery,Language Platform,rust-lang/rust,161087,https://github.com/rust-lang/rust/issues/161087,Issue,Tracking issue for release notes of #154645: Tracking Issue for `derive_macro_global_path`,open,2026-08-14 10:14:29+00:00,2026-08-16 09:16:54+00:00,,4.6,4.6,2.64,0,3,relnotes | T-libs | relnotes-tracking-issue,0,1,0,COLLABORATOR,1745,90,4,8,0,0,0,0,0,115595,15431,12711,115595,972236,0.0,0.0,Low,Keep In Normal Delivery Rhythm.
Runtime Platform Stabilization,Runtime Engineering,nodejs/node,65284,https://github.com/nodejs/node/pull/65284,Pull Request,"lib,src: remove `--no-experimental-websocket` CLI flag",open,2026-08-14 10:14:58+00:00,2026-08-17 13:27:02+00:00,,4.6,4.6,1.47,4,5,c++ | semver-major | process | needs-ci | config,0,0,0,CONTRIBUTOR,0,54,4,8,1,0,0,0,0,119012,36525,1490,119012,1537562,0.0001,0.0,Low,Keep In Normal Delivery Rhythm.
Cloud Native Platform Reliability,Cloud Platform,kubernetes/kubernetes,141371,https://github.com/kubernetes/kubernetes/pull/141371,Pull Request,kube-proxy: clean stale conntrack for deleted UDP services,open,2026-08-14 10:17:50+00:00,2026-08-16 09:29:52+00:00,,4.6,4.6,2.63,11,12,kind/bug | area/test | sig/network | area/kube-proxy | release-note | size/XL | cncf-cla: yes | sig/testing | area/ipvs | ok-to-test | needs-priority | needs-triage,0,0,0,CONTRIBUTOR,1659,58,4,8,1,1,1,1,0,124580,43868,2952,124580,1510698,0.0041,0.4,Low,Keep In Normal Delivery Rhythm.
Language Ecosystem Delivery,Language Platform,rust-lang/rust,161088,https://github.com/rust-lang/rust/pull/161088,Pull Request,suppress projection errors already covered by a trait error,open,2026-08-14 10:27:02+00:00,2026-08-18 20:27:25+00:00,,4.59,4.59,0.18,2,3,T-compiler | S-waiting-on-bors | WG-trait-system-refactor,1,0,0,CONTRIBUTOR,800,59,4,8,1,0,0,0,0,115595,15431,12711,115595,972236,0.0,0.0,Low,Keep In Normal Delivery Rhythm.
Language Ecosystem Delivery,Language Platform,rust-lang/rust,161089,https://github.com/rust-lang/rust/pull/161089,Pull Request,Rollup of 10 pull requests,closed,2026-08-14 11:02:23+00:00,2026-08-14 14:14:18+00:00,2026-08-14 12:05:23+00:00,4.57,0.04,4.44,6,8,A-LLVM | T-compiler | T-bootstrap | S-waiting-on-author | rollup | A-meta | T-libs | WG-trait-system-refactor,0,0,0,MEMBER,1111,26,4,8,1,0,0,0,0,115595,15431,12711,115595,972236,0.0,0.0,Low,Keep In Normal Delivery Rhythm.
Data Platform Orchestration,Data Engineering,apache/airflow,71611,https://github.com/apache/airflow/pull/71611,Pull Request,Support .md file in LLMFileAnalysisOperator,open,2026-08-14 11:13:03+00:00,2026-08-15 21:10:15+00:00,,4.56,4.56,3.15,1,3,area:providers | kind:documentation | provider:common-ai,0,0,0,CONTRIBUTOR,5774,43,4,8,0,0,0,0,0,46523,17615,1885,46523,693411,0.0,0.0,Low,Keep In Normal Delivery Rhythm.
Language Ecosystem Delivery,Language Platform,rust-lang/rust,161090,https://github.com/rust-lang/rust/issues/161090,Issue,Integer method earlier than function with known type is called,open,2026-08-14 11:13:12+00:00,2026-08-17 16:26:14+00:00,,4.56,4.56,1.34,1,3,A-inference | C-bug | needs-triage,0,0,0,NONE,358,62,4,8,1,1,0,1,0,115595,15431,12711,115595,972236,0.0,0.0,Low,Keep In Normal Delivery Rhythm.
Cloud Native Platform Reliability,Cloud Platform,kubernetes/kubernetes,141372,https://github.com/kubernetes/kubernetes/pull/141372,Pull Request,Add snapshot metadata stress test suite,open,2026-08-14 11:13:35+00:00,2026-08-18 10:16:51+00:00,,4.56,4.56,0.6,11,11,area/test | sig/storage | size/L | sig/contributor-experience | kind/feature | release-note-none | cncf-cla: yes | sig/testing | ok-to-test | needs-priority | needs-triage,0,0,0,NONE,1085,39,4,8,1,0,1,1,0,124580,43868,2952,124580,1510698,0.0041,0.4,Low,Keep In Normal Delivery Rhythm.
Runtime Platform Stabilization,Runtime Engineering,nodejs/node,65285,https://github.com/nodejs/node/pull/65285,Pull Request,Add editor note to README,closed,2026-08-14 11:13:42+00:00,2026-08-14 11:14:52+00:00,2026-08-14 11:14:52+00:00,4.56,0.0,4.56,0,1,invalid,0,0,0,NONE,1978,25,4,8,0,0,0,0,0,119012,36525,1490,119012,1537562,0.0,0.0,Low,Keep In Normal Delivery Rhythm.
Language Ecosystem Delivery,Language Platform,rust-lang/rust,161091,https://github.com/rust-lang/rust/issues/161091,Issue,`rtabort!` can panic on xous,open,2026-08-14 11:59:42+00:00,2026-08-18 17:52:23+00:00,,4.53,4.53,0.28,1,7,P-high | I-unsound | C-bug | T-libs | O-xous | needs-triage | A-global-allocator-reentry,0,0,0,CONTRIBUTOR,1282,28,4,8,1,1,1,1,0,115595,15431,12711,115595,972236,0.0,0.0,Low,Keep In Normal Delivery Rhythm.
Language Ecosystem Delivery,Language Platform,rust-lang/rust,161092,https://github.com/rust-lang/rust/pull/161092,Pull Request,Rollup of 11 pull requests,closed,2026-08-14 12:05:44+00:00,2026-08-14 13:12:03+00:00,2026-08-14 13:11:57+00:00,4.53,0.05,4.48,7,7,A-LLVM | T-compiler | T-bootstrap | rollup | A-meta | T-libs | WG-trait-system-refactor,0,0,0,MEMBER,1154,26,4,8,0,0,0,0,0,115595,15431,12711,115595,972236,0.0,0.0,Low,Keep In Normal Delivery Rhythm.
Data Platform Orchestration,Data Engineering,apache/airflow,71612,https://github.com/apache/airflow/pull/71612,Pull Request,Split Logs.test.tsx to fix max-lines lint failure,closed,2026-08-14 12:31:42+00:00,2026-08-14 13:30:41+00:00,2026-08-14 13:30:40+00:00,4.51,0.04,4.47,1,1,area:UI,0,0,0,CONTRIBUTOR,1345,49,4,8,0,0,0,0,0,46523,17615,1885,46523,693411,0.0,0.0,Low,Keep In Normal Delivery Rhythm.
Language Ecosystem Delivery,Language Platform,rust-lang/rust,161093,https://github.com/rust-lang/rust/pull/161093,Pull Request,Rollup of 11 pull requests,closed,2026-08-14 13:12:21+00:00,2026-08-14 21:41:24+00:00,2026-08-14 17:08:23+00:00,4.48,0.16,4.13,11,8,A-LLVM | T-compiler | T-bootstrap | merged-by-bors | rollup | A-meta | T-libs | WG-trait-system-refactor,0,1,0,MEMBER,1178,26,4,8,0,0,0,0,0,115595,15431,12711,115595,972236,0.0,0.0,Low,Keep In Normal Delivery Rhythm.
Data Platform Orchestration,Data Engineering,apache/airflow,71613,https://github.com/apache/airflow/pull/71613,Pull Request,[v3-3-test] Bump happy-dom (#71594),closed,2026-08-14 13:18:16+00:00,2026-08-14 16:16:22+00:00,2026-08-14 16:16:21+00:00,4.48,0.12,4.35,0,1,area:dev-tools,0,0,0,CONTRIBUTOR,898,35,4,8,0,0,0,0,0,46523,17615,1885,46523,693411,0.0,0.0,Low,Keep In Normal Delivery Rhythm.
Language Ecosystem Delivery,Language Platform,rust-lang/rust,161094,https://github.com/rust-lang/rust/issues/161094,Issue,Tracking Issue for const ExactSizeIterator,closed,2026-08-14 13:20:35+00:00,2026-08-15 17:32:40+00:00,2026-08-15 17:32:40+00:00,4.47,1.18,3.3,0,3,T-libs-api | C-tracking-issue | S-tracking-unimplemented,0,0,0,NONE,2895,42,4,8,0,0,0,0,0,115595,15431,12711,115595,972236,0.0,0.0,Low,Keep In Normal Delivery Rhythm.
Data Platform Orchestration,Data Engineering,apache/airflow,71614,https://github.com/apache/airflow/pull/71614,Pull Request,Fix Keycloak multi-team permission repair,closed,2026-08-14 13:20:58+00:00,2026-08-14 14:41:05+00:00,2026-08-14 14:41:05+00:00,4.47,0.06,4.42,0,3,area:providers | kind:documentation | provider:keycloak,0,0,0,CONTRIBUTOR,3017,41,4,8,0,0,0,0,0,46523,17615,1885,46523,693411,0.0,0.0,Low,Keep In Normal Delivery Rhythm.
Data Platform Orchestration,Data Engineering,apache/airflow,71615,https://github.com/apache/airflow/pull/71615,Pull Request,Bump the 3-3-uv-dependency-updates group across 1 directory with 3 updates,closed,2026-08-14 13:37:22+00:00,2026-08-14 21:12:09+00:00,2026-08-14 21:12:06+00:00,4.46,0.32,4.15,0,3,area:dev-tools | dependencies | python:uv,0,0,0,CONTRIBUTOR,13051,74,4,8,0,0,0,0,0,46523,17615,1885,46523,693411,0.0,0.0,Low,Keep In Normal Delivery Rhythm.
Data Platform Orchestration,Data Engineering,apache/airflow,71616,https://github.com/apache/airflow/pull/71616,Pull Request,Bump the auth-ui-package-updates group across 1 directory with 5 updates,closed,2026-08-14 13:37:47+00:00,2026-08-14 15:25:06+00:00,2026-08-14 15:25:04+00:00,4.46,0.07,4.39,0,3,area:API | javascript | dependencies,0,0,0,CONTRIBUTOR,23717,72,4,8,0,0,0,0,0,46523,17615,1885,46523,693411,0.0,0.0,Low,Keep In Normal Delivery Rhythm.
Data Platform Orchestration,Data Engineering,apache/airflow,71617,https://github.com/apache/airflow/pull/71617,Pull Request,Bump the uv-dependency-updates group across 1 directory with 5 updates,closed,2026-08-14 13:38:05+00:00,2026-08-14 15:25:55+00:00,2026-08-14 15:24:39+00:00,4.46,0.07,4.39,1,4,area:dev-tools | dependencies | python:uv | backport-to-v3-3-test,0,0,0,CONTRIBUTOR,35170,70,4,8,0,0,0,0,0,46523,17615,1885,46523,693411,0.0,0.0,Low,Keep In Normal Delivery Rhythm.
Data Platform Orchestration,Data Engineering,apache/airflow,71618,https://github.com/apache/airflow/pull/71618,Pull Request,Escape icon insertion in registry search results template,closed,2026-08-14 13:45:56+00:00,2026-08-17 04:40:47+00:00,2026-08-17 04:40:46+00:00,4.46,2.62,1.83,1,1,area:registry,0,0,0,MEMBER,2755,57,4,8,0,0,0,0,0,46523,17615,1885,46523,693411,0.0,0.0,Low,Keep In Normal Delivery Rhythm.
Data Platform Orchestration,Data Engineering,apache/airflow,71619,https://github.com/apache/airflow/pull/71619,Pull Request,Add missing docs and example dag for ExasolToS3Operator,open,2026-08-14 13:47:10+00:00,2026-08-17 23:12:31+00:00,,4.46,4.46,1.06,4,3,provider:amazon | area:providers | kind:documentation,0,0,0,NONE,2936,55,4,8,0,0,0,0,0,46523,17615,1885,46523,693411,0.0,0.0,Low,Keep In Normal Delivery Rhythm.
Data Platform Orchestration,Data Engineering,apache/airflow,71620,https://github.com/apache/airflow/pull/71620,Pull Request,Build lang-SDK k8s test artifacts from the checkout's own SDKs,closed,2026-08-14 13:52:43+00:00,2026-08-15 05:04:15+00:00,2026-08-15 05:04:15+00:00,4.45,0.63,3.82,0,3,area:dev-tools | area:kubernetes-tests | backport-to-v3-3-test,0,0,0,CONTRIBUTOR,1249,62,4,8,0,0,0,0,0,46523,17615,1885,46523,693411,0.0,0.0,Low,Keep In Normal Delivery Rhythm.
Data Platform Orchestration,Data Engineering,apache/airflow,71621,https://github.com/apache/airflow/pull/71621,Pull Request,Cut the per-file cost of persisting Dag parse results,open,2026-08-14 14:05:45+00:00,2026-08-14 14:24:33+00:00,,4.44,4.44,4.43,0,1,area:DAG-processing,0,0,0,CONTRIBUTOR,2426,53,4,8,0,0,0,0,0,46523,17615,1885,46523,693411,0.0,0.0,Low,Keep In Normal Delivery Rhythm.
Language Ecosystem Delivery,Language Platform,rust-lang/rust,161095,https://github.com/rust-lang/rust/pull/161095,Pull Request,Turn the `ExactSizeIterator` trait in `core::iter` const-compatible.,closed,2026-08-14 14:07:56+00:00,2026-08-16 07:01:02+00:00,2026-08-15 17:32:49+00:00,4.44,1.14,2.74,9,3,T-compiler | T-libs | has-merge-commits,1,0,0,NONE,1341,68,4,8,0,0,0,0,0,115595,15431,12711,115595,972236,0.0,0.0,Low,Keep In Normal Delivery Rhythm.
Language Ecosystem Delivery,Language Platform,rust-lang/rust,161096,https://github.com/rust-lang/rust/issues/161096,Issue,"`core::hash::SipHasher` is marked as deprecated in favor of `DefaultHasher`, but that's in `std::` not in `core::`",open,2026-08-14 14:33:02+00:00,2026-08-14 14:33:04+00:00,,4.42,4.42,4.42,0,2,C-bug | needs-triage,0,0,0,CONTRIBUTOR,330,114,4,8,1,1,0,1,0,115595,15431,12711,115595,972236,0.0,0.0,Low,Keep In Normal Delivery Rhythm.
Language Ecosystem Delivery,Language Platform,rust-lang/rust,161097,https://github.com/rust-lang/rust/pull/161097,Pull Request,[experiment]: Skip match simplification,open,2026-08-14 14:39:52+00:00,2026-08-14 23:19:28+00:00,,4.42,4.42,4.06,6,3,T-compiler | S-waiting-on-author | perf-regression,0,0,0,MEMBER,9,39,4,8,1,1,0,0,0,115595,15431,12711,115595,972236,0.0,0.0,Low,Keep In Normal Delivery Rhythm.
Runtime Platform Stabilization,Runtime Engineering,nodejs/node,65286,https://github.com/nodejs/node/pull/65286,Pull Request,sqlite: copy changeset before applying it,open,2026-08-14 14:41:01+00:00,2026-08-14 16:39:03+00:00,,4.42,4.42,4.34,2,3,c++ | needs-ci | sqlite,0,0,0,MEMBER,209,41,4,8,1,0,0,0,0,119012,36525,1490,119012,1537562,0.0,0.0,Low,Keep In Normal Delivery Rhythm.
Language Ecosystem Delivery,Language Platform,rust-lang/rust,161098,https://github.com/rust-lang/rust/pull/161098,Pull Request,PassWrapper: handle LLVM 24 change in function types,open,2026-08-14 14:45:18+00:00,2026-08-18 14:30:05+00:00,,4.41,4.41,0.43,5,4,A-LLVM | T-compiler | S-waiting-on-review | llvm-main,1,0,0,CONTRIBUTOR,204,52,4,8,1,0,0,0,0,115595,15431,12711,115595,972236,0.0,0.0,Low,Keep In Normal Delivery Rhythm.
Language Ecosystem Delivery,Language Platform,rust-lang/rust,161099,https://github.com/rust-lang/rust/pull/161099,Pull Request,Add regression test for unstable def_ident_span fingerprint with incremental recompilation,closed,2026-08-14 14:48:21+00:00,2026-08-17 06:48:59+00:00,2026-08-17 02:40:47+00:00,4.41,2.49,1.75,3,3,T-compiler | S-waiting-on-bors | A-run-make,1,1,0,CONTRIBUTOR,27,90,4,8,1,0,0,0,0,115595,15431,12711,115595,972236,0.0,0.0,Low,Keep In Normal Delivery Rhythm.
Data Platform Orchestration,Data Engineering,apache/airflow,71622,https://github.com/apache/airflow/pull/71622,Pull Request,[v3-3-test] Document HTTP statuses that API routes raise but never declared (#71011),closed,2026-08-14 14:58:49+00:00,2026-08-17 09:28:29+00:00,2026-08-17 09:27:13+00:00,4.41,2.77,1.63,2,2,area:API | area:UI,0,1,0,CONTRIBUTOR,308,84,4,8,0,0,0,0,0,46523,17615,1885,46523,693411,0.0,0.0,Low,Keep In Normal Delivery Rhythm.
Language Ecosystem Delivery,Language Platform,rust-lang/rust,161100,https://github.com/rust-lang/rust/issues/161100,Issue,[ICE]: `Type system constant with non valtree'able type evaluated but no error emitted`,open,2026-08-14 15:00:13+00:00,2026-08-15 13:51:56+00:00,,4.4,4.4,3.45,1,7,I-ICE | T-compiler | C-bug | WG-trait-system-refactor | needs-triage | F-min_generic_const_args | F-generic_const_args,0,0,0,MEMBER,8855,87,4,8,1,1,0,1,0,115595,15431,12711,115595,972236,0.0,0.0,Low,Keep In Normal Delivery Rhythm.
Runtime Platform Stabilization,Runtime Engineering,nodejs/node,65287,https://github.com/nodejs/node/issues/65287,Issue,ffi: DynamicLibrary getters crash on incompatible receivers,open,2026-08-14 15:00:56+00:00,2026-08-14 15:00:56+00:00,,4.4,4.4,4.4,0,1,ffi,1,0,0,MEMBER,1209,59,4,8,0,0,0,0,0,119012,36525,1490,119012,1537562,0.0,0.0,Low,Keep In Normal Delivery Rhythm.
Runtime Platform Stabilization,Runtime Engineering,nodejs/node,65288,https://github.com/nodejs/node/pull/65288,Pull Request,ffi: validate DynamicLibrary getter receivers,open,2026-08-14 15:03:23+00:00,2026-08-15 21:57:28+00:00,,4.4,4.4,3.11,5,2,c++ | needs-ci,0,0,0,MEMBER,299,45,4,8,1,0,0,0,0,119012,36525,1490,119012,1537562,0.0,0.0,Low,Keep In Normal Delivery Rhythm.
Language Ecosystem Delivery,Language Platform,rust-lang/rust,161101,https://github.com/rust-lang/rust/issues/161101,Issue,[ICE]: `broken MIR in Shim(FutureDropPoll(DefId`,open,2026-08-14 15:23:18+00:00,2026-08-16 12:13:21+00:00,,4.39,4.39,2.52,1,7,I-ICE | T-compiler | C-bug | WG-trait-system-refactor | needs-triage | F-gen_blocks | F-async_drop,0,0,0,MEMBER,16784,48,4,8,1,1,0,1,0,115595,15431,12711,115595,972236,0.0,0.0,Low,Keep In Normal Delivery Rhythm.
Data Platform Orchestration,Data Engineering,apache/airflow,71623,https://github.com/apache/airflow/pull/71623,Pull Request,Fix inverted docstring for config write hide_sensitive option,closed,2026-08-14 15:32:52+00:00,2026-08-14 17:02:05+00:00,2026-08-14 17:02:05+00:00,4.38,0.06,4.32,0,0,,0,0,0,CONTRIBUTOR,522,61,4,8,0,0,0,0,0,46523,17615,1885,46523,693411,0.0,0.0,Low,Keep In Normal Delivery Rhythm.
Data Platform Orchestration,Data Engineering,apache/airflow,71624,https://github.com/apache/airflow/pull/71624,Pull Request,Fix SSO docs pointing at the pre-Airflow 3 OAuth redirect path,closed,2026-08-14 15:41:44+00:00,2026-08-14 17:24:24+00:00,2026-08-14 17:24:24+00:00,4.38,0.07,4.3,0,3,area:providers | kind:documentation | provider:fab,0,0,0,CONTRIBUTOR,920,62,4,8,0,0,0,0,0,46523,17615,1885,46523,693411,0.0,0.0,Low,Keep In Normal Delivery Rhythm.
Cloud Native Platform Reliability,Cloud Platform,kubernetes/kubernetes,141373,https://github.com/kubernetes/kubernetes/pull/141373,Pull Request,Bump google.golang.org/protobuf to v1.36.12,closed,2026-08-14 15:43:37+00:00,2026-08-14 15:44:57+00:00,2026-08-14 15:44:14+00:00,4.37,0.0,4.37,4,26,sig/network | area/kubelet | kind/cleanup | sig/scheduling | area/kube-proxy | area/apiserver | area/kubectl | area/cloudprovider | sig/storage | sig/node | sig/api-machinery | sig/cluster-lifecycle | size/M | release-note-none | sig/auth | sig/cli | cncf-cla: yes | sig/instrumentation | sig/architecture | area/code-generation | sig/cloud-provider | needs-priority | area/dependency | needs-triage | wg/device-management | kind/dependency,0,0,0,MEMBER,492,43,4,8,1,0,1,1,0,124580,43868,2952,124580,1510698,0.0055,0.6,Low,Keep In Normal Delivery Rhythm.
Cloud Native Platform Reliability,Cloud Platform,kubernetes/kubernetes,141374,https://github.com/kubernetes/kubernetes/pull/141374,Pull Request,Bump container-storage-interface/spec to 1.13.0,open,2026-08-14 15:46:40+00:00,2026-08-14 17:28:38+00:00,,4.37,4.37,4.3,5,9,kind/cleanup | size/XS | release-note-none | cncf-cla: yes | needs-priority | area/dependency | needs-triage | do-not-merge/needs-sig | kind/dependency,0,0,0,MEMBER,587,47,4,8,1,0,1,1,0,124580,43868,2952,124580,1510698,0.0009,0.1,Low,Keep In Normal Delivery Rhythm.
Data Platform Orchestration,Data Engineering,apache/airflow,71625,https://github.com/apache/airflow/pull/71625,Pull Request,Add DatadogMonitorSensorAsync waiting on a monitor's overall state,open,2026-08-14 15:48:18+00:00,2026-08-17 20:08:54+00:00,,4.37,4.37,1.19,3,2,area:providers | provider:datadog,0,0,0,NONE,2128,66,4,8,0,0,0,0,0,46523,17615,1885,46523,693411,0.0,0.0,Low,Keep In Normal Delivery Rhythm.
Language Ecosystem Delivery,Language Platform,rust-lang/rust,161102,https://github.com/rust-lang/rust/pull/161102,Pull Request,Explicitly pass run_make_support rlib/rmeta paths to compiletest,closed,2026-08-14 16:10:15+00:00,2026-08-15 20:12:06+00:00,2026-08-15 20:10:47+00:00,4.36,1.17,3.19,10,5,A-testsuite | T-bootstrap | S-waiting-on-bors | A-compiletest | A-run-make,1,1,0,MEMBER,562,64,4,8,1,0,0,0,0,115595,15431,12711,115595,972236,0.0,0.0,Low,Keep In Normal Delivery Rhythm.
Language Ecosystem Delivery,Language Platform,rust-lang/rust,161103,https://github.com/rust-lang/rust/pull/161103,Pull Request,cleanup: rip out unnecessary `iter().last()` and `iter().next()`,closed,2026-08-14 16:12:47+00:00,2026-08-17 02:40:51+00:00,2026-08-17 02:40:47+00:00,4.35,2.44,1.92,5,2,T-compiler | S-waiting-on-bors,1,1,0,MEMBER,61,64,4,8,1,0,0,0,0,115595,15431,12711,115595,972236,0.0,0.0,Low,Keep In Normal Delivery Rhythm.
Language Ecosystem Delivery,Language Platform,rust-lang/rust,161104,https://github.com/rust-lang/rust/issues/161104,Issue,Tracking issue for release notes of #158580: std: map ENOTSUP to ErrorKind::Unsupported,open,2026-08-14 16:13:28+00:00,2026-08-18 09:33:38+00:00,,4.35,4.35,0.63,0,4,relnotes | T-libs | needs-triage | relnotes-tracking-issue,0,1,0,COLLABORATOR,1557,87,4,8,1,0,0,1,0,115595,15431,12711,115595,972236,0.0,0.0,Low,Keep In Normal Delivery Rhythm.
Data Platform Orchestration,Data Engineering,apache/airflow,71626,https://github.com/apache/airflow/pull/71626,Pull Request,[v3-3-test] Release DB connection before deserializing DAGs in grid structure endpoint (#69832),closed,2026-08-14 16:19:43+00:00,2026-08-17 11:01:09+00:00,2026-08-17 10:59:58+00:00,4.35,2.78,1.57,1,1,area:API,0,1,0,CONTRIBUTOR,2812,95,4,8,0,0,0,0,0,46523,17615,1885,46523,693411,0.0,0.0,Low,Keep In Normal Delivery Rhythm.
Language Ecosystem Delivery,Language Platform,rust-lang/rust,161105,https://github.com/rust-lang/rust/pull/161105,Pull Request,rustdoc: Small `doc_cfg` messages improvements,closed,2026-08-14 16:26:22+00:00,2026-08-15 17:57:36+00:00,2026-08-15 13:42:31+00:00,4.34,0.89,3.28,6,3,T-rustdoc | S-waiting-on-bors | T-rustdoc-frontend,1,1,0,MEMBER,506,46,4,8,1,0,0,0,0,115595,15431,12711,115595,972236,0.0,0.0,Low,Keep In Normal Delivery Rhythm.
Data Platform Orchestration,Data Engineering,apache/airflow,71627,https://github.com/apache/airflow/pull/71627,Pull Request,Fix datetime pickers unusable on Firefox and Safari,closed,2026-08-14 16:31:13+00:00,2026-08-18 18:12:12+00:00,2026-08-18 18:09:45+00:00,4.34,4.07,0.27,2,4,area:UI | area:translations | translation:default | backport-to-v3-3-test,0,1,0,MEMBER,3262,51,4,8,0,0,0,0,0,46523,17615,1885,46523,693411,0.0002,0.0,Low,Keep In Normal Delivery Rhythm.
Data Platform Orchestration,Data Engineering,apache/airflow,71628,https://github.com/apache/airflow/pull/71628,Pull Request,Fix Dags with deadlines failing to parse after a database retry,open,2026-08-14 16:35:00+00:00,2026-08-15 16:31:23+00:00,,4.34,4.34,3.34,0,1,area:DAG-processing,0,0,0,CONTRIBUTOR,2182,63,4,8,0,0,0,0,0,46523,17615,1885,46523,693411,0.0,0.0,Low,Keep In Normal Delivery Rhythm.
Language Ecosystem Delivery,Language Platform,rust-lang/rust,161106,https://github.com/rust-lang/rust/pull/161106,Pull Request,Bump the version number to 1.100.0,closed,2026-08-14 16:38:19+00:00,2026-08-15 14:58:19+00:00,2026-08-15 10:28:07+00:00,4.34,0.74,3.41,16,2,T-release | merged-by-bors,1,1,0,MEMBER,113,34,4,8,0,0,0,0,0,115595,15431,12711,115595,972236,0.0,0.0,Low,Keep In Normal Delivery Rhythm.
Data Platform Orchestration,Data Engineering,apache/airflow,71629,https://github.com/apache/airflow/pull/71629,Pull Request,Bump eslint-plugin-react-refresh from 0.5.3 to 0.5.4 in /airflow-core/src/airflow/ui in the eslint group across 1 directory,closed,2026-08-14 16:54:03+00:00,2026-08-14 20:58:17+00:00,2026-08-14 20:58:15+00:00,4.33,0.17,4.16,0,3,area:UI | javascript | dependencies,0,0,0,CONTRIBUTOR,3640,123,4,8,0,0,0,0,0,46523,17615,1885,46523,693411,0.0,0.0,Low,Keep In Normal Delivery Rhythm.
Data Platform Orchestration,Data Engineering,apache/airflow,71630,https://github.com/apache/airflow/pull/71630,Pull Request,Bump eslint-plugin-react-refresh from 0.5.3 to 0.5.4 in /dev/react-plugin-tools/react_plugin_template in the ui-plugin-template-package-updates group across 1 directory,closed,2026-08-14 16:54:27+00:00,2026-08-14 20:59:56+00:00,2026-08-14 20:58:38+00:00,4.33,0.17,4.15,1,4,area:dev-tools | javascript | dependencies | backport-to-v3-3-test,0,0,0,CONTRIBUTOR,3685,168,4,8,0,0,0,0,0,46523,17615,1885,46523,693411,0.0001,0.0,Low,Keep In Normal Delivery Rhythm.
Data Platform Orchestration,Data Engineering,apache/airflow,71631,https://github.com/apache/airflow/pull/71631,Pull Request,Bump eslint-plugin-react-refresh from 0.5.3 to 0.5.4 in /providers/edge3/src/airflow/providers/edge3/plugins/www in the edge-ui-package-updates group across 1 directory,closed,2026-08-14 16:54:28+00:00,2026-08-14 18:13:47+00:00,2026-08-14 18:13:45+00:00,4.33,0.06,4.27,0,4,area:providers | javascript | provider:edge | dependencies,0,0,0,CONTRIBUTOR,3685,168,4,8,0,0,0,0,0,46523,17615,1885,46523,693411,0.0001,0.0,Low,Keep In Normal Delivery Rhythm.
Data Platform Orchestration,Data Engineering,apache/airflow,71632,https://github.com/apache/airflow/pull/71632,Pull Request,Bump eslint-plugin-react-refresh from 0.5.3 to 0.5.4 in /airflow-core/src/airflow/api_fastapi/auth/managers/simple/ui in the 3-3-auth-ui-package-updates group across 1 directory,closed,2026-08-14 16:55:24+00:00,2026-08-14 18:14:28+00:00,2026-08-14 18:13:28+00:00,4.32,0.05,4.27,1,3,area:API | javascript | dependencies,0,1,0,CONTRIBUTOR,3694,177,4,8,0,0,0,0,0,46523,17615,1885,46523,693411,0.0,0.0,Low,Keep In Normal Delivery Rhythm.
Data Platform Orchestration,Data Engineering,apache/airflow,71633,https://github.com/apache/airflow/pull/71633,Pull Request,Bump eslint-plugin-react-refresh from 0.5.3 to 0.5.4 in /dev/react-plugin-tools/react_plugin_template in the 3-3-ui-plugin-template-package-updates group across 1 directory,closed,2026-08-14 16:55:35+00:00,2026-08-14 20:57:43+00:00,2026-08-14 20:57:41+00:00,4.32,0.17,4.16,0,3,area:dev-tools | javascript | dependencies,0,0,0,CONTRIBUTOR,3689,172,4,8,0,0,0,0,0,46523,17615,1885,46523,693411,0.0001,0.0,Low,Keep In Normal Delivery Rhythm.
Data Platform Orchestration,Data Engineering,apache/airflow,71634,https://github.com/apache/airflow/pull/71634,Pull Request,Bump eslint-plugin-react-refresh from 0.5.3 to 0.5.4 in /providers/edge3/src/airflow/providers/edge3/plugins/www in the 3-3-edge-ui-package-updates group across 1 directory,closed,2026-08-14 16:55:46+00:00,2026-08-14 18:14:13+00:00,2026-08-14 18:13:11+00:00,4.32,0.05,4.27,1,4,area:providers | javascript | provider:edge | dependencies,0,1,0,CONTRIBUTOR,3689,172,4,8,0,0,0,0,0,46523,17615,1885,46523,693411,0.0,0.0,Low,Keep In Normal Delivery Rhythm.
Data Platform Orchestration,Data Engineering,apache/airflow,71635,https://github.com/apache/airflow/pull/71635,Pull Request,Bump eslint-plugin-react-refresh from 0.5.3 to 0.5.4 in /airflow-core/src/airflow/ui in the 3-3-core-ui-package-updates group across 1 directory,closed,2026-08-14 16:56:17+00:00,2026-08-14 20:58:02+00:00,2026-08-14 20:57:02+00:00,4.32,0.17,4.16,1,3,area:UI | javascript | dependencies,0,1,0,CONTRIBUTOR,3661,144,4,8,0,0,0,0,0,46523,17615,1885,46523,693411,0.0,0.0,Low,Keep In Normal Delivery Rhythm.
Language Ecosystem Delivery,Language Platform,rust-lang/rust,161107,https://github.com/rust-lang/rust/pull/161107,Pull Request,Add BTF relocation builtins,open,2026-08-14 16:57:35+00:00,2026-08-16 16:11:47+00:00,,4.32,4.32,2.35,7,6,A-LLVM | A-attributes | T-compiler | S-waiting-on-review | T-libs | A-test-infra-minicore,1,0,0,CONTRIBUTOR,2499,27,4,8,1,0,0,0,0,115595,15431,12711,115595,972236,0.0,0.0,Low,Keep In Normal Delivery Rhythm.
Data Platform Orchestration,Data Engineering,apache/airflow,71636,https://github.com/apache/airflow/pull/71636,Pull Request,Bump the java-sdk-dependency-updates group across 2 directories with 20 updates,closed,2026-08-14 16:59:08+00:00,2026-08-17 01:51:25+00:00,2026-08-17 01:51:23+00:00,4.32,2.37,1.95,2,3,dependencies | area:java-sdk | java,0,0,0,CONTRIBUTOR,65536,79,4,8,0,0,0,0,0,46523,17615,1885,46523,693411,0.0,0.0,Low,Keep In Normal Delivery Rhythm.
Data Platform Orchestration,Data Engineering,apache/airflow,71637,https://github.com/apache/airflow/pull/71637,Pull Request,Fix airflow-core tests that silently required the full provider set,open,2026-08-14 17:27:08+00:00,2026-08-17 23:49:21+00:00,,4.3,4.3,1.04,0,0,,0,0,0,CONTRIBUTOR,3541,67,4,8,0,0,0,0,0,46523,17615,1885,46523,693411,0.0,0.0,Low,Keep In Normal Delivery Rhythm.
Cloud Native Platform Reliability,Cloud Platform,kubernetes/kubernetes,141375,https://github.com/kubernetes/kubernetes/pull/141375,Pull Request,fix: count init container node allocatable DRA claim overhead only  towards peak resource calculation,open,2026-08-14 17:43:24+00:00,2026-08-18 11:57:31+00:00,,4.29,4.29,0.53,7,10,kind/bug | area/kubelet | sig/scheduling | sig/node | release-note | size/XL | kind/api-change | cncf-cla: yes | needs-priority | needs-triage,2,0,0,CONTRIBUTOR,3902,101,4,8,1,1,1,1,0,124580,43868,2952,124580,1510698,0.0007,0.1,Low,Keep In Normal Delivery Rhythm.
Data Platform Orchestration,Data Engineering,apache/airflow,71638,https://github.com/apache/airflow/pull/71638,Pull Request,[v3-3-test] Move SendGrid and SES email backend setup docs to their providers (#71571),closed,2026-08-14 17:45:11+00:00,2026-08-17 18:59:47+00:00,2026-08-17 18:59:44+00:00,4.29,3.05,1.24,2,5,provider:amazon | area:providers | area:dev-tools | kind:documentation | provider:sendgrid,0,0,0,CONTRIBUTOR,932,86,4,8,0,0,0,0,0,46523,17615,1885,46523,693411,0.0,0.0,Low,Keep In Normal Delivery Rhythm.
Runtime Platform Stabilization,Runtime Engineering,nodejs/node,65289,https://github.com/nodejs/node/pull/65289,Pull Request,esm: end-of-life DEP0151 main index lookup,open,2026-08-14 17:49:45+00:00,2026-08-14 19:32:56+00:00,,4.29,4.29,4.22,3,6,module | semver-major | notable-change | esm | deprecations | needs-ci,0,0,0,MEMBER,1900,42,4,8,1,0,0,0,0,119012,36525,1490,119012,1537562,0.0,0.0,Low,Keep In Normal Delivery Rhythm.
Cloud Native Platform Reliability,Cloud Platform,kubernetes/kubernetes,141376,https://github.com/kubernetes/kubernetes/pull/141376,Pull Request,Fix goroutine leak in TestStoreResourceVersionWithNonMetaTransform,closed,2026-08-14 18:25:53+00:00,2026-08-14 19:17:32+00:00,2026-08-14 18:55:42+00:00,4.26,0.02,4.23,7,8,sig/api-machinery | size/S | kind/flake | cncf-cla: no | needs-ok-to-test | do-not-merge/release-note-label-needed | needs-priority | needs-triage,0,0,0,NONE,1219,66,4,8,1,0,1,1,0,124580,43868,2952,124580,1510698,0.0,0.0,Low,Keep In Normal Delivery Rhythm.
Runtime Platform Stabilization,Runtime Engineering,nodejs/node,65290,https://github.com/nodejs/node/pull/65290,Pull Request,doc: add missing added entry for fs.lchmod,closed,2026-08-14 19:01:14+00:00,2026-08-14 19:12:39+00:00,2026-08-14 19:12:38+00:00,4.24,0.01,4.23,1,2,doc | fs,0,0,0,NONE,575,42,4,8,0,0,0,0,0,119012,36525,1490,119012,1537562,0.0,0.0,Low,Keep In Normal Delivery Rhythm.
Cloud Native Platform Reliability,Cloud Platform,kubernetes/kubernetes,141377,https://github.com/kubernetes/kubernetes/pull/141377,Pull Request,Fix goroutine leak in TestStoreResourceVersionWithNonMetaTransform,open,2026-08-14 19:13:56+00:00,2026-08-18 20:06:25+00:00,,4.23,4.23,0.19,8,8,sig/api-machinery | size/S | kind/flake | cncf-cla: yes | do-not-merge/release-note-label-needed | ok-to-test | needs-priority | needs-triage,1,0,0,NONE,1221,66,4,8,1,0,1,1,0,124580,43868,2952,124580,1510698,0.0001,0.0,Low,Keep In Normal Delivery Rhythm.
Language Ecosystem Delivery,Language Platform,rust-lang/rust,161108,https://github.com/rust-lang/rust/pull/161108,Pull Request,Rollup of 5 pull requests,closed,2026-08-14 19:33:17+00:00,2026-08-14 22:44:12+00:00,2026-08-14 21:55:38+00:00,4.21,0.1,4.08,5,7,A-testsuite | T-compiler | S-waiting-on-author | T-infra | rollup | T-libs | A-rustc-dev-guide,0,0,0,MEMBER,593,25,4,8,1,0,0,0,0,115595,15431,12711,115595,972236,0.0,0.0,Low,Keep In Normal Delivery Rhythm.
Language Ecosystem Delivery,Language Platform,rust-lang/rust,161109,https://github.com/rust-lang/rust/issues/161109,Issue,core lib request: Add a count/length method to `core::range::Range`,open,2026-08-14 19:42:39+00:00,2026-08-17 16:24:28+00:00,,4.21,4.21,1.35,1,2,needs-triage | F-new_range,0,0,0,CONTRIBUTOR,699,67,4,8,1,0,0,1,0,115595,15431,12711,115595,972236,0.0,0.0,Low,Keep In Normal Delivery Rhythm.
Cloud Native Platform Reliability,Cloud Platform,kubernetes/kubernetes,141378,https://github.com/kubernetes/kubernetes/pull/141378,Pull Request,apiserver: improve performance of streamed list responses via buffering,closed,2026-08-14 19:46:39+00:00,2026-08-18 15:44:15+00:00,2026-08-18 15:35:27+00:00,4.21,3.83,0.37,7,10,area/apiserver | sig/api-machinery | release-note | size/XL | kind/feature | cncf-cla: yes | needs-ok-to-test | do-not-merge/work-in-progress | needs-priority | needs-triage,0,0,0,NONE,24052,71,4,8,1,0,1,1,0,124580,43868,2952,124580,1510698,0.0005,0.0,Low,Keep In Normal Delivery Rhythm.
Data Platform Orchestration,Data Engineering,apache/airflow,71639,https://github.com/apache/airflow/pull/71639,Pull Request,Fix lang-SDK k8s test on release branches by using their own SDKs,closed,2026-08-14 20:04:20+00:00,2026-08-15 03:45:27+00:00,2026-08-15 03:44:06+00:00,4.19,0.32,3.87,1,3,area:dev-tools | area:kubernetes-tests | backport-to-v3-3-test,0,0,0,MEMBER,1267,65,4,8,0,0,0,0,0,46523,17615,1885,46523,693411,0.0,0.0,Low,Keep In Normal Delivery Rhythm.
Data Platform Orchestration,Data Engineering,apache/airflow,71640,https://github.com/apache/airflow/pull/71640,Pull Request,[v3-3-test] Fix lang-SDK k8s test by using the branch's own SDKs,closed,2026-08-14 20:04:36+00:00,2026-08-14 21:23:34+00:00,2026-08-14 21:23:31+00:00,4.19,0.05,4.14,0,2,area:dev-tools | area:kubernetes-tests,0,0,0,MEMBER,1087,64,4,8,0,0,0,0,0,46523,17615,1885,46523,693411,0.0,0.0,Low,Keep In Normal Delivery Rhythm.
Language Ecosystem Delivery,Language Platform,rust-lang/rust,161110,https://github.com/rust-lang/rust/issues/161110,Issue,std::autodiff fails in forward-over-reverse in wasm,open,2026-08-14 20:12:30+00:00,2026-08-15 09:25:06+00:00,,4.19,4.19,3.64,0,3,O-wasm | C-bug | F-autodiff,0,0,0,NONE,4319,51,4,8,0,1,0,0,0,115595,15431,12711,115595,972236,0.0,0.0,Low,Keep In Normal Delivery Rhythm.
Runtime Platform Stabilization,Runtime Engineering,nodejs/node,65291,https://github.com/nodejs/node/pull/65291,Pull Request,[v24.x] async_hooks: add using scopes to AsyncLocalStorage,open,2026-08-14 20:12:34+00:00,2026-08-14 22:40:28+00:00,,4.19,4.19,4.08,1,3,needs-ci | async_local_storage | v24.x,0,0,0,MEMBER,2458,58,4,8,1,0,0,0,0,119012,36525,1490,119012,1537562,0.0001,0.0,Low,Keep In Normal Delivery Rhythm.
Language Ecosystem Delivery,Language Platform,rust-lang/rust,161111,https://github.com/rust-lang/rust/pull/161111,Pull Request,Take bors try-perf branch into account in verify-channel.sh,closed,2026-08-14 20:18:55+00:00,2026-08-15 15:50:36+00:00,2026-08-15 13:42:32+00:00,4.18,0.72,3.37,3,4,A-testsuite | S-waiting-on-bors | T-infra | A-CI,1,1,0,MEMBER,89,59,4,8,1,0,0,0,0,115595,15431,12711,115595,972236,0.0,0.0,Low,Keep In Normal Delivery Rhythm.
Cloud Native Platform Reliability,Cloud Platform,kubernetes/kubernetes,141379,https://github.com/kubernetes/kubernetes/pull/141379,Pull Request,e2e: make service NodePort range configurable,open,2026-08-14 20:40:05+00:00,2026-08-17 18:48:47+00:00,,4.17,4.17,1.25,5,14,area/test | sig/network | release-note | size/L | kind/feature | cncf-cla: yes | sig/testing | needs-ok-to-test | sig/release | sig/architecture | area/conformance | needs-priority | area/e2e-test-framework | needs-triage,0,0,0,NONE,905,45,4,8,1,0,1,1,0,124580,43868,2952,124580,1510698,0.0079,0.8,Low,Keep In Normal Delivery Rhythm.
Cloud Native Platform Reliability,Cloud Platform,kubernetes/kubernetes,141380,https://github.com/kubernetes/kubernetes/issues/141380,Issue,Job controller fails to create PodGroups/Workloads when nested within a JobSet,open,2026-08-14 20:52:43+00:00,2026-08-18 11:14:20+00:00,,4.16,4.16,0.56,9,5,kind/bug | sig/scheduling | sig/apps | triage/accepted | wg/workload-aware-scheduling,0,0,0,CONTRIBUTOR,4637,78,4,8,0,1,0,1,0,124580,43868,2952,124580,1510698,0.0004,0.0,Low,Keep In Normal Delivery Rhythm.
Runtime Platform Stabilization,Runtime Engineering,nodejs/node,65292,https://github.com/nodejs/node/pull/65292,Pull Request,http: add serve() with NodeRequest and NodeResponse,open,2026-08-14 21:05:29+00:00,2026-08-16 01:28:41+00:00,,4.15,4.15,2.97,8,7,http | https | lib / src | experimental | http2 | needs-ci | http3,0,0,0,MEMBER,1040,51,4,8,1,0,0,0,0,119012,36525,1490,119012,1537562,0.0,0.0,Low,Keep In Normal Delivery Rhythm.
Data Platform Orchestration,Data Engineering,apache/airflow,71641,https://github.com/apache/airflow/issues/71641,Issue,Drop airflow-core's own dev-group dependency on 6 providers,open,2026-08-14 21:22:14+00:00,2026-08-14 21:24:19+00:00,,4.14,4.14,4.14,0,1,area:core,0,0,0,CONTRIBUTOR,2705,59,4,8,0,0,0,0,0,46523,17615,1885,46523,693411,0.0,0.0,Low,Keep In Normal Delivery Rhythm.
Language Ecosystem Delivery,Language Platform,rust-lang/rust,161112,https://github.com/rust-lang/rust/pull/161112,Pull Request,rustc.1: `-O` is `-C opt-level=3`,closed,2026-08-14 21:43:12+00:00,2026-08-15 02:06:10+00:00,2026-08-15 02:06:07+00:00,4.12,0.18,3.94,4,2,T-compiler | S-waiting-on-bors,1,1,0,MEMBER,55,33,4,8,1,0,0,0,0,115595,15431,12711,115595,972236,0.0,0.0,Low,Keep In Normal Delivery Rhythm.
Runtime Platform Stabilization,Runtime Engineering,nodejs/node,65293,https://github.com/nodejs/node/pull/65293,Pull Request,module: do not split a portable compile cache by uid,open,2026-08-14 21:47:30+00:00,2026-08-17 19:34:10+00:00,,4.12,4.12,1.21,7,2,c++ | commit-queue,0,0,0,MEMBER,1276,52,4,8,0,0,0,0,0,119012,36525,1490,119012,1537562,0.0,0.0,Low,Keep In Normal Delivery Rhythm.
Language Ecosystem Delivery,Language Platform,rust-lang/rust,161113,https://github.com/rust-lang/rust/pull/161113,Pull Request,Rollup of 6 pull requests,closed,2026-08-14 21:55:11+00:00,2026-08-15 02:49:24+00:00,2026-08-15 02:06:06+00:00,4.12,0.17,3.91,8,7,A-testsuite | T-compiler | T-infra | merged-by-bors | rollup | T-libs | A-rustc-dev-guide,0,1,0,MEMBER,661,25,4,8,0,0,0,0,0,115595,15431,12711,115595,972236,0.0,0.0,Low,Keep In Normal Delivery Rhythm.
Language Ecosystem Delivery,Language Platform,rust-lang/rust,161114,https://github.com/rust-lang/rust/pull/161114,Pull Request,"Remove fields from TypeKind: Struct, Enum, Union and Tuple",open,2026-08-14 22:18:12+00:00,2026-08-18 20:24:26+00:00,,4.1,4.1,0.18,4,3,T-compiler | S-waiting-on-bors | T-libs,1,0,0,CONTRIBUTOR,1333,58,4,8,1,0,0,0,0,115595,15431,12711,115595,972236,0.0,0.0,Low,Keep In Normal Delivery Rhythm.
Runtime Platform Stabilization,Runtime Engineering,nodejs/node,65294,https://github.com/nodejs/node/pull/65294,Pull Request,sqlite: reject reentry while binding parameters,open,2026-08-14 22:49:42+00:00,2026-08-15 01:26:33+00:00,,4.08,4.08,3.97,2,3,c++ | needs-ci | sqlite,0,0,0,CONTRIBUTOR,1647,47,4,8,1,0,0,0,0,119012,36525,1490,119012,1537562,0.0001,0.0,Low,Keep In Normal Delivery Rhythm.
Data Platform Orchestration,Data Engineering,apache/airflow,71642,https://github.com/apache/airflow/pull/71642,Pull Request,Fail stranded Dag runs instead of holding a max_active_runs slot,open,2026-08-14 23:07:57+00:00,2026-08-14 23:20:42+00:00,,4.07,4.07,4.06,1,0,,0,0,0,NONE,4619,64,4,8,0,0,0,0,0,46523,17615,1885,46523,693411,0.0,0.0,Low,Keep In Normal Delivery Rhythm.
Cloud Native Platform Reliability,Cloud Platform,kubernetes/kubernetes,141381,https://github.com/kubernetes/kubernetes/pull/141381,Pull Request,node: give the node authorizer its own Pod watch,open,2026-08-14 23:20:54+00:00,2026-08-15 00:07:01+00:00,,4.06,4.06,4.02,7,11,area/apiserver | sig/api-machinery | size/L | sig/auth | cncf-cla: yes | needs-ok-to-test | do-not-merge/release-note-label-needed | do-not-merge/work-in-progress | needs-priority | needs-triage | do-not-merge/needs-kind,0,0,0,NONE,1392,48,4,8,1,0,1,1,0,124580,43868,2952,124580,1510698,0.0012,0.1,Low,Keep In Normal Delivery Rhythm.
Language Ecosystem Delivery,Language Platform,rust-lang/rust,161115,https://github.com/rust-lang/rust/pull/161115,Pull Request,Assorted allocator nitpicks,open,2026-08-14 23:22:13+00:00,2026-08-18 19:49:07+00:00,,4.06,4.06,0.2,22,2,S-waiting-on-bors | T-libs,1,0,0,MEMBER,414,27,4,8,1,0,0,0,0,115595,15431,12711,115595,972236,0.0,0.0,Low,Keep In Normal Delivery Rhythm.
Cloud Native Platform Reliability,Cloud Platform,kubernetes/kubernetes,141382,https://github.com/kubernetes/kubernetes/issues/141382,Issue,garbagecollector: objects with a solid owner get reprocessed indefinitely at high frequency instead of being forgotten,closed,2026-08-14 23:23:17+00:00,2026-08-14 23:36:11+00:00,2026-08-14 23:36:11+00:00,4.06,0.01,4.05,2,2,needs-sig | needs-triage,0,0,0,NONE,7433,118,4,8,1,0,0,1,0,124580,43868,2952,124580,1510698,0.0,0.0,Low,Keep In Normal Delivery Rhythm.
Cloud Native Platform Reliability,Cloud Platform,kubernetes/kubernetes,141383,https://github.com/kubernetes/kubernetes/pull/141383,Pull Request,validation-gen: Support maps of pointers,open,2026-08-14 23:36:40+00:00,2026-08-18 20:05:20+00:00,,4.05,4.05,0.19,5,9,sig/api-machinery | size/XL | kind/feature | release-note-none | approved | cncf-cla: yes | area/code-generation | needs-priority | triage/accepted,2,0,0,MEMBER,258,40,4,8,1,0,1,1,0,124580,43868,2952,124580,1510698,0.0035,0.3,Low,Keep In Normal Delivery Rhythm.
Language Ecosystem Delivery,Language Platform,rust-lang/rust,161116,https://github.com/rust-lang/rust/pull/161116,Pull Request,[DO NOT MERGE] Check that binutils add is working,closed,2026-08-14 23:38:51+00:00,2026-08-15 10:50:44+00:00,2026-08-15 10:50:42+00:00,4.04,0.47,3.58,5,3,A-testsuite | T-infra | A-CI,0,0,0,MEMBER,208,49,4,8,0,0,0,0,0,115595,15431,12711,115595,972236,0.0,0.0,Low,Keep In Normal Delivery Rhythm.
Language Ecosystem Delivery,Language Platform,rust-lang/rust,161117,https://github.com/rust-lang/rust/issues/161117,Issue,on X86 SysV the ABI of an empty struct is different from Clang and GCC,open,2026-08-14 23:40:56+00:00,2026-08-17 12:40:36+00:00,,4.04,4.04,1.5,4,2,C-bug | A-ABI,0,0,0,CONTRIBUTOR,559,70,4,8,0,1,0,0,0,115595,15431,12711,115595,972236,0.0,0.0,Low,Keep In Normal Delivery Rhythm.
Language Ecosystem Delivery,Language Platform,rust-lang/rust,161118,https://github.com/rust-lang/rust/pull/161118,Pull Request,bootstrap experiments: improve the offload device runtime build and install,open,2026-08-14 23:52:38+00:00,2026-08-16 21:11:22+00:00,,4.03,4.03,2.15,0,3,T-bootstrap | S-waiting-on-author | A-rustc-dev-guide,0,0,0,MEMBER,1508,75,4,8,1,0,0,0,0,115595,15431,12711,115595,972236,0.0,0.0,Low,Keep In Normal Delivery Rhythm.
Language Ecosystem Delivery,Language Platform,rust-lang/rust,161119,https://github.com/rust-lang/rust/pull/161119,Pull Request,Checked/wrapping/unbounded funnel shifts,open,2026-08-15 00:55:54+00:00,2026-08-15 01:02:51+00:00,,3.99,3.99,3.99,2,3,S-waiting-on-review | T-libs | S-waiting-on-ACP,1,0,0,CONTRIBUTOR,1833,40,5,8,1,0,0,0,0,115595,15431,12711,115595,972236,0.0,0.0,Low,Keep In Normal Delivery Rhythm.
Cloud Native Platform Reliability,Cloud Platform,kubernetes/kubernetes,141384,https://github.com/kubernetes/kubernetes/pull/141384,Pull Request,kubectl: match kuberc defaults by full command path,closed,2026-08-15 01:04:36+00:00,2026-08-15 04:45:16+00:00,2026-08-15 04:45:16+00:00,3.98,0.15,3.83,7,9,kind/bug | area/kubectl | release-note | size/M | sig/cli | cncf-cla: yes | needs-ok-to-test | needs-priority | needs-triage,0,0,0,NONE,1192,51,5,8,1,1,1,1,0,124580,43868,2952,124580,1510698,0.9147,91.5,High,"Escalate Blocker, Confirm Owner, And Add Executive Visibility This Week."
Data Platform Orchestration,Data Engineering,apache/airflow,71643,https://github.com/apache/airflow/pull/71643,Pull Request,Collect the test classes pytest silently skipped,open,2026-08-15 01:34:19+00:00,2026-08-18 06:48:53+00:00,,3.96,3.96,0.75,0,3,provider:google | area:providers | provider:apache-hive,0,0,0,MEMBER,3429,48,5,8,0,0,0,0,0,46523,17615,1885,46523,693411,0.0,0.0,Low,Keep In Normal Delivery Rhythm.
Runtime Platform Stabilization,Runtime Engineering,nodejs/node,65295,https://github.com/nodejs/node/pull/65295,Pull Request,doc: fix typo in onboarding.md,closed,2026-08-15 01:41:50+00:00,2026-08-17 02:01:36+00:00,2026-08-17 01:59:53+00:00,3.96,2.01,1.95,4,2,doc | author ready,0,0,0,CONTRIBUTOR,2238,30,5,8,0,0,0,0,0,119012,36525,1490,119012,1537562,0.0,0.0,Low,Keep In Normal Delivery Rhythm.
Language Ecosystem Delivery,Language Platform,rust-lang/rust,161120,https://github.com/rust-lang/rust/pull/161120,Pull Request,Rollup of 10 pull requests,closed,2026-08-15 01:55:34+00:00,2026-08-15 05:09:35+00:00,2026-08-15 03:44:20+00:00,3.95,0.08,3.81,6,12,A-testsuite | T-rustdoc | T-compiler | S-waiting-on-author | T-infra | rollup | A-meta | T-libs | A-CI | T-rustdoc-frontend | A-rustc-dev-guide | A-compiler-builtins,0,0,0,MEMBER,968,26,5,8,1,0,0,0,0,115595,15431,12711,115595,972236,0.0,0.0,Low,Keep In Normal Delivery Rhythm.
Data Platform Orchestration,Data Engineering,apache/airflow,71644,https://github.com/apache/airflow/pull/71644,Pull Request,Honor impersonation_chain in deferred Cloud Build tasks,open,2026-08-15 03:28:50+00:00,2026-08-15 03:28:58+00:00,,3.88,3.88,3.88,0,2,provider:google | area:providers,0,0,0,CONTRIBUTOR,1735,55,5,8,0,0,0,0,0,46523,17615,1885,46523,693411,0.0,0.0,Low,Keep In Normal Delivery Rhythm.
Language Ecosystem Delivery,Language Platform,rust-lang/rust,161121,https://github.com/rust-lang/rust/pull/161121,Pull Request,Update cargo submodule,closed,2026-08-15 03:34:08+00:00,2026-08-15 18:29:11+00:00,2026-08-15 16:56:37+00:00,3.88,0.56,3.26,7,1,merged-by-bors,0,1,0,MEMBER,637,22,5,8,0,0,0,0,0,115595,15431,12711,115595,972236,0.0,0.0,Low,Keep In Normal Delivery Rhythm.
Language Ecosystem Delivery,Language Platform,rust-lang/rust,161122,https://github.com/rust-lang/rust/pull/161122,Pull Request,Rollup of 4 pull requests,closed,2026-08-15 03:44:38+00:00,2026-08-15 08:49:00+00:00,2026-08-15 08:48:56+00:00,3.87,0.21,3.66,8,11,A-testsuite | T-rustdoc | T-compiler | S-waiting-on-author | T-infra | rollup | A-meta | T-libs | A-CI | T-rustdoc-frontend | A-compiler-builtins,0,0,0,MEMBER,461,25,5,8,1,0,0,0,0,115595,15431,12711,115595,972236,0.0,0.0,Low,Keep In Normal Delivery Rhythm.
Data Platform Orchestration,Data Engineering,apache/airflow,71645,https://github.com/apache/airflow/pull/71645,Pull Request,Add SSL cipher list option to the api server,open,2026-08-15 03:55:59+00:00,2026-08-15 15:02:15+00:00,,3.87,3.87,3.4,0,2,area:CLI | area:ConfigTemplates,0,0,0,CONTRIBUTOR,2696,44,5,8,0,0,0,0,0,46523,17615,1885,46523,693411,0.0001,0.0,Low,Keep In Normal Delivery Rhythm.
Runtime Platform Stabilization,Runtime Engineering,nodejs/node,65296,https://github.com/nodejs/node/pull/65296,Pull Request,http: use intrusive lists in ConnectionsList,open,2026-08-15 04:05:15+00:00,2026-08-17 18:09:20+00:00,,3.86,3.86,1.27,6,5,c++ | http_parser | author ready | needs-ci | commit-queue-failed,0,0,0,MEMBER,2109,44,5,8,1,0,0,0,0,119012,36525,1490,119012,1537562,0.0001,0.0,Low,Keep In Normal Delivery Rhythm.
Cloud Native Platform Reliability,Cloud Platform,kubernetes/kubernetes,141385,https://github.com/kubernetes/kubernetes/pull/141385,Pull Request,Remove optimistic MountedByNode default in AddVolumeNode,open,2026-08-15 04:37:51+00:00,2026-08-16 05:08:23+00:00,,3.84,3.84,2.82,6,9,kind/bug | kind/cleanup | sig/storage | release-note | size/L | sig/apps | cncf-cla: yes | needs-priority | needs-triage,0,0,0,CONTRIBUTOR,6759,56,5,8,1,1,1,1,0,124580,43868,2952,124580,1510698,0.0012,0.1,Low,Keep In Normal Delivery Rhythm.
Data Platform Orchestration,Data Engineering,apache/airflow,71646,https://github.com/apache/airflow/pull/71646,Pull Request,Use the configured region for deferred Neptune cluster tasks,open,2026-08-15 04:37:53+00:00,2026-08-18 04:30:44+00:00,,3.84,3.84,0.84,3,2,provider:amazon | area:providers,0,0,0,CONTRIBUTOR,2355,60,5,8,0,0,0,0,0,46523,17615,1885,46523,693411,0.0,0.0,Low,Keep In Normal Delivery Rhythm.
Data Platform Orchestration,Data Engineering,apache/airflow,71647,https://github.com/apache/airflow/pull/71647,Pull Request,Keep OpenAPI error responses in sync with the statuses routes raise,open,2026-08-15 04:40:07+00:00,2026-08-15 04:40:12+00:00,,3.84,3.84,3.83,1,5,area:dev-tools | area:API | area:UI | area:task-sdk | backport-to-v3-3-test,0,0,0,NONE,4202,67,5,8,0,0,0,0,0,46523,17615,1885,46523,693411,0.0,0.0,Low,Keep In Normal Delivery Rhythm.
Runtime Platform Stabilization,Runtime Engineering,nodejs/node,65297,https://github.com/nodejs/node/issues/65297,Issue,"allowScripts is not mentioning where scripts that need review are, but it should list what needs a review",closed,2026-08-15 04:43:18+00:00,2026-08-18 15:11:59+00:00,2026-08-15 06:23:43+00:00,3.83,0.07,0.4,3,2,npm | wrong repo,0,0,0,CONTRIBUTOR,759,105,5,8,0,0,0,0,0,119012,36525,1490,119012,1537562,0.0014,0.1,Low,Keep In Normal Delivery Rhythm.
Runtime Platform Stabilization,Runtime Engineering,nodejs/node,65298,https://github.com/nodejs/node/issues/65298,Issue,stream/iter: Broadcast and Share leak consumers for invalid or pre-aborted signals,closed,2026-08-15 04:45:55+00:00,2026-08-17 05:02:55+00:00,2026-08-17 05:02:55+00:00,3.83,2.01,1.82,0,1,stream,1,0,0,MEMBER,2122,82,5,8,0,0,0,0,0,119012,36525,1490,119012,1537562,0.0,0.0,Low,Keep In Normal Delivery Rhythm.
Runtime Platform Stabilization,Runtime Engineering,nodejs/node,65299,https://github.com/nodejs/node/pull/65299,Pull Request,stream: avoid leaking consumers on signal failure,closed,2026-08-15 04:49:29+00:00,2026-08-17 05:02:57+00:00,2026-08-17 05:02:54+00:00,3.83,2.01,1.82,6,3,stream | author ready | needs-ci,0,0,0,MEMBER,395,49,5,8,1,0,0,0,0,119012,36525,1490,119012,1537562,0.0001,0.0,Low,Keep In Normal Delivery Rhythm.
Language Ecosystem Delivery,Language Platform,rust-lang/rust,161123,https://github.com/rust-lang/rust/pull/161123,Pull Request,bootstrap: Clean up some inconsistent imports and paths,closed,2026-08-15 05:47:32+00:00,2026-08-15 14:10:48+00:00,2026-08-15 13:42:32+00:00,3.79,0.33,3.44,3,3,A-testsuite | T-bootstrap | S-waiting-on-bors,1,1,0,MEMBER,241,55,5,8,1,0,0,0,0,115595,15431,12711,115595,972236,0.0,0.0,Low,Keep In Normal Delivery Rhythm.
Data Platform Orchestration,Data Engineering,apache/airflow,71648,https://github.com/apache/airflow/pull/71648,Pull Request,Apply impersonation_chain to deferred BigQuery existence checks,open,2026-08-15 05:52:17+00:00,2026-08-18 03:35:56+00:00,,3.78,3.78,0.88,1,2,provider:google | area:providers,0,0,0,CONTRIBUTOR,2275,63,5,8,0,0,0,0,0,46523,17615,1885,46523,693411,0.0,0.0,Low,Keep In Normal Delivery Rhythm.
Runtime Platform Stabilization,Runtime Engineering,nodejs/node,65300,https://github.com/nodejs/node/pull/65300,Pull Request,test: wait for FFI background optimization,closed,2026-08-15 05:53:52+00:00,2026-08-16 16:01:29+00:00,2026-08-15 18:20:34+00:00,3.78,0.52,2.36,7,6,test | flaky-test | fast-track | author ready | needs-ci | ffi,0,0,0,MEMBER,495,42,5,8,1,0,0,0,0,119012,36525,1490,119012,1537562,0.0002,0.0,Low,Keep In Normal Delivery Rhythm.
Language Ecosystem Delivery,Language Platform,rust-lang/rust,161124,https://github.com/rust-lang/rust/pull/161124,Pull Request,Fix missed embedded-payload niche enum optimization (size: enums),closed,2026-08-15 06:29:54+00:00,2026-08-15 06:33:41+00:00,2026-08-15 06:32:09+00:00,3.76,0.0,3.76,3,4,A-LLVM | T-compiler | has-merge-commits | A-run-make,1,0,0,NONE,1432,65,5,8,0,0,0,0,0,115595,15431,12711,115595,972236,0.0,0.0,Low,Keep In Normal Delivery Rhythm.
Language Ecosystem Delivery,Language Platform,rust-lang/rust,161125,https://github.com/rust-lang/rust/pull/161125,Pull Request,fix buggy MaybeDangling<&T> validation logic,closed,2026-08-15 06:54:52+00:00,2026-08-18 13:41:15+00:00,2026-08-15 23:24:22+00:00,3.74,0.69,0.46,11,4,beta-nominated | beta-accepted | T-compiler | S-waiting-on-bors,1,1,0,MEMBER,185,44,5,8,1,0,0,0,0,115595,15431,12711,115595,972236,0.0001,0.0,Low,Keep In Normal Delivery Rhythm.
Data Platform Orchestration,Data Engineering,apache/airflow,71649,https://github.com/apache/airflow/pull/71649,Pull Request,Keep MSGraph request configuration across paginated pages,closed,2026-08-15 07:01:28+00:00,2026-08-17 06:13:09+00:00,2026-08-17 06:12:54+00:00,3.74,1.97,1.77,4,2,provider:microsoft-azure | area:providers,0,0,0,CONTRIBUTOR,2001,57,5,8,0,0,0,0,0,46523,17615,1885,46523,693411,0.0,0.0,Low,Keep In Normal Delivery Rhythm.
Cloud Native Platform Reliability,Cloud Platform,kubernetes/kubernetes,141386,https://github.com/kubernetes/kubernetes/pull/141386,Pull Request,job: fix delegated PodGroup creation window closing prematurely,open,2026-08-15 07:21:06+00:00,2026-08-18 15:48:24+00:00,,3.72,3.72,0.37,13,10,kind/bug | area/test | release-note | size/L | sig/apps | cncf-cla: yes | sig/testing | ok-to-test | needs-priority | needs-triage,1,0,0,NONE,2058,63,5,8,1,1,1,1,0,124580,43868,2952,124580,1510698,0.0316,3.2,Low,Keep In Normal Delivery Rhythm.
Runtime Platform Stabilization,Runtime Engineering,nodejs/node,65301,https://github.com/nodejs/node/pull/65301,Pull Request,stream: support ArrayBufferView in Utf8Stream write() buffer mode,open,2026-08-15 07:40:21+00:00,2026-08-15 09:13:52+00:00,,3.71,3.71,3.64,2,2,stream | needs-ci,0,0,0,CONTRIBUTOR,2694,65,5,8,1,0,0,0,0,119012,36525,1490,119012,1537562,0.0001,0.0,Low,Keep In Normal Delivery Rhythm.
Language Ecosystem Delivery,Language Platform,rust-lang/rust,161126,https://github.com/rust-lang/rust/pull/161126,Pull Request,Perf: Clear the param env for more global trait goals,closed,2026-08-15 08:25:16+00:00,2026-08-17 07:57:29+00:00,2026-08-17 07:47:11+00:00,3.68,1.97,1.7,4,2,T-compiler | T-types,1,0,0,NONE,1378,53,5,8,0,0,0,0,0,115595,15431,12711,115595,972236,0.0,0.0,Low,Keep In Normal Delivery Rhythm.
Cloud Native Platform Reliability,Cloud Platform,kubernetes/kubernetes,141387,https://github.com/kubernetes/kubernetes/pull/141387,Pull Request,scheduler: fix shadowed feature flags in NodeResourcesFit,open,2026-08-15 08:35:03+00:00,2026-08-15 08:36:10+00:00,,3.67,3.67,3.67,6,9,kind/bug | sig/scheduling | release-note | size/M | cncf-cla: no | needs-ok-to-test | needs-priority | kind/regression | needs-triage,0,0,0,NONE,5285,57,5,8,1,1,1,1,0,124580,43868,2952,124580,1510698,0.0069,0.7,Low,Keep In Normal Delivery Rhythm.
Language Ecosystem Delivery,Language Platform,rust-lang/rust,161127,https://github.com/rust-lang/rust/pull/161127,Pull Request,Make ShardedHashMap::with_capacity split capacity between shards,closed,2026-08-15 08:40:53+00:00,2026-08-17 09:51:11+00:00,2026-08-17 08:57:23+00:00,3.67,2.01,1.62,12,2,T-compiler | S-waiting-on-bors,1,1,0,CONTRIBUTOR,304,64,5,8,1,0,0,0,0,115595,15431,12711,115595,972236,0.0001,0.0,Low,Keep In Normal Delivery Rhythm.
Cloud Native Platform Reliability,Cloud Platform,kubernetes/kubernetes,141388,https://github.com/kubernetes/kubernetes/issues/141388,Issue,Strategic merge patch conflict detection fails with an internal schema-lookup error on $deleteFromPrimitiveList/<field> (kubectl apply --overwrite=false),open,2026-08-15 08:48:12+00:00,2026-08-15 08:48:20+00:00,,3.66,3.66,3.66,1,3,kind/bug | sig/api-machinery | needs-triage,0,0,0,NONE,4382,153,5,8,1,1,0,1,0,124580,43868,2952,124580,1510698,0.0155,1.5,Low,Keep In Normal Delivery Rhythm.
Language Ecosystem Delivery,Language Platform,rust-lang/rust,161128,https://github.com/rust-lang/rust/pull/161128,Pull Request,Rollup of 5 pull requests,closed,2026-08-15 08:48:27+00:00,2026-08-15 14:42:44+00:00,2026-08-15 13:42:31+00:00,3.66,0.2,3.42,8,12,A-testsuite | T-rustdoc | T-compiler | T-bootstrap | T-infra | merged-by-bors | rollup | A-meta | T-libs | A-CI | T-rustdoc-frontend | A-compiler-builtins,0,1,0,MEMBER,551,25,5,8,0,0,0,0,0,115595,15431,12711,115595,972236,0.0,0.0,Low,Keep In Normal Delivery Rhythm.
Cloud Native Platform Reliability,Cloud Platform,kubernetes/kubernetes,141389,https://github.com/kubernetes/kubernetes/pull/141389,Pull Request,Fix strategic merge patch conflict detection for primitive list directives,closed,2026-08-15 08:48:30+00:00,2026-08-15 08:54:01+00:00,2026-08-15 08:53:49+00:00,3.66,0.0,3.66,5,8,kind/bug | sig/api-machinery | release-note | size/L | cncf-cla: yes | needs-ok-to-test | needs-priority | needs-triage,0,0,0,NONE,4589,74,5,8,1,1,1,1,0,124580,43868,2952,124580,1510698,0.0133,1.3,Low,Keep In Normal Delivery Rhythm.
Cloud Native Platform Reliability,Cloud Platform,kubernetes/kubernetes,141390,https://github.com/kubernetes/kubernetes/pull/141390,Pull Request,Fix strategic merge patch conflict detection for primitive list directives,open,2026-08-15 08:53:51+00:00,2026-08-15 08:54:54+00:00,,3.66,3.66,3.66,4,8,kind/bug | sig/api-machinery | release-note | size/L | cncf-cla: yes | needs-ok-to-test | needs-priority | needs-triage,0,0,0,NONE,4589,74,5,8,1,1,1,1,0,124580,43868,2952,124580,1510698,0.0153,1.5,Low,Keep In Normal Delivery Rhythm.
Runtime Platform Stabilization,Runtime Engineering,nodejs/node,65302,https://github.com/nodejs/node/pull/65302,Pull Request,module: add a read-only mode to the compile cache,open,2026-08-15 08:56:32+00:00,2026-08-18 14:41:39+00:00,,3.66,3.66,0.42,4,3,c++ | lib / src | commit-queue-failed,0,0,0,MEMBER,1536,49,5,8,0,0,0,0,0,119012,36525,1490,119012,1537562,0.0,0.0,Low,Keep In Normal Delivery Rhythm.
Data Platform Orchestration,Data Engineering,apache/airflow,71650,https://github.com/apache/airflow/pull/71650,Pull Request,Switch official Docker images to Debian Trixie,open,2026-08-15 09:04:57+00:00,2026-08-18 21:12:32+00:00,,3.65,3.65,0.15,0,4,area:dev-tools | kind:documentation | area:production-image | backport-to-v3-3-test,0,0,0,CONTRIBUTOR,2501,46,5,8,0,0,0,0,0,46523,17615,1885,46523,693411,0.0002,0.0,Low,Keep In Normal Delivery Rhythm.
Cloud Native Platform Reliability,Cloud Platform,kubernetes/kubernetes,141391,https://github.com/kubernetes/kubernetes/pull/141391,Pull Request,client-go: disambiguate colliding Event names on coarse timers,open,2026-08-15 09:06:57+00:00,2026-08-15 18:29:17+00:00,,3.65,3.65,3.26,6,8,kind/bug | sig/api-machinery | size/M | release-note-none | cncf-cla: yes | needs-ok-to-test | needs-priority | needs-triage,0,0,0,NONE,1626,62,5,8,1,1,1,1,0,124580,43868,2952,124580,1510698,0.0022,0.2,Low,Keep In Normal Delivery Rhythm.
Language Ecosystem Delivery,Language Platform,rust-lang/rust,161129,https://github.com/rust-lang/rust/pull/161129,Pull Request,Avoid ICE when recovering parenthesized type parameters,closed,2026-08-15 09:26:41+00:00,2026-08-18 16:06:14+00:00,2026-08-18 16:06:09+00:00,3.64,3.28,0.36,5,2,T-compiler | S-waiting-on-bors,1,1,0,CONTRIBUTOR,195,55,5,8,1,0,0,0,0,115595,15431,12711,115595,972236,0.0,0.0,Low,Keep In Normal Delivery Rhythm.
Language Ecosystem Delivery,Language Platform,rust-lang/rust,161130,https://github.com/rust-lang/rust/pull/161130,Pull Request,Perf: Only scan the affected suffix of the provisional cache,closed,2026-08-15 09:40:43+00:00,2026-08-17 05:00:51+00:00,2026-08-17 05:00:48+00:00,3.63,1.81,1.82,2,1,T-compiler,1,0,0,NONE,1082,60,5,8,0,0,0,0,0,115595,15431,12711,115595,972236,0.0001,0.0,Low,Keep In Normal Delivery Rhythm.
Cloud Native Platform Reliability,Cloud Platform,kubernetes/kubernetes,141392,https://github.com/kubernetes/kubernetes/pull/141392,Pull Request,scheduler: populate pod NodeUID during binding,open,2026-08-15 10:51:19+00:00,2026-08-18 15:24:06+00:00,,3.58,3.58,0.39,7,13,sig/scheduling | sig/node | sig/api-machinery | size/L | kind/api-change | kind/feature | sig/apps | cncf-cla: yes | needs-ok-to-test | do-not-merge/release-note-label-needed | area/code-generation | needs-priority | needs-triage,0,0,0,NONE,1339,46,5,8,1,0,1,1,0,124580,43868,2952,124580,1510698,0.5422,54.2,Medium,"Monitor Aging, Confirm Milestone Fit, And Refresh Status Evidence."
Language Ecosystem Delivery,Language Platform,rust-lang/rust,161131,https://github.com/rust-lang/rust/pull/161131,Pull Request,Check associated const binding types,open,2026-08-15 11:11:00+00:00,2026-08-18 14:04:46+00:00,,3.56,3.56,0.44,20,3,T-compiler | S-waiting-on-review | WG-trait-system-refactor,1,0,0,CONTRIBUTOR,421,36,5,8,1,0,0,0,0,115595,15431,12711,115595,972236,0.0,0.0,Low,Keep In Normal Delivery Rhythm.
Runtime Platform Stabilization,Runtime Engineering,nodejs/node,65303,https://github.com/nodejs/node/pull/65303,Pull Request,doc: remove outdated WASI version fallback,open,2026-08-15 11:46:51+00:00,2026-08-15 11:47:00+00:00,,3.54,3.54,3.54,1,2,doc | wasi,0,0,0,CONTRIBUTOR,575,42,5,8,0,0,0,0,0,119012,36525,1490,119012,1537562,0.0,0.0,Low,Keep In Normal Delivery Rhythm.
Data Platform Orchestration,Data Engineering,apache/airflow,71651,https://github.com/apache/airflow/pull/71651,Pull Request,[v3-3-test] Fix airflow config lint staying silent on conditional removal rules (#70977),closed,2026-08-15 11:49:20+00:00,2026-08-15 14:28:42+00:00,2026-08-15 14:27:49+00:00,3.54,0.11,3.43,1,1,area:CLI,0,1,0,CONTRIBUTOR,116,88,5,8,0,0,0,0,0,46523,17615,1885,46523,693411,0.0,0.0,Low,Keep In Normal Delivery Rhythm.
Language Ecosystem Delivery,Language Platform,rust-lang/rust,161132,https://github.com/rust-lang/rust/pull/161132,Pull Request,hir_ty_lowering: lower array const args with their actual array type,closed,2026-08-15 12:21:47+00:00,2026-08-17 02:42:17+00:00,2026-08-16 22:33:28+00:00,3.51,1.42,1.92,7,1,T-compiler,1,0,0,NONE,1299,68,5,8,0,0,0,0,0,115595,15431,12711,115595,972236,0.0,0.0,Low,Keep In Normal Delivery Rhythm.
Runtime Platform Stabilization,Runtime Engineering,nodejs/node,65304,https://github.com/nodejs/node/pull/65304,Pull Request,src: reserve shared_array_buffers capacity in Message::Deserialize,open,2026-08-15 12:41:00+00:00,2026-08-15 14:14:22+00:00,,3.5,3.5,3.44,1,2,c++ | needs-ci,0,0,0,CONTRIBUTOR,2454,66,5,8,1,0,0,0,0,119012,36525,1490,119012,1537562,0.0001,0.0,Low,Keep In Normal Delivery Rhythm.
Runtime Platform Stabilization,Runtime Engineering,nodejs/node,65305,https://github.com/nodejs/node/pull/65305,Pull Request,Add section for msde evil demon,closed,2026-08-15 12:52:22+00:00,2026-08-15 14:50:54+00:00,2026-08-15 14:50:54+00:00,3.49,0.08,3.41,0,1,doc,0,0,0,NONE,1978,31,5,8,0,0,0,0,0,119012,36525,1490,119012,1537562,0.0,0.0,Low,Keep In Normal Delivery Rhythm.
Runtime Platform Stabilization,Runtime Engineering,nodejs/node,65306,https://github.com/nodejs/node/pull/65306,Pull Request,quic: update writedesiredsize on maxdataframe,open,2026-08-15 12:55:08+00:00,2026-08-15 12:56:26+00:00,,3.49,3.49,3.49,2,3,c++ | lib / src | needs-ci,0,0,0,CONTRIBUTOR,2164,45,5,8,1,0,0,0,0,119012,36525,1490,119012,1537562,0.0011,0.1,Low,Keep In Normal Delivery Rhythm.
Language Ecosystem Delivery,Language Platform,rust-lang/rust,161133,https://github.com/rust-lang/rust/pull/161133,Pull Request,Perf: Fix the check in the provisional cache's on_failure,closed,2026-08-15 13:00:50+00:00,2026-08-17 08:11:49+00:00,2026-08-17 05:01:07+00:00,3.49,1.67,1.69,5,1,T-compiler,1,0,0,NONE,720,57,5,8,0,0,0,0,0,115595,15431,12711,115595,972236,0.0001,0.0,Low,Keep In Normal Delivery Rhythm.
Cloud Native Platform Reliability,Cloud Platform,kubernetes/kubernetes,141393,https://github.com/kubernetes/kubernetes/pull/141393,Pull Request,Fix PVC deletion error namespace/name formatting,open,2026-08-15 13:01:41+00:00,2026-08-17 09:16:29+00:00,,3.49,3.49,1.64,7,11,kind/cleanup | lgtm | sig/storage | size/XS | release-note-none | sig/apps | approved | cncf-cla: yes | ok-to-test | needs-priority | needs-triage,1,0,0,MEMBER,3298,48,5,8,1,0,1,1,0,124580,43868,2952,124580,1510698,0.0614,6.1,Low,Keep In Normal Delivery Rhythm.
Language Ecosystem Delivery,Language Platform,rust-lang/rust,161134,https://github.com/rust-lang/rust/pull/161134,Pull Request,Rollup of 5 pull requests,closed,2026-08-15 13:53:54+00:00,2026-08-18 07:08:04+00:00,2026-08-15 20:10:46+00:00,3.45,0.26,0.73,14,8,A-testsuite | T-bootstrap | merged-by-bors | rollup | T-libs | perf-regression | perf-regression-triaged | A-compiletest,0,1,0,MEMBER,606,25,5,8,0,1,0,1,0,115595,15431,12711,115595,972236,0.0001,0.0,Low,Keep In Normal Delivery Rhythm.
Language Ecosystem Delivery,Language Platform,rust-lang/rust,161135,https://github.com/rust-lang/rust/pull/161135,Pull Request,Add `f16` and `f128` inline ASM support for PowerPC,open,2026-08-15 14:08:11+00:00,2026-08-17 11:46:20+00:00,,3.44,3.44,1.54,2,3,A-LLVM | T-compiler | S-waiting-on-review,1,0,0,CONTRIBUTOR,326,51,5,8,1,0,0,0,0,115595,15431,12711,115595,972236,0.0,0.0,Low,Keep In Normal Delivery Rhythm.
Language Ecosystem Delivery,Language Platform,rust-lang/rust,161136,https://github.com/rust-lang/rust/pull/161136,Pull Request,Add BPF test for Rust ABI stack arguments,closed,2026-08-15 14:13:07+00:00,2026-08-17 02:40:50+00:00,2026-08-17 02:40:47+00:00,3.44,1.52,1.92,7,2,T-compiler | S-waiting-on-bors,1,1,0,CONTRIBUTOR,0,41,5,8,1,0,0,0,0,115595,15431,12711,115595,972236,0.0003,0.0,Low,Keep In Normal Delivery Rhythm.
Runtime Platform Stabilization,Runtime Engineering,nodejs/node,65307,https://github.com/nodejs/node/pull/65307,Pull Request,doc: add missing return types in fs.md,closed,2026-08-15 14:13:12+00:00,2026-08-18 07:04:50+00:00,2026-08-18 07:04:47+00:00,3.44,2.7,0.73,2,3,doc | fs | author ready,0,0,0,CONTRIBUTOR,899,38,5,8,0,0,0,0,0,119012,36525,1490,119012,1537562,0.0001,0.0,Low,Keep In Normal Delivery Rhythm.
Data Platform Orchestration,Data Engineering,apache/airflow,71652,https://github.com/apache/airflow/pull/71652,Pull Request,Add deferrable mode to EmrServerlessJobSensor,open,2026-08-15 14:29:10+00:00,2026-08-16 23:15:55+00:00,,3.43,3.43,2.06,1,3,provider:amazon | area:providers | kind:documentation,0,0,0,NONE,3009,45,5,8,0,0,0,0,0,46523,17615,1885,46523,693411,0.0003,0.0,Low,Keep In Normal Delivery Rhythm.
Language Ecosystem Delivery,Language Platform,rust-lang/rust,161137,https://github.com/rust-lang/rust/pull/161137,Pull Request,Simplify Encodable derives,closed,2026-08-15 14:31:14+00:00,2026-08-18 09:33:37+00:00,2026-08-18 09:33:33+00:00,3.42,2.79,0.63,16,2,T-compiler | S-waiting-on-bors,1,1,0,CONTRIBUTOR,1874,26,5,8,1,0,0,0,0,115595,15431,12711,115595,972236,0.0006,0.1,Low,Keep In Normal Delivery Rhythm.
Cloud Native Platform Reliability,Cloud Platform,kubernetes/kubernetes,141394,https://github.com/kubernetes/kubernetes/pull/141394,Pull Request,Support for Inline fields in Go to Protobuf,open,2026-08-15 14:48:37+00:00,2026-08-15 14:52:28+00:00,,3.41,3.41,3.41,6,9,sig/api-machinery | release-note | size/L | kind/feature | cncf-cla: yes | needs-ok-to-test | area/code-generation | needs-priority | needs-triage,0,0,0,NONE,3908,43,5,8,1,0,1,1,0,124580,43868,2952,124580,1510698,0.0147,1.5,Low,Keep In Normal Delivery Rhythm.
Data Platform Orchestration,Data Engineering,apache/airflow,71653,https://github.com/apache/airflow/pull/71653,Pull Request,Expand SageMakerTrigger to preserve job lifecycle states,open,2026-08-15 14:49:31+00:00,2026-08-18 16:30:18+00:00,,3.41,3.41,0.34,1,2,provider:amazon | area:providers,0,0,0,CONTRIBUTOR,2398,56,5,8,0,0,0,0,0,46523,17615,1885,46523,693411,0.0,0.0,Low,Keep In Normal Delivery Rhythm.
Data Platform Orchestration,Data Engineering,apache/airflow,71654,https://github.com/apache/airflow/pull/71654,Pull Request,Fix Dag run filtering for null start dates,open,2026-08-15 14:50:52+00:00,2026-08-17 12:14:26+00:00,,3.41,3.41,1.52,1,1,area:API,0,0,0,CONTRIBUTOR,2973,42,5,8,0,0,0,0,0,46523,17615,1885,46523,693411,0.0001,0.0,Low,Keep In Normal Delivery Rhythm.
Language Ecosystem Delivery,Language Platform,rust-lang/rust,161138,https://github.com/rust-lang/rust/issues/161138,Issue,compiletest: audit what files we need to track for change tracking under `lldb-repr` scheme,open,2026-08-15 14:52:54+00:00,2026-08-15 14:53:14+00:00,,3.41,3.41,3.41,0,6,A-debuginfo | T-compiler | T-bootstrap | C-bug | A-compiletest | E-needs-investigation,0,0,0,MEMBER,128,91,5,8,1,1,0,0,0,115595,15431,12711,115595,972236,0.0,0.0,Low,Keep In Normal Delivery Rhythm.
Language Ecosystem Delivery,Language Platform,rust-lang/rust,161139,https://github.com/rust-lang/rust/pull/161139,Pull Request,Add regression test for dyn impl missing type,closed,2026-08-15 15:26:08+00:00,2026-08-17 08:57:26+00:00,2026-08-17 08:57:22+00:00,3.39,1.73,1.66,3,2,T-compiler | S-waiting-on-bors,1,1,0,NONE,28,45,5,8,1,0,0,0,0,115595,15431,12711,115595,972236,0.0005,0.0,Low,Keep In Normal Delivery Rhythm.
Language Ecosystem Delivery,Language Platform,rust-lang/rust,161140,https://github.com/rust-lang/rust/issues/161140,Issue,Tracking issue for release notes of #160441: PowerPC inline ASM: Fix scalar floats being in the wrong vector lane on little endian,open,2026-08-15 15:37:47+00:00,2026-08-15 15:37:49+00:00,,3.38,3.38,3.38,0,5,A-LLVM | T-compiler | relnotes | needs-triage | relnotes-tracking-issue,0,1,0,COLLABORATOR,1590,130,5,8,1,0,0,1,0,115595,15431,12711,115595,972236,0.0,0.0,Low,Keep In Normal Delivery Rhythm.
Language Ecosystem Delivery,Language Platform,rust-lang/rust,161141,https://github.com/rust-lang/rust/pull/161141,Pull Request,Add documentation for BPF targets,closed,2026-08-15 15:44:57+00:00,2026-08-17 02:40:50+00:00,2026-08-17 02:40:47+00:00,3.37,1.46,1.92,10,1,S-waiting-on-bors,1,1,0,CONTRIBUTOR,1561,33,5,8,1,0,0,0,0,115595,15431,12711,115595,972236,0.0004,0.0,Low,Keep In Normal Delivery Rhythm.
Language Ecosystem Delivery,Language Platform,rust-lang/rust,161142,https://github.com/rust-lang/rust/pull/161142,Pull Request,Only look for attribute/keyword/primitive docs when the features are enabled,closed,2026-08-15 16:38:16+00:00,2026-08-16 14:22:16+00:00,2026-08-16 14:22:13+00:00,3.34,0.91,2.43,21,1,T-rustdoc,0,0,0,CONTRIBUTOR,1407,76,5,8,0,0,0,0,0,115595,15431,12711,115595,972236,0.0002,0.0,Low,Keep In Normal Delivery Rhythm.
Data Platform Orchestration,Data Engineering,apache/airflow,71656,https://github.com/apache/airflow/pull/71656,Pull Request,Add Italian (it) translation agent skill guidelines,open,2026-08-15 16:55:16+00:00,2026-08-15 16:55:20+00:00,,3.32,3.32,3.32,1,0,,0,0,0,NONE,1719,51,5,8,0,0,0,0,0,46523,17615,1885,46523,693411,0.0,0.0,Low,Keep In Normal Delivery Rhythm.
Runtime Platform Stabilization,Runtime Engineering,nodejs/node,65308,https://github.com/nodejs/node/pull/65308,Pull Request,doc: add missing return types in buffer.md,closed,2026-08-15 17:49:22+00:00,2026-08-18 07:04:40+00:00,2026-08-18 07:04:36+00:00,3.29,2.55,0.73,1,3,buffer | doc | author ready,0,0,0,CONTRIBUTOR,961,42,5,8,0,0,0,0,0,119012,36525,1490,119012,1537562,0.0001,0.0,Low,Keep In Normal Delivery Rhythm.
Language Ecosystem Delivery,Language Platform,rust-lang/rust,161143,https://github.com/rust-lang/rust/pull/161143,Pull Request,Rollup of 2 pull requests,closed,2026-08-15 19:10:03+00:00,2026-08-16 00:23:43+00:00,2026-08-15 23:24:22+00:00,3.23,0.18,3.01,8,3,T-compiler | merged-by-bors | rollup,0,1,0,MEMBER,313,25,5,8,0,0,0,0,0,115595,15431,12711,115595,972236,0.0,0.0,Low,Keep In Normal Delivery Rhythm.
Data Platform Orchestration,Data Engineering,apache/airflow,71657,https://github.com/apache/airflow/pull/71657,Pull Request,Fix bold format for Pull Request and Contributors Quick Start doc,closed,2026-08-15 19:26:23+00:00,2026-08-16 16:07:40+00:00,2026-08-16 10:03:11+00:00,3.22,0.61,2.36,0,2,area:dev-tools | changelog:skip,0,0,0,CONTRIBUTOR,2288,65,5,8,0,0,0,0,0,46523,17615,1885,46523,693411,0.0,0.0,Low,Keep In Normal Delivery Rhythm.
Cloud Native Platform Reliability,Cloud Platform,kubernetes/kubernetes,141395,https://github.com/kubernetes/kubernetes/pull/141395,Pull Request,validation-gen: allow configurable deep-equal function,open,2026-08-15 19:33:38+00:00,2026-08-18 20:04:51+00:00,,3.21,3.21,0.19,4,15,sig/scheduling | sig/node | sig/api-machinery | size/XXL | kind/api-change | kind/feature | release-note-none | sig/auth | sig/apps | approved | cncf-cla: yes | area/code-generation | needs-priority | triage/accepted | wg/device-management,2,0,0,MEMBER,336,54,5,8,1,0,1,1,0,124580,43868,2952,124580,1510698,0.6078,60.8,Medium,"Monitor Aging, Confirm Milestone Fit, And Refresh Status Evidence."
Data Platform Orchestration,Data Engineering,apache/airflow,71658,https://github.com/apache/airflow/issues/71658,Issue,HttpHook: double slash in URL when connection host has trailing slash and endpoint has leading slash,open,2026-08-15 19:35:51+00:00,2026-08-16 11:58:02+00:00,,3.21,3.21,2.53,1,3,kind:bug | area:providers | provider:http,0,0,0,NONE,2111,100,5,8,0,1,0,0,0,46523,17615,1885,46523,693411,0.0009,0.1,Low,Keep In Normal Delivery Rhythm.
Language Ecosystem Delivery,Language Platform,rust-lang/rust,161144,https://github.com/rust-lang/rust/issues/161144,Issue,`rustdoc` trims all digits except the last two in an ordered list,open,2026-08-15 19:54:07+00:00,2026-08-18 12:49:26+00:00,,3.2,3.2,0.5,13,3,T-rustdoc | C-discussion | T-rustdoc-frontend,1,0,0,NONE,591,65,5,8,0,0,0,0,0,115595,15431,12711,115595,972236,0.0001,0.0,Low,Keep In Normal Delivery Rhythm.
Runtime Platform Stabilization,Runtime Engineering,nodejs/node,65309,https://github.com/nodejs/node/pull/65309,Pull Request,quic: apply multiple fixes to flow control signaling,open,2026-08-15 20:00:05+00:00,2026-08-17 03:12:20+00:00,,3.2,3.2,1.9,6,3,c++ | lib / src | needs-ci,0,0,0,MEMBER,224,52,5,8,1,0,0,0,0,119012,36525,1490,119012,1537562,0.0001,0.0,Low,Keep In Normal Delivery Rhythm.
Runtime Platform Stabilization,Runtime Engineering,nodejs/node,65310,https://github.com/nodejs/node/pull/65310,Pull Request,stream: avoid duplicated endReadableNT scheduling,open,2026-08-15 20:35:50+00:00,2026-08-16 22:30:34+00:00,,3.17,3.17,2.09,3,3,stream | author ready | needs-ci,0,0,0,MEMBER,763,49,5,8,1,0,0,0,0,119012,36525,1490,119012,1537562,0.0002,0.0,Low,Keep In Normal Delivery Rhythm.
Data Platform Orchestration,Data Engineering,apache/airflow,71659,https://github.com/apache/airflow/pull/71659,Pull Request,Remove redundant _set_context in SnowflakeSqlApiTrigger,open,2026-08-15 20:42:04+00:00,2026-08-17 23:06:17+00:00,,3.17,3.17,1.07,1,2,area:providers | provider:snowflake,0,0,0,CONTRIBUTOR,2465,55,5,8,0,0,0,0,0,46523,17615,1885,46523,693411,0.0001,0.0,Low,Keep In Normal Delivery Rhythm.
Runtime Platform Stabilization,Runtime Engineering,nodejs/node,65311,https://github.com/nodejs/node/pull/65311,Pull Request,test: prefer expected failures to skips in WPT status files,open,2026-08-15 21:06:29+00:00,2026-08-16 13:38:50+00:00,,3.15,3.15,2.46,4,3,wip | test | needs-ci,0,0,0,MEMBER,248,59,5,8,1,0,0,0,0,119012,36525,1490,119012,1537562,0.001,0.1,Low,Keep In Normal Delivery Rhythm.
Language Ecosystem Delivery,Language Platform,rust-lang/rust,161145,https://github.com/rust-lang/rust/pull/161145,Pull Request,Remove references to the obsolete `try-perf` branch,closed,2026-08-15 21:11:21+00:00,2026-08-18 04:54:34+00:00,2026-08-17 23:29:38+00:00,3.15,2.1,0.82,8,4,A-testsuite | S-waiting-on-bors | T-infra | A-CI,1,1,0,MEMBER,81,51,5,8,1,0,0,0,0,115595,15431,12711,115595,972236,0.0,0.0,Low,Keep In Normal Delivery Rhythm.
Runtime Platform Stabilization,Runtime Engineering,nodejs/node,65312,https://github.com/nodejs/node/issues/65312,Issue,diagnostics_channel: invalid sqlite.db.query subscription activates native tracing,open,2026-08-15 21:12:49+00:00,2026-08-15 21:12:49+00:00,,3.15,3.15,3.15,0,1,diagnostics_channel,1,0,0,MEMBER,1170,82,5,8,0,0,0,0,0,119012,36525,1490,119012,1537562,0.0001,0.0,Low,Keep In Normal Delivery Rhythm.
Runtime Platform Stabilization,Runtime Engineering,nodejs/node,65313,https://github.com/nodejs/node/pull/65313,Pull Request,diagnostics_channel: validate before channel activation,open,2026-08-15 21:15:28+00:00,2026-08-16 01:02:56+00:00,,3.14,3.14,2.99,2,2,needs-ci | diagnostics_channel,0,0,0,MEMBER,280,55,5,8,1,0,0,0,0,119012,36525,1490,119012,1537562,0.0009,0.1,Low,Keep In Normal Delivery Rhythm.
Language Ecosystem Delivery,Language Platform,rust-lang/rust,161146,https://github.com/rust-lang/rust/pull/161146,Pull Request,Switch to c8a EC2 runner for auto merges,closed,2026-08-15 21:28:46+00:00,2026-08-17 12:26:04+00:00,2026-08-17 02:40:47+00:00,3.13,1.22,1.51,7,4,A-testsuite | S-waiting-on-bors | T-infra | A-CI,1,1,0,MEMBER,236,40,5,8,1,0,0,0,0,115595,15431,12711,115595,972236,0.0,0.0,Low,Keep In Normal Delivery Rhythm.
Language Ecosystem Delivery,Language Platform,rust-lang/rust,161147,https://github.com/rust-lang/rust/issues/161147,Issue,Comma in indexing expression produces incorrect error location and suggestion to add a semicolon,open,2026-08-15 21:46:55+00:00,2026-08-16 02:43:44+00:00,,3.12,3.12,2.92,3,2,A-diagnostics | T-compiler,1,0,0,CONTRIBUTOR,1014,96,5,8,0,0,0,0,0,115595,15431,12711,115595,972236,0.0001,0.0,Low,Keep In Normal Delivery Rhythm.
Data Platform Orchestration,Data Engineering,apache/airflow,71660,https://github.com/apache/airflow/pull/71660,Pull Request,Fix HttpHook double slash in URL when connection host has trailing slash and endpoint has leading slash,open,2026-08-15 21:52:11+00:00,2026-08-15 21:52:17+00:00,,3.12,3.12,3.12,1,2,area:providers | provider:http,0,0,0,NONE,1288,103,5,8,0,0,0,0,0,46523,17615,1885,46523,693411,0.001,0.1,Low,Keep In Normal Delivery Rhythm.
Runtime Platform Stabilization,Runtime Engineering,nodejs/node,65314,https://github.com/nodejs/node/issues/65314,Issue,Request for early feedback: Fetch server API,open,2026-08-15 21:59:56+00:00,2026-08-16 13:48:58+00:00,,3.11,3.11,2.45,1,7,http | https | discuss | http2 | quic | http3 | quic-agenda,0,0,0,MEMBER,1260,44,5,8,0,0,0,0,0,119012,36525,1490,119012,1537562,0.0007,0.1,Low,Keep In Normal Delivery Rhythm.
Language Ecosystem Delivery,Language Platform,rust-lang/rust,161148,https://github.com/rust-lang/rust/pull/161148,Pull Request,[rustdoc] Put back one removed flaky GUI test (which hopefully isn't flaky anymore),closed,2026-08-15 22:07:53+00:00,2026-08-17 08:38:43+00:00,2026-08-17 02:40:47+00:00,3.11,1.19,1.67,3,5,T-rustdoc | S-waiting-on-bors | A-rustdoc-search | A-rustdoc-js | T-rustdoc-frontend,1,1,0,MEMBER,632,83,5,8,1,0,0,0,0,115595,15431,12711,115595,972236,0.0,0.0,Low,Keep In Normal Delivery Rhythm.
Language Ecosystem Delivery,Language Platform,rust-lang/rust,161149,https://github.com/rust-lang/rust/pull/161149,Pull Request,"Fix the maximum path length allowable on MacOS, NetBSD, and DragonFlyBSD for Unix Domain Sockets",open,2026-08-15 22:10:19+00:00,2026-08-16 03:38:42+00:00,,3.11,3.11,2.88,3,3,S-waiting-on-review | T-libs | O-unix,1,0,0,CONTRIBUTOR,2800,96,5,8,1,0,0,0,0,115595,15431,12711,115595,972236,0.0,0.0,Low,Keep In Normal Delivery Rhythm.
Data Platform Orchestration,Data Engineering,apache/airflow,71661,https://github.com/apache/airflow/pull/71661,Pull Request,Expose SparkSubmitHook fields used by submit backends,closed,2026-08-15 22:23:42+00:00,2026-08-16 20:23:13+00:00,2026-08-16 17:41:05+00:00,3.1,0.8,2.18,3,2,area:providers | provider:apache-spark,0,0,0,CONTRIBUTOR,2411,53,5,8,0,0,0,0,0,46523,17615,1885,46523,693411,0.0,0.0,Low,Keep In Normal Delivery Rhythm.
Language Ecosystem Delivery,Language Platform,rust-lang/rust,161150,https://github.com/rust-lang/rust/pull/161150,Pull Request,add crashtests [4/N],closed,2026-08-15 22:28:33+00:00,2026-08-17 09:39:52+00:00,2026-08-17 08:57:22+00:00,3.09,1.44,1.63,10,2,T-compiler | S-waiting-on-bors,1,1,0,CONTRIBUTOR,273,20,5,8,1,0,0,0,0,115595,15431,12711,115595,972236,0.0001,0.0,Low,Keep In Normal Delivery Rhythm.
Data Platform Orchestration,Data Engineering,apache/airflow,71662,https://github.com/apache/airflow/pull/71662,Pull Request,helm - allow empty pass for metadataConnection ( token authent ),closed,2026-08-15 22:34:06+00:00,2026-08-16 00:29:12+00:00,2026-08-16 00:28:53+00:00,3.09,0.08,3.01,1,1,area:helm-chart,0,0,0,CONTRIBUTOR,417,64,5,8,0,0,0,0,0,46523,17615,1885,46523,693411,0.0005,0.0,Low,Keep In Normal Delivery Rhythm.
Language Ecosystem Delivery,Language Platform,rust-lang/rust,161151,https://github.com/rust-lang/rust/pull/161151,Pull Request,Treat vars created for opaque subtyping as live everywhere,closed,2026-08-15 22:40:33+00:00,2026-08-18 13:24:42+00:00,2026-08-18 06:17:57+00:00,3.08,2.32,0.47,9,2,T-compiler | merged-by-bors,1,1,0,MEMBER,3294,58,5,8,0,0,0,0,0,115595,15431,12711,115595,972236,0.0,0.0,Low,Keep In Normal Delivery Rhythm.
Data Platform Orchestration,Data Engineering,apache/airflow,71663,https://github.com/apache/airflow/pull/71663,Pull Request,docs - add create_async_metadata_engine example,open,2026-08-15 23:21:28+00:00,2026-08-16 17:17:18+00:00,,3.06,3.06,2.31,0,1,kind:documentation,0,0,0,CONTRIBUTOR,134,47,5,8,0,0,0,0,0,46523,17615,1885,46523,693411,0.0002,0.0,Low,Keep In Normal Delivery Rhythm.
Data Platform Orchestration,Data Engineering,apache/airflow,71664,https://github.com/apache/airflow/issues/71664,Issue,createUserJob is not using create_metadata_engine from airflowLocalSettings,open,2026-08-15 23:22:59+00:00,2026-08-18 06:31:08+00:00,,3.06,3.06,0.76,1,2,kind:bug | needs-triage,0,0,0,CONTRIBUTOR,14954,75,5,8,1,1,0,1,0,46523,17615,1885,46523,693411,0.0,0.0,Low,Keep In Normal Delivery Rhythm.
Data Platform Orchestration,Data Engineering,apache/airflow,71665,https://github.com/apache/airflow/pull/71665,Pull Request,Fix HttpHook double slash when base_url and endpoint both have slashes,open,2026-08-15 23:32:05+00:00,2026-08-16 12:03:40+00:00,,3.05,3.05,2.53,1,2,area:providers | provider:http,0,0,0,NONE,3258,70,5,8,0,0,0,0,0,46523,17615,1885,46523,693411,0.0,0.0,Low,Keep In Normal Delivery Rhythm.
Runtime Platform Stabilization,Runtime Engineering,nodejs/node,65315,https://github.com/nodejs/node/pull/65315,Pull Request,quic: remove unused fin flag from blob reader wakeup,open,2026-08-15 23:36:44+00:00,2026-08-16 19:16:59+00:00,,3.05,3.05,2.23,7,3,c++ | lib / src | needs-ci,0,0,0,CONTRIBUTOR,2662,52,5,8,1,0,0,0,0,119012,36525,1490,119012,1537562,0.0,0.0,Low,Keep In Normal Delivery Rhythm.
Data Platform Orchestration,Data Engineering,apache/airflow,71666,https://github.com/apache/airflow/pull/71666,Pull Request,Complete French UI translations,closed,2026-08-16 00:06:37+00:00,2026-08-18 18:14:22+00:00,2026-08-18 18:11:01+00:00,3.02,2.75,0.27,1,4,area:UI | area:translations | translation:fr | backport-to-v3-3-test,0,1,0,CONTRIBUTOR,483,31,6,8,0,0,0,0,0,46523,17615,1885,46523,693411,0.0,0.0,Low,Keep In Normal Delivery Rhythm.
Runtime Platform Stabilization,Runtime Engineering,nodejs/node,65316,https://github.com/nodejs/node/pull/65316,Pull Request,deps: update zlib to 1.3.2.1-motley-8002e91,open,2026-08-16 00:23:19+00:00,2026-08-17 22:46:40+00:00,,3.01,3.01,1.08,4,5,zlib | lib / src | author ready | needs-ci | dependencies,0,0,0,COLLABORATOR,62,43,6,8,1,0,0,0,0,119012,36525,1490,119012,1537562,0.0001,0.0,Low,Keep In Normal Delivery Rhythm.
Runtime Platform Stabilization,Runtime Engineering,nodejs/node,65317,https://github.com/nodejs/node/pull/65317,Pull Request,deps: update googletest to 49495eacfdbda3f4b6ba219923fedbb2e3f99376,closed,2026-08-16 00:23:21+00:00,2026-08-18 00:33:46+00:00,2026-08-18 00:33:43+00:00,3.01,2.01,1.01,4,4,test | author ready | needs-ci | dependencies,0,0,0,COLLABORATOR,86,67,6,8,1,0,0,0,0,119012,36525,1490,119012,1537562,0.0001,0.0,Low,Keep In Normal Delivery Rhythm.
Runtime Platform Stabilization,Runtime Engineering,nodejs/node,65318,https://github.com/nodejs/node/pull/65318,Pull Request,deps: update simdjson to 4.6.7,open,2026-08-16 00:23:25+00:00,2026-08-17 22:18:28+00:00,,3.01,3.01,1.1,3,3,author ready | needs-ci | dependencies,0,0,0,COLLABORATOR,49,30,6,8,1,0,0,0,0,119012,36525,1490,119012,1537562,0.0,0.0,Low,Keep In Normal Delivery Rhythm.
Data Platform Orchestration,Data Engineering,apache/airflow,71667,https://github.com/apache/airflow/pull/71667,Pull Request,Document Airflow 3 requirement for Databricks deferral,open,2026-08-16 00:48:10+00:00,2026-08-16 09:20:51+00:00,,3.0,3.0,2.64,1,3,area:providers | kind:documentation | provider:databricks,0,0,0,NONE,840,54,6,8,0,0,0,0,0,46523,17615,1885,46523,693411,0.0,0.0,Low,Keep In Normal Delivery Rhythm.
Language Ecosystem Delivery,Language Platform,rust-lang/rust,161152,https://github.com/rust-lang/rust/pull/161152,Pull Request,m68k-unknown-none-elf: Remove code model and change CPU to base MC68000,open,2026-08-16 01:16:02+00:00,2026-08-16 06:48:02+00:00,,2.98,2.98,2.75,5,2,T-compiler | S-waiting-on-review,1,0,0,NONE,1655,71,6,8,1,0,0,0,0,115595,15431,12711,115595,972236,0.0,0.0,Low,Keep In Normal Delivery Rhythm.
Language Ecosystem Delivery,Language Platform,rust-lang/rust,161153,https://github.com/rust-lang/rust/issues/161153,Issue,Unstable attribute behavior on re-exports is surprising,open,2026-08-16 02:04:49+00:00,2026-08-18 18:30:12+00:00,,2.94,2.94,0.26,1,7,T-rustdoc | A-visibility | A-stability | T-lang | T-compiler | T-libs | S-waiting-on-t-libs,0,0,0,MEMBER,3061,55,6,8,1,0,0,0,0,115595,15431,12711,115595,972236,0.0,0.0,Low,Keep In Normal Delivery Rhythm.
Data Platform Orchestration,Data Engineering,apache/airflow,71668,https://github.com/apache/airflow/pull/71668,Pull Request,Complete German UI translations,open,2026-08-16 02:56:44+00:00,2026-08-18 18:14:01+00:00,,2.91,2.91,0.27,1,3,area:UI | area:translations | translation:de,0,0,0,CONTRIBUTOR,648,31,6,8,0,0,0,0,0,46523,17615,1885,46523,693411,0.0,0.0,Low,Keep In Normal Delivery Rhythm.
Language Ecosystem Delivery,Language Platform,rust-lang/rust,161154,https://github.com/rust-lang/rust/pull/161154,Pull Request, Treat generics in trait and projection bounds as live always,open,2026-08-16 03:01:38+00:00,2026-08-18 09:34:19+00:00,,2.9,2.9,0.63,11,2,T-compiler | S-waiting-on-crater,0,0,0,MEMBER,16,61,6,8,1,0,0,0,0,115595,15431,12711,115595,972236,0.0025,0.3,Low,Keep In Normal Delivery Rhythm.
Runtime Platform Stabilization,Runtime Engineering,nodejs/node,65319,https://github.com/nodejs/node/pull/65319,Pull Request,quic: mark drain promise handled,open,2026-08-16 03:40:55+00:00,2026-08-17 04:32:55+00:00,,2.88,2.88,1.84,4,3,author ready | needs-ci | quic,0,0,0,MEMBER,82,32,6,8,1,0,0,0,0,119012,36525,1490,119012,1537562,0.0,0.0,Low,Keep In Normal Delivery Rhythm.
Cloud Native Platform Reliability,Cloud Platform,kubernetes/kubernetes,141396,https://github.com/kubernetes/kubernetes/issues/141396,Issue,test/images/agnhost/Dockerfile lacks a fallback when golang:$GOLANG_VERSION tag isn't published yet on release branches,open,2026-08-16 04:32:16+00:00,2026-08-18 10:47:26+00:00,,2.84,2.84,0.58,6,3,kind/bug | sig/testing | needs-triage,1,0,0,NONE,2659,119,6,8,1,1,0,1,0,124580,43868,2952,124580,1510698,0.0512,5.1,Low,Keep In Normal Delivery Rhythm.
Cloud Native Platform Reliability,Cloud Platform,kubernetes/kubernetes,141397,https://github.com/kubernetes/kubernetes/pull/141397,Pull Request,HPA: cap replica count calculations at max int32,open,2026-08-16 05:41:16+00:00,2026-08-16 05:47:23+00:00,,2.79,2.79,2.79,6,9,kind/bug | release-note | sig/autoscaling | size/M | sig/apps | cncf-cla: yes | needs-ok-to-test | needs-priority | needs-triage,0,0,0,NONE,1934,48,6,8,1,1,1,1,0,124580,43868,2952,124580,1510698,0.0233,2.3,Low,Keep In Normal Delivery Rhythm.
Runtime Platform Stabilization,Runtime Engineering,nodejs/node,65320,https://github.com/nodejs/node/pull/65320,Pull Request,test: keep WPT backend checks alive,closed,2026-08-16 06:12:18+00:00,2026-08-18 07:02:11+00:00,2026-08-18 06:20:53+00:00,2.77,2.01,0.74,6,4,test | flaky-test | author ready | needs-ci,0,0,0,MEMBER,45,35,6,8,1,0,0,0,0,119012,36525,1490,119012,1537562,0.0,0.0,Low,Keep In Normal Delivery Rhythm.
Data Platform Orchestration,Data Engineering,apache/airflow,71669,https://github.com/apache/airflow/pull/71669,Pull Request,Fix slow triggerer log draining for large records,open,2026-08-16 06:15:02+00:00,2026-08-17 02:24:47+00:00,,2.77,2.77,1.93,0,1,area:task-sdk,0,0,0,CONTRIBUTOR,1794,49,6,8,0,0,0,0,0,46523,17615,1885,46523,693411,0.0001,0.0,Low,Keep In Normal Delivery Rhythm.
Language Ecosystem Delivery,Language Platform,rust-lang/rust,161155,https://github.com/rust-lang/rust/pull/161155,Pull Request,Rollup of 3 pull requests,closed,2026-08-16 06:15:03+00:00,2026-08-16 06:26:59+00:00,2026-08-16 06:26:49+00:00,2.77,0.01,2.76,4,13,A-LLVM | A-attributes | T-compiler | T-bootstrap | S-waiting-on-author | rollup | T-libs | O-unix | WG-trait-system-refactor | A-run-make | A-tidy | T-rust-analyzer | T-clippy,0,0,0,MEMBER,375,25,6,8,1,0,0,0,0,115595,15431,12711,115595,972236,0.0,0.0,Low,Keep In Normal Delivery Rhythm.
Runtime Platform Stabilization,Runtime Engineering,nodejs/node,65321,https://github.com/nodejs/node/issues/65321,Issue,quic: Add mechanism similar to waitUntilAvailable to create(Bi|Uni)directionalStream,open,2026-08-16 06:55:08+00:00,2026-08-18 04:15:01+00:00,,2.74,2.74,0.85,2,1,quic,0,0,0,CONTRIBUTOR,948,84,6,8,0,0,0,0,0,119012,36525,1490,119012,1537562,0.0,0.0,Low,Keep In Normal Delivery Rhythm.
Language Ecosystem Delivery,Language Platform,rust-lang/rust,161156,https://github.com/rust-lang/rust/pull/161156,Pull Request,mir: accept ambiguous unsize coercion validation results,open,2026-08-16 07:06:47+00:00,2026-08-18 20:16:41+00:00,,2.73,2.73,0.18,10,4,T-compiler | S-waiting-on-author | I-types-nominated | T-types,1,0,0,CONTRIBUTOR,292,56,6,8,1,0,0,0,0,115595,15431,12711,115595,972236,0.0001,0.0,Low,Keep In Normal Delivery Rhythm.
Language Ecosystem Delivery,Language Platform,rust-lang/rust,161157,https://github.com/rust-lang/rust/pull/161157,Pull Request,bootstrap: Move several items out of the crate root,closed,2026-08-16 07:09:48+00:00,2026-08-17 02:46:20+00:00,2026-08-17 02:40:47+00:00,2.73,0.81,1.91,7,4,A-testsuite | T-bootstrap | S-waiting-on-bors | A-bootstrap-stamp,1,1,0,MEMBER,172,51,6,8,1,0,0,0,0,115595,15431,12711,115595,972236,0.0,0.0,Low,Keep In Normal Delivery Rhythm.
Language Ecosystem Delivery,Language Platform,rust-lang/rust,161158,https://github.com/rust-lang/rust/issues/161158,Issue,`std::process::Command` shouldn't inherit handles on Windows by default,open,2026-08-16 07:25:09+00:00,2026-08-16 11:34:53+00:00,,2.72,2.72,2.55,5,6,O-windows | C-bug | A-maybe-future-edition | T-libs | A-process | E-needs-design,0,0,0,CONTRIBUTOR,3161,71,6,8,1,1,0,0,0,115595,15431,12711,115595,972236,0.0001,0.0,Low,Keep In Normal Delivery Rhythm.
Language Ecosystem Delivery,Language Platform,rust-lang/rust,161159,https://github.com/rust-lang/rust/pull/161159,Pull Request,Wrap Terminator::attributes in Option,open,2026-08-16 07:55:45+00:00,2026-08-16 10:33:30+00:00,,2.7,2.7,2.59,8,2,T-compiler | S-waiting-on-author,0,0,0,CONTRIBUTOR,1483,37,6,8,1,0,0,0,0,115595,15431,12711,115595,972236,0.0,0.0,Low,Keep In Normal Delivery Rhythm.
Language Ecosystem Delivery,Language Platform,rust-lang/rust,161160,https://github.com/rust-lang/rust/pull/161160,Pull Request,Rustify the `compare_bytes` return type,closed,2026-08-16 07:58:08+00:00,2026-08-17 03:00:56+00:00,2026-08-17 03:00:54+00:00,2.7,0.79,1.9,11,4,A-LLVM | T-compiler | T-libs | perf-regression,0,0,0,MEMBER,295,39,6,8,0,1,0,0,0,115595,15431,12711,115595,972236,0.0,0.0,Low,Keep In Normal Delivery Rhythm.
Language Ecosystem Delivery,Language Platform,rust-lang/rust,161161,https://github.com/rust-lang/rust/pull/161161,Pull Request,proc_macro: add support for 16-bit targets,open,2026-08-16 08:26:09+00:00,2026-08-18 13:07:13+00:00,,2.68,2.68,0.48,14,1,S-waiting-on-author,1,0,0,CONTRIBUTOR,593,42,6,8,1,0,0,0,0,115595,15431,12711,115595,972236,0.0001,0.0,Low,Keep In Normal Delivery Rhythm.
Data Platform Orchestration,Data Engineering,apache/airflow,71670,https://github.com/apache/airflow/pull/71670,Pull Request,Bump Java SDK dependencies with Java 11 compatibility,closed,2026-08-16 08:44:49+00:00,2026-08-17 01:50:14+00:00,2026-08-17 01:48:52+00:00,2.67,0.71,1.95,1,3,area:dev-tools | backport-to-v3-3-test | area:java-sdk,1,0,0,MEMBER,1034,53,6,8,0,0,0,0,0,46523,17615,1885,46523,693411,0.0,0.0,Low,Keep In Normal Delivery Rhythm.
Language Ecosystem Delivery,Language Platform,rust-lang/rust,161162,https://github.com/rust-lang/rust/pull/161162,Pull Request,Rollup of 4 pull requests,closed,2026-08-16 08:54:51+00:00,2026-08-16 12:00:24+00:00,2026-08-16 11:05:02+00:00,2.66,0.09,2.53,5,16,A-LLVM | A-testsuite | T-rustdoc | T-compiler | T-bootstrap | S-waiting-on-author | T-infra | rollup | T-libs | A-rustdoc-search | O-unix | A-rustdoc-js | A-CI | A-run-make | T-rustdoc-frontend | A-tidy,0,0,0,MEMBER,494,25,6,8,1,0,0,0,0,115595,15431,12711,115595,972236,0.0,0.0,Low,Keep In Normal Delivery Rhythm.
Language Ecosystem Delivery,Language Platform,rust-lang/rust,161163,https://github.com/rust-lang/rust/pull/161163,Pull Request,windows: stabilise inherit_handles,open,2026-08-16 09:21:09+00:00,2026-08-18 17:38:16+00:00,,2.64,2.64,0.29,8,6,O-windows | S-waiting-on-review | proposed-final-comment-period | disposition-merge | T-libs | A-process,1,0,0,MEMBER,133,34,6,8,1,0,0,0,0,115595,15431,12711,115595,972236,0.0,0.0,Low,Keep In Normal Delivery Rhythm.
Language Ecosystem Delivery,Language Platform,rust-lang/rust,161164,https://github.com/rust-lang/rust/issues/161164,Issue,Linker output warning on expected linker output,open,2026-08-16 09:22:15+00:00,2026-08-16 17:43:31+00:00,,2.64,2.64,2.29,1,3,C-bug | needs-triage | L-linker_messages,0,0,0,NONE,2950,47,6,8,1,1,0,1,0,115595,15431,12711,115595,972236,0.0001,0.0,Low,Keep In Normal Delivery Rhythm.
Language Ecosystem Delivery,Language Platform,rust-lang/rust,161165,https://github.com/rust-lang/rust/pull/161165,Pull Request,try to bump profiler_builtins dependency on cc,open,2026-08-16 09:40:28+00:00,2026-08-16 18:37:26+00:00,,2.63,2.63,2.25,24,3,T-bootstrap | S-waiting-on-review | A-tidy,1,0,0,MEMBER,394,46,6,8,1,0,0,0,0,115595,15431,12711,115595,972236,0.0001,0.0,Low,Keep In Normal Delivery Rhythm.
Data Platform Orchestration,Data Engineering,apache/airflow,71671,https://github.com/apache/airflow/pull/71671,Pull Request,Fix reap_process_group sudo fallback passing the process group id as the signal number,open,2026-08-16 09:54:52+00:00,2026-08-16 09:54:57+00:00,,2.62,2.62,2.62,1,0,,0,0,0,NONE,1303,86,6,8,0,0,0,0,0,46523,17615,1885,46523,693411,0.0,0.0,Low,Keep In Normal Delivery Rhythm.
Language Ecosystem Delivery,Language Platform,rust-lang/rust,161166,https://github.com/rust-lang/rust/pull/161166,Pull Request,"add crashtests [5/N], remove unused aux files ",open,2026-08-16 10:08:23+00:00,2026-08-18 12:29:45+00:00,,2.61,2.61,0.51,2,2,T-compiler | S-waiting-on-review,1,0,0,CONTRIBUTOR,391,46,6,8,1,0,0,0,0,115595,15431,12711,115595,972236,0.0,0.0,Low,Keep In Normal Delivery Rhythm.
Language Ecosystem Delivery,Language Platform,rust-lang/rust,161167,https://github.com/rust-lang/rust/pull/161167,Pull Request,[experiment] remove attributes from Terminator,closed,2026-08-16 10:31:35+00:00,2026-08-16 14:53:42+00:00,2026-08-16 14:53:40+00:00,2.59,0.18,2.41,9,1,T-compiler,0,0,0,CONTRIBUTOR,1366,46,6,8,0,0,0,0,0,115595,15431,12711,115595,972236,0.0,0.0,Low,Keep In Normal Delivery Rhythm.
Data Platform Orchestration,Data Engineering,apache/airflow,71672,https://github.com/apache/airflow/pull/71672,Pull Request,Add Islo backend for sandbox tools,open,2026-08-16 10:39:19+00:00,2026-08-16 11:33:16+00:00,,2.59,2.59,2.55,0,3,area:providers | kind:documentation | provider:common-ai,0,0,0,CONTRIBUTOR,1284,34,6,8,0,0,0,0,0,46523,17615,1885,46523,693411,0.0,0.0,Low,Keep In Normal Delivery Rhythm.
Language Ecosystem Delivery,Language Platform,rust-lang/rust,161168,https://github.com/rust-lang/rust/issues/161168,Issue,We should decide whether take_mut is sound,open,2026-08-16 10:47:42+00:00,2026-08-18 19:22:43+00:00,,2.58,2.58,0.22,8,3,C-discussion | I-lang-nominated | P-lang-drag-1,0,0,0,MEMBER,2851,42,6,8,0,0,0,0,0,115595,15431,12711,115595,972236,0.0001,0.0,Low,Keep In Normal Delivery Rhythm.
Data Platform Orchestration,Data Engineering,apache/airflow,71673,https://github.com/apache/airflow/pull/71673,Pull Request,fix: FAB get_application_builder should use create_metadata_engine hook,open,2026-08-16 10:53:39+00:00,2026-08-17 10:11:58+00:00,,2.58,2.58,1.6,0,2,area:providers | provider:fab,0,0,0,CONTRIBUTOR,1052,71,6,8,0,0,0,0,0,46523,17615,1885,46523,693411,0.0,0.0,Low,Keep In Normal Delivery Rhythm.
Runtime Platform Stabilization,Runtime Engineering,nodejs/node,65322,https://github.com/nodejs/node/pull/65322,Pull Request,test: simplify timers interval rejection assertion,open,2026-08-16 10:55:11+00:00,2026-08-17 23:06:23+00:00,,2.57,2.57,1.07,4,2,test | needs-ci,0,0,0,CONTRIBUTOR,548,50,6,8,1,0,0,0,0,119012,36525,1490,119012,1537562,0.0,0.0,Low,Keep In Normal Delivery Rhythm.
Language Ecosystem Delivery,Language Platform,rust-lang/rust,161169,https://github.com/rust-lang/rust/pull/161169,Pull Request,Rollup of 6 pull requests,closed,2026-08-16 11:04:34+00:00,2026-08-16 13:18:20+00:00,2026-08-16 13:18:17+00:00,2.57,0.09,2.48,4,17,A-LLVM | A-testsuite | T-rustdoc | T-compiler | T-bootstrap | S-waiting-on-author | T-infra | rollup | T-libs | A-rustdoc-search | O-unix | A-rustdoc-js | A-CI | A-run-make | T-rustdoc-frontend | A-tidy | A-bootstrap-stamp,0,0,0,MEMBER,648,25,6,8,1,0,0,0,0,115595,15431,12711,115595,972236,0.0,0.0,Low,Keep In Normal Delivery Rhythm.
Data Platform Orchestration,Data Engineering,apache/airflow,71674,https://github.com/apache/airflow/pull/71674,Pull Request,Fix FAB ignoring create_metadata_engine from local settings,open,2026-08-16 11:31:16+00:00,2026-08-16 18:19:17+00:00,,2.55,2.55,2.27,0,2,area:providers | provider:fab,0,0,0,CONTRIBUTOR,1902,59,6,8,0,0,0,0,0,46523,17615,1885,46523,693411,0.0001,0.0,Low,Keep In Normal Delivery Rhythm.
Language Ecosystem Delivery,Language Platform,rust-lang/rust,161170,https://github.com/rust-lang/rust/pull/161170,Pull Request,Add regression test for trait on next solver,closed,2026-08-16 11:34:31+00:00,2026-08-18 15:27:53+00:00,2026-08-17 08:57:22+00:00,2.55,0.89,0.39,3,3,T-compiler | S-waiting-on-bors | WG-trait-system-refactor,1,1,0,CONTRIBUTOR,1895,44,6,8,1,0,0,0,0,115595,15431,12711,115595,972236,0.0002,0.0,Low,Keep In Normal Delivery Rhythm.
Language Ecosystem Delivery,Language Platform,rust-lang/rust,161171,https://github.com/rust-lang/rust/issues/161171,Issue,Tracking issue for release notes of #155942: Stabilize `-Zprofile-sample-use`,open,2026-08-16 11:34:45+00:00,2026-08-17 09:24:50+00:00,,2.55,2.55,1.64,1,6,A-LLVM | T-compiler | relnotes | needs-triage | A-rust-for-linux | relnotes-tracking-issue,0,1,0,COLLABORATOR,1542,77,6,8,1,0,0,1,0,115595,15431,12711,115595,972236,0.0,0.0,Low,Keep In Normal Delivery Rhythm.
Cloud Native Platform Reliability,Cloud Platform,kubernetes/kubernetes,141398,https://github.com/kubernetes/kubernetes/pull/141398,Pull Request,test(scheduler): add DynamicResources filter integration tests,open,2026-08-16 11:46:44+00:00,2026-08-18 11:49:54+00:00,,2.54,2.54,0.54,5,9,area/test | kind/cleanup | sig/scheduling | size/L | release-note-none | cncf-cla: yes | sig/testing | needs-priority | needs-triage,0,0,0,MEMBER,3472,62,6,8,1,0,1,1,0,124580,43868,2952,124580,1510698,0.7564,75.6,High,"Escalate Blocker, Confirm Owner, And Add Executive Visibility This Week."
Data Platform Orchestration,Data Engineering,apache/airflow,71675,https://github.com/apache/airflow/pull/71675,Pull Request,Warn when ignore_unknown_values is a no-op in GCSToBigQueryOperator,open,2026-08-16 12:10:15+00:00,2026-08-16 18:56:43+00:00,,2.52,2.52,2.24,1,2,provider:google | area:providers,0,0,0,NONE,4194,67,6,8,0,0,0,0,0,46523,17615,1885,46523,693411,0.0,0.0,Low,Keep In Normal Delivery Rhythm.
Data Platform Orchestration,Data Engineering,apache/airflow,71676,https://github.com/apache/airflow/pull/71676,Pull Request,Add OpenSandbox backend for sandbox tools,open,2026-08-16 12:11:31+00:00,2026-08-16 13:13:40+00:00,,2.52,2.52,2.48,0,3,area:providers | kind:documentation | provider:common-ai,0,0,0,CONTRIBUTOR,1353,41,6,8,0,0,0,0,0,46523,17615,1885,46523,693411,0.0,0.0,Low,Keep In Normal Delivery Rhythm.
Data Platform Orchestration,Data Engineering,apache/airflow,71677,https://github.com/apache/airflow/pull/71677,Pull Request,Drop provider dependency from airflow-core secrets backend tests,open,2026-08-16 12:20:20+00:00,2026-08-16 12:20:20+00:00,,2.52,2.52,2.52,0,0,,0,0,0,CONTRIBUTOR,1701,64,6,8,0,0,0,0,0,46523,17615,1885,46523,693411,0.0,0.0,Low,Keep In Normal Delivery Rhythm.
Language Ecosystem Delivery,Language Platform,rust-lang/rust,161172,https://github.com/rust-lang/rust/pull/161172,Pull Request,bootstrap: add `./x run compiler-coverage` for measuring rustc's own test suite coverage,open,2026-08-16 12:30:14+00:00,2026-08-17 13:18:18+00:00,,2.51,2.51,1.48,1,3,A-testsuite | T-bootstrap | S-waiting-on-author,0,0,0,NONE,1300,88,6,8,1,0,0,0,0,115595,15431,12711,115595,972236,0.0,0.0,Low,Keep In Normal Delivery Rhythm.
Language Ecosystem Delivery,Language Platform,rust-lang/rust,161173,https://github.com/rust-lang/rust/pull/161173,Pull Request,tidy: Properly restrict undocumented-unsafe to `library/core`,closed,2026-08-16 12:35:06+00:00,2026-08-17 09:32:21+00:00,2026-08-17 08:57:23+00:00,2.51,0.85,1.63,3,3,T-bootstrap | S-waiting-on-bors | A-tidy,1,1,0,MEMBER,274,61,6,8,1,0,0,0,0,115595,15431,12711,115595,972236,0.0,0.0,Low,Keep In Normal Delivery Rhythm.
Language Ecosystem Delivery,Language Platform,rust-lang/rust,161174,https://github.com/rust-lang/rust/issues/161174,Issue,Target modifer diagnostics have strange spans,closed,2026-08-16 12:43:34+00:00,2026-08-17 08:57:21+00:00,2026-08-17 08:57:21+00:00,2.5,0.84,1.66,0,3,A-diagnostics | T-compiler | F-target_modifiers,0,0,0,MEMBER,477,45,6,8,0,0,0,0,0,115595,15431,12711,115595,972236,0.0,0.0,Low,Keep In Normal Delivery Rhythm.
Data Platform Orchestration,Data Engineering,apache/airflow,71678,https://github.com/apache/airflow/pull/71678,Pull Request,Add gzip compression option for GCS remote task logs,open,2026-08-16 12:49:15+00:00,2026-08-17 02:26:33+00:00,,2.5,2.5,1.93,0,4,provider:google | area:providers | area:logging | kind:documentation,0,0,0,MEMBER,3056,52,6,8,0,0,0,0,0,46523,17615,1885,46523,693411,0.0001,0.0,Low,Keep In Normal Delivery Rhythm.
Language Ecosystem Delivery,Language Platform,rust-lang/rust,161175,https://github.com/rust-lang/rust/pull/161175,Pull Request,Rollup of 12 pull requests,closed,2026-08-16 13:17:53+00:00,2026-08-16 15:16:06+00:00,2026-08-16 14:53:14+00:00,2.48,0.07,2.39,6,17,A-LLVM | A-testsuite | T-rustdoc | T-compiler | T-bootstrap | S-waiting-on-author | T-infra | rollup | T-libs | A-rustdoc-search | O-unix | A-rustdoc-js | A-CI | A-run-make | T-rustdoc-frontend | A-tidy | A-bootstrap-stamp,0,0,0,MEMBER,1208,26,6,8,1,0,0,0,0,115595,15431,12711,115595,972236,0.0,0.0,Low,Keep In Normal Delivery Rhythm.
Data Platform Orchestration,Data Engineering,apache/airflow,71679,https://github.com/apache/airflow/pull/71679,Pull Request,Add padding bottom to log content to make last section header clickable.,closed,2026-08-16 13:28:01+00:00,2026-08-18 06:15:08+00:00,2026-08-18 03:56:10+00:00,2.47,1.6,0.77,2,2,area:UI | backport-to-v3-3-test,0,1,0,CONTRIBUTOR,593,72,6,8,0,0,0,0,0,46523,17615,1885,46523,693411,0.0,0.0,Low,Keep In Normal Delivery Rhythm.
Language Ecosystem Delivery,Language Platform,rust-lang/rust,161176,https://github.com/rust-lang/rust/issues/161176,Issue,Lifetime dependent `Copy` impl makes compiler error from incorrectly trying to copy non-`Copy` type,closed,2026-08-16 13:29:21+00:00,2026-08-17 06:06:05+00:00,2026-08-17 06:04:15+00:00,2.47,0.69,1.78,7,5,A-lifetimes | A-trait-system | regression-from-stable-to-stable | C-bug | S-has-bisection,0,0,0,CONTRIBUTOR,687,99,6,8,0,1,0,0,0,115595,15431,12711,115595,972236,0.0,0.0,Low,Keep In Normal Delivery Rhythm.
Data Platform Orchestration,Data Engineering,apache/airflow,71680,https://github.com/apache/airflow/pull/71680,Pull Request,Add match schema update prek hook for Helm `values_schema.schema.json` file,open,2026-08-16 13:33:26+00:00,2026-08-16 15:56:31+00:00,,2.46,2.46,2.37,0,4,area:dev-tools | area:helm-chart | backport-to-chart/v1-2x-test | backport-to-v3-3-test,0,0,0,CONTRIBUTOR,2678,75,6,8,0,0,0,0,0,46523,17615,1885,46523,693411,0.0,0.0,Low,Keep In Normal Delivery Rhythm.
Runtime Platform Stabilization,Runtime Engineering,nodejs/node,65323,https://github.com/nodejs/node/pull/65323,Pull Request,lib: enable web worker api by default,open,2026-08-16 13:51:35+00:00,2026-08-17 21:49:15+00:00,,2.45,2.45,1.12,2,4,c++ | semver-major | needs-ci | config,0,0,0,MEMBER,88,37,6,8,1,0,0,0,0,119012,36525,1490,119012,1537562,0.0,0.0,Low,Keep In Normal Delivery Rhythm.
Language Ecosystem Delivery,Language Platform,rust-lang/rust,161177,https://github.com/rust-lang/rust/issues/161177,Issue,Extraneous JSON in list.def and symbols.o causing linker error when trying to compile a DLL that communicates with an embedded device,closed,2026-08-16 13:57:08+00:00,2026-08-16 19:25:54+00:00,2026-08-16 19:25:52+00:00,2.45,0.23,2.22,2,2,C-discussion | A-linkers,0,0,0,NONE,6723,133,6,8,0,0,0,0,0,115595,15431,12711,115595,972236,0.0001,0.0,Low,Keep In Normal Delivery Rhythm.
Language Ecosystem Delivery,Language Platform,rust-lang/rust,161178,https://github.com/rust-lang/rust/pull/161178,Pull Request,lint ineffective #[unstable] annotations on re-exports,open,2026-08-16 14:49:12+00:00,2026-08-18 15:20:43+00:00,,2.41,2.41,0.39,6,2,T-compiler | S-waiting-on-review,1,0,0,CONTRIBUTOR,178,54,6,8,1,0,0,0,0,115595,15431,12711,115595,972236,0.0,0.0,Low,Keep In Normal Delivery Rhythm.
Language Ecosystem Delivery,Language Platform,rust-lang/rust,161179,https://github.com/rust-lang/rust/pull/161179,Pull Request,Rollup of 12 pull requests,closed,2026-08-16 14:53:50+00:00,2026-08-16 18:32:28+00:00,2026-08-16 18:32:26+00:00,2.41,0.15,2.26,7,16,A-LLVM | A-testsuite | T-rustdoc | T-compiler | T-bootstrap | T-infra | rollup | T-libs | A-rustdoc-search | O-unix | A-rustdoc-js | A-CI | A-run-make | T-rustdoc-frontend | A-tidy | A-bootstrap-stamp,0,0,0,MEMBER,1252,26,6,8,0,0,0,0,0,115595,15431,12711,115595,972236,0.0,0.0,Low,Keep In Normal Delivery Rhythm.
Data Platform Orchestration,Data Engineering,apache/airflow,71681,https://github.com/apache/airflow/pull/71681,Pull Request,Update index.rst,closed,2026-08-16 15:13:13+00:00,2026-08-17 02:31:12+00:00,2026-08-16 15:20:11+00:00,2.4,0.0,1.92,3,0,,0,0,0,NONE,2288,16,6,8,0,0,0,0,0,46523,17615,1885,46523,693411,0.0,0.0,Low,Keep In Normal Delivery Rhythm.
Runtime Platform Stabilization,Runtime Engineering,nodejs/node,65324,https://github.com/nodejs/node/pull/65324,Pull Request,src: use simdutf for UTF-8 ⇄ UTF-16 transcoding in StringDecoder and StringBytes::Write,closed,2026-08-16 15:37:44+00:00,2026-08-18 19:22:35+00:00,2026-08-18 16:34:20+00:00,2.38,2.04,0.22,10,3,buffer | c++ | commit-queue-rebase,0,0,0,MEMBER,3071,87,6,8,0,0,0,0,0,119012,36525,1490,119012,1537562,0.0042,0.4,Low,Keep In Normal Delivery Rhythm.
Runtime Platform Stabilization,Runtime Engineering,nodejs/node,65325,https://github.com/nodejs/node/pull/65325,Pull Request,child_process: build the default env block in one native pass,open,2026-08-16 15:44:37+00:00,2026-08-18 09:30:58+00:00,,2.37,2.37,0.63,2,4,c++ | lib / src | needs-ci | request-ci,0,0,0,MEMBER,2773,61,6,8,1,0,0,0,0,119012,36525,1490,119012,1537562,0.0026,0.3,Low,Keep In Normal Delivery Rhythm.
Language Ecosystem Delivery,Language Platform,rust-lang/rust,161180,https://github.com/rust-lang/rust/pull/161180,Pull Request,Detect missing binding available: add a MaybeIncorrect suggestion,open,2026-08-16 15:44:41+00:00,2026-08-16 17:03:19+00:00,,2.37,2.37,2.32,2,2,T-compiler | S-waiting-on-review,1,0,0,CONTRIBUTOR,1819,65,6,8,1,0,0,0,0,115595,15431,12711,115595,972236,0.0,0.0,Low,Keep In Normal Delivery Rhythm.
Data Platform Orchestration,Data Engineering,apache/airflow,71682,https://github.com/apache/airflow/pull/71682,Pull Request,[chart/v1-2x-test] Add startup probe for Kerberos worker sidecars (#71221),open,2026-08-16 15:46:22+00:00,2026-08-18 01:32:51+00:00,,2.37,2.37,0.97,3,1,area:helm-chart,0,1,0,CONTRIBUTOR,39,74,6,8,0,0,0,0,0,46523,17615,1885,46523,693411,0.0001,0.0,Low,Keep In Normal Delivery Rhythm.
Language Ecosystem Delivery,Language Platform,rust-lang/rust,161181,https://github.com/rust-lang/rust/pull/161181,Pull Request,Add back flaky gui rustdoc test `tests/rustdoc-gui/headers-color.goml`,closed,2026-08-16 15:48:05+00:00,2026-08-17 08:38:38+00:00,2026-08-17 02:40:47+00:00,2.37,0.45,1.67,2,3,T-rustdoc | S-waiting-on-bors | T-rustdoc-frontend,1,1,0,MEMBER,240,70,6,8,1,0,0,0,0,115595,15431,12711,115595,972236,0.0,0.0,Low,Keep In Normal Delivery Rhythm.
Runtime Platform Stabilization,Runtime Engineering,nodejs/node,65326,https://github.com/nodejs/node/pull/65326,Pull Request,module: cache nearest parent package.json per directory,open,2026-08-16 15:51:12+00:00,2026-08-18 22:20:17+00:00,,2.37,2.37,0.1,7,2,module | commit-queue-failed,0,0,0,MEMBER,1805,55,6,8,0,0,0,0,0,119012,36525,1490,119012,1537562,0.0001,0.0,Low,Keep In Normal Delivery Rhythm.
Runtime Platform Stabilization,Runtime Engineering,nodejs/node,65327,https://github.com/nodejs/node/pull/65327,Pull Request,fs: read small files in one thread pool round trip,open,2026-08-16 15:51:16+00:00,2026-08-18 09:31:05+00:00,,2.37,2.37,0.63,4,2,c++ | fs,0,0,0,MEMBER,3730,50,6,8,0,0,0,0,0,119012,36525,1490,119012,1537562,0.0011,0.1,Low,Keep In Normal Delivery Rhythm.
Runtime Platform Stabilization,Runtime Engineering,nodejs/node,65328,https://github.com/nodejs/node/pull/65328,Pull Request,fs: use sized reads for large files in readFileUtf8,open,2026-08-16 15:51:21+00:00,2026-08-18 09:31:08+00:00,,2.37,2.37,0.63,1,4,c++ | fs | needs-ci | request-ci,0,0,0,MEMBER,2159,51,6,8,1,0,0,0,0,119012,36525,1490,119012,1537562,0.0008,0.1,Low,Keep In Normal Delivery Rhythm.
Runtime Platform Stabilization,Runtime Engineering,nodejs/node,65329,https://github.com/nodejs/node/pull/65329,Pull Request,lib: load fewer builtins when bootstrapping without a snapshot,open,2026-08-16 15:51:27+00:00,2026-08-18 16:00:24+00:00,,2.37,2.37,0.36,8,1,lib / src,0,0,0,MEMBER,2643,62,6,8,0,0,0,0,0,119012,36525,1490,119012,1537562,0.0015,0.1,Low,Keep In Normal Delivery Rhythm.
Language Ecosystem Delivery,Language Platform,rust-lang/rust,161182,https://github.com/rust-lang/rust/pull/161182,Pull Request,Import suggestion noise: add a generic parameter filter,open,2026-08-16 15:56:30+00:00,2026-08-16 17:01:13+00:00,,2.37,2.37,2.32,1,2,T-compiler | S-waiting-on-author,1,0,0,CONTRIBUTOR,1687,55,6,8,1,0,0,0,0,115595,15431,12711,115595,972236,0.0,0.0,Low,Keep In Normal Delivery Rhythm.
Language Ecosystem Delivery,Language Platform,rust-lang/rust,161183,https://github.com/rust-lang/rust/pull/161183,Pull Request,avoid pointless spans in target modifier errors,closed,2026-08-16 16:41:06+00:00,2026-08-17 14:52:17+00:00,2026-08-17 08:57:23+00:00,2.33,0.68,1.41,4,2,T-compiler | S-waiting-on-bors,1,1,0,MEMBER,710,47,6,8,1,0,0,0,0,115595,15431,12711,115595,972236,0.0,0.0,Low,Keep In Normal Delivery Rhythm.
Runtime Platform Stabilization,Runtime Engineering,nodejs/node,65330,https://github.com/nodejs/node/issues/65330,Issue,diagnostics_channel: add a channel for filesystem operations,open,2026-08-16 16:45:07+00:00,2026-08-16 16:45:07+00:00,,2.33,2.33,2.33,0,1,feature request,0,0,0,MEMBER,1967,60,6,8,0,0,0,0,0,119012,36525,1490,119012,1537562,0.0009,0.1,Low,Keep In Normal Delivery Rhythm.
Data Platform Orchestration,Data Engineering,apache/airflow,71683,https://github.com/apache/airflow/pull/71683,Pull Request,Mark three unused config.yml options as deprecated,open,2026-08-16 16:57:39+00:00,2026-08-16 16:57:44+00:00,,2.32,2.32,2.32,1,1,area:ConfigTemplates,0,0,0,NONE,902,50,6,8,0,0,0,0,0,46523,17615,1885,46523,693411,0.0001,0.0,Low,Keep In Normal Delivery Rhythm.
Language Ecosystem Delivery,Language Platform,rust-lang/rust,161184,https://github.com/rust-lang/rust/pull/161184,Pull Request,[DO NOT MERGE] debug_closure_helpers code size tweak,open,2026-08-16 17:08:36+00:00,2026-08-16 17:15:12+00:00,,2.32,2.32,2.31,1,2,S-waiting-on-author | T-libs,0,0,0,CONTRIBUTOR,1307,52,6,8,1,0,0,0,0,115595,15431,12711,115595,972236,0.0,0.0,Low,Keep In Normal Delivery Rhythm.
Data Platform Orchestration,Data Engineering,apache/airflow,71684,https://github.com/apache/airflow/pull/71684,Pull Request,Validate connection port bounds (0-65535),open,2026-08-16 17:10:59+00:00,2026-08-16 17:11:03+00:00,,2.31,2.31,2.31,0,2,area:API | area:task-sdk,0,0,0,NONE,694,41,6,8,0,0,0,0,0,46523,17615,1885,46523,693411,0.0001,0.0,Low,Keep In Normal Delivery Rhythm.
Language Ecosystem Delivery,Language Platform,rust-lang/rust,161185,https://github.com/rust-lang/rust/pull/161185,Pull Request,std: guard against unwinds in queue-based `Once`,closed,2026-08-16 17:13:32+00:00,2026-08-17 02:40:50+00:00,2026-08-17 02:40:47+00:00,2.31,0.39,1.92,4,2,S-waiting-on-bors | T-libs,1,1,0,MEMBER,507,48,6,8,1,0,0,0,0,115595,15431,12711,115595,972236,0.0,0.0,Low,Keep In Normal Delivery Rhythm.
Data Platform Orchestration,Data Engineering,apache/airflow,71685,https://github.com/apache/airflow/pull/71685,Pull Request,Fix Secrets Masker for non-string values,closed,2026-08-16 17:18:22+00:00,2026-08-17 13:17:13+00:00,2026-08-17 13:17:13+00:00,2.31,0.83,1.48,1,0,,0,0,0,NONE,887,40,6,8,0,0,0,0,0,46523,17615,1885,46523,693411,0.0001,0.0,Low,Keep In Normal Delivery Rhythm.
Language Ecosystem Delivery,Language Platform,rust-lang/rust,161186,https://github.com/rust-lang/rust/pull/161186,Pull Request,miri subtree update,closed,2026-08-16 17:19:24+00:00,2026-08-17 07:20:26+00:00,2026-08-17 02:40:47+00:00,2.31,0.39,1.72,13,1,S-waiting-on-bors,0,1,0,MEMBER,180,19,6,8,1,0,0,0,0,115595,15431,12711,115595,972236,0.0,0.0,Low,Keep In Normal Delivery Rhythm.
Data Platform Orchestration,Data Engineering,apache/airflow,71686,https://github.com/apache/airflow/pull/71686,Pull Request,Fix DAG processor detecting non-zip archives as DAG bundles,open,2026-08-16 17:28:16+00:00,2026-08-16 17:28:16+00:00,,2.3,2.3,2.3,0,0,,0,0,0,NONE,739,59,6,8,0,0,0,0,0,46523,17615,1885,46523,693411,0.0006,0.1,Low,Keep In Normal Delivery Rhythm.
Language Ecosystem Delivery,Language Platform,rust-lang/rust,161187,https://github.com/rust-lang/rust/pull/161187,Pull Request,add `Complex<T>` layout tests for straightforward targets,open,2026-08-16 17:34:00+00:00,2026-08-18 18:07:23+00:00,,2.3,2.3,0.27,4,3,T-compiler | S-waiting-on-review | F-complex_numbers,1,0,0,CONTRIBUTOR,869,57,6,8,1,0,0,0,0,115595,15431,12711,115595,972236,0.0,0.0,Low,Keep In Normal Delivery Rhythm.
Data Platform Orchestration,Data Engineering,apache/airflow,71687,https://github.com/apache/airflow/pull/71687,Pull Request,Fix `only_new` clear missing new tasks after a 'run on latest version' clear,open,2026-08-16 17:39:10+00:00,2026-08-16 17:39:11+00:00,,2.29,2.29,2.29,0,0,,0,0,0,NONE,870,76,6,8,0,0,0,0,0,46523,17615,1885,46523,693411,0.0001,0.0,Low,Keep In Normal Delivery Rhythm.
Language Ecosystem Delivery,Language Platform,rust-lang/rust,161188,https://github.com/rust-lang/rust/pull/161188,Pull Request,Rollup of 17 pull requests,closed,2026-08-16 17:46:31+00:00,2026-08-16 20:05:05+00:00,2026-08-16 20:05:03+00:00,2.29,0.1,2.19,6,16,A-LLVM | A-testsuite | T-rustdoc | T-compiler | T-bootstrap | T-infra | rollup | T-libs | A-rustdoc-search | O-unix | A-rustdoc-js | A-CI | A-run-make | T-rustdoc-frontend | A-tidy | A-bootstrap-stamp,0,0,0,MEMBER,1655,26,6,8,0,0,0,0,0,115595,15431,12711,115595,972236,0.0,0.0,Low,Keep In Normal Delivery Rhythm.
Runtime Platform Stabilization,Runtime Engineering,nodejs/node,65331,https://github.com/nodejs/node/pull/65331,Pull Request,quic: add option waitUntilAvailable to creating streams,open,2026-08-16 18:20:40+00:00,2026-08-17 05:17:57+00:00,,2.27,2.27,1.81,2,3,c++ | lib / src | needs-ci,0,0,0,CONTRIBUTOR,2217,55,6,8,1,0,0,0,0,119012,36525,1490,119012,1537562,0.0002,0.0,Low,Keep In Normal Delivery Rhythm.
Runtime Platform Stabilization,Runtime Engineering,nodejs/node,65332,https://github.com/nodejs/node/pull/65332,Pull Request,"http,http2: speed up header validation and write coalescing",open,2026-08-16 18:33:03+00:00,2026-08-18 03:29:47+00:00,,2.26,2.26,0.88,7,2,lib / src | needs-ci,0,0,0,MEMBER,3175,59,6,8,1,0,0,0,0,119012,36525,1490,119012,1537562,0.0016,0.2,Low,Keep In Normal Delivery Rhythm.
Data Platform Orchestration,Data Engineering,apache/airflow,71688,https://github.com/apache/airflow/pull/71688,Pull Request,Add require_approval preflight check to @task.llm_schema_compare,open,2026-08-16 18:45:55+00:00,2026-08-16 18:46:03+00:00,,2.25,2.25,2.25,0,2,area:providers | provider:common-ai,0,0,0,CONTRIBUTOR,3103,64,6,8,0,0,0,0,0,46523,17615,1885,46523,693411,0.0,0.0,Low,Keep In Normal Delivery Rhythm.
Runtime Platform Stabilization,Runtime Engineering,nodejs/node,65333,https://github.com/nodejs/node/issues/65333,Issue,stream/iter: BroadcastWriter.end() strands backpressured writes and truncates the broadcast,open,2026-08-16 19:08:40+00:00,2026-08-16 19:08:40+00:00,,2.23,2.23,2.23,0,1,stream,1,0,0,MEMBER,2159,91,6,8,0,0,0,0,0,119012,36525,1490,119012,1537562,0.0001,0.0,Low,Keep In Normal Delivery Rhythm.
Runtime Platform Stabilization,Runtime Engineering,nodejs/node,65334,https://github.com/nodejs/node/pull/65334,Pull Request,stream: drain pending writes before broadcast end,open,2026-08-16 19:14:14+00:00,2026-08-17 23:54:55+00:00,,2.23,2.23,1.03,5,2,stream | needs-ci,0,0,0,MEMBER,347,49,6,8,1,0,0,0,0,119012,36525,1490,119012,1537562,0.0003,0.0,Low,Keep In Normal Delivery Rhythm.
Language Ecosystem Delivery,Language Platform,rust-lang/rust,161189,https://github.com/rust-lang/rust/pull/161189,Pull Request,Rollup of 16 pull requests,closed,2026-08-16 19:15:34+00:00,2026-08-16 22:28:19+00:00,2026-08-16 20:47:03+00:00,2.23,0.06,2.09,6,15,A-testsuite | T-rustdoc | T-compiler | T-bootstrap | S-waiting-on-author | T-infra | rollup | T-libs | A-rustdoc-search | O-unix | A-rustdoc-js | A-CI | A-run-make | T-rustdoc-frontend | A-bootstrap-stamp,0,0,0,MEMBER,1636,26,6,8,1,0,0,0,0,115595,15431,12711,115595,972236,0.0,0.0,Low,Keep In Normal Delivery Rhythm.
Language Ecosystem Delivery,Language Platform,rust-lang/rust,161190,https://github.com/rust-lang/rust/pull/161190,Pull Request,fix crash in async-drop and async-gen (fix-#161101),open,2026-08-16 19:16:20+00:00,2026-08-17 09:22:05+00:00,,2.23,2.23,1.64,2,2,T-compiler | S-waiting-on-author,1,0,0,CONTRIBUTOR,304,51,6,8,1,0,0,0,0,115595,15431,12711,115595,972236,0.0,0.0,Low,Keep In Normal Delivery Rhythm.
Data Platform Orchestration,Data Engineering,apache/airflow,71689,https://github.com/apache/airflow/pull/71689,Pull Request,Breeze: Skip provider dependency generation for help,open,2026-08-16 19:23:40+00:00,2026-08-17 22:44:41+00:00,,2.22,2.22,1.08,0,2,area:dev-tools | backport-to-v3-3-test,0,0,0,CONTRIBUTOR,1028,52,6,8,0,0,0,0,0,46523,17615,1885,46523,693411,0.0,0.0,Low,Keep In Normal Delivery Rhythm.
Data Platform Orchestration,Data Engineering,apache/airflow,71690,https://github.com/apache/airflow/pull/71690,Pull Request,Prek: Honor source encodings during provider dependency generation,closed,2026-08-16 19:25:33+00:00,2026-08-17 12:44:23+00:00,2026-08-17 12:44:22+00:00,2.22,0.72,1.5,1,2,area:dev-tools | backport-to-v3-3-test,0,0,0,CONTRIBUTOR,1024,66,6,8,0,0,0,0,0,46523,17615,1885,46523,693411,0.0,0.0,Low,Keep In Normal Delivery Rhythm.
Runtime Platform Stabilization,Runtime Engineering,nodejs/node,65335,https://github.com/nodejs/node/pull/65335,Pull Request,quic: do not destroy incoming streams that have a consumer,open,2026-08-16 19:40:40+00:00,2026-08-19 00:33:33+00:00,,2.21,2.21,0.01,4,2,needs-ci | quic,0,0,0,CONTRIBUTOR,2785,58,6,8,1,0,0,0,0,119012,36525,1490,119012,1537562,0.0006,0.1,Low,Keep In Normal Delivery Rhythm.
Language Ecosystem Delivery,Language Platform,rust-lang/rust,161191,https://github.com/rust-lang/rust/pull/161191,Pull Request,Improve `powerpc-types.rs` test,closed,2026-08-16 19:43:24+00:00,2026-08-17 11:25:35+00:00,2026-08-17 08:57:22+00:00,2.21,0.55,1.55,2,2,T-compiler | S-waiting-on-bors,1,1,0,CONTRIBUTOR,156,31,6,8,1,0,0,0,0,115595,15431,12711,115595,972236,0.0,0.0,Low,Keep In Normal Delivery Rhythm.
Data Platform Orchestration,Data Engineering,apache/airflow,71691,https://github.com/apache/airflow/pull/71691,Pull Request,Fix deprecated imports resolution in airflow.utils.helpers,open,2026-08-16 19:58:32+00:00,2026-08-17 06:12:31+00:00,,2.2,2.2,1.77,1,0,,0,0,0,NONE,959,58,6,8,0,0,0,0,0,46523,17615,1885,46523,693411,0.0002,0.0,Low,Keep In Normal Delivery Rhythm.
Language Ecosystem Delivery,Language Platform,rust-lang/rust,161192,https://github.com/rust-lang/rust/issues/161192,Issue,rust Build System,closed,2026-08-16 20:06:15+00:00,2026-08-16 20:27:52+00:00,2026-08-16 20:27:50+00:00,2.19,0.01,2.18,0,2,T-bootstrap | C-bug,0,0,0,NONE,1068,17,6,8,0,1,0,0,0,115595,15431,12711,115595,972236,0.0,0.0,Low,Keep In Normal Delivery Rhythm.
Runtime Platform Stabilization,Runtime Engineering,nodejs/node,65336,https://github.com/nodejs/node/pull/65336,Pull Request,worker: start worker threads from the built-in snapshot,open,2026-08-16 20:28:29+00:00,2026-08-18 09:31:13+00:00,,2.18,2.18,0.63,4,3,c++ | lib / src | needs-ci,0,0,0,MEMBER,4956,55,6,8,1,0,0,0,0,119012,36525,1490,119012,1537562,0.0004,0.0,Low,Keep In Normal Delivery Rhythm.
Language Ecosystem Delivery,Language Platform,rust-lang/rust,161193,https://github.com/rust-lang/rust/pull/161193,Pull Request,remove pointless span from partial-mitigations diagnostics,closed,2026-08-16 20:32:14+00:00,2026-08-18 10:14:02+00:00,2026-08-18 09:33:33+00:00,2.17,1.54,0.6,4,2,T-compiler | S-waiting-on-bors,1,1,0,MEMBER,103,58,6,8,1,0,0,0,0,115595,15431,12711,115595,972236,0.0,0.0,Low,Keep In Normal Delivery Rhythm.
Language Ecosystem Delivery,Language Platform,rust-lang/rust,161194,https://github.com/rust-lang/rust/issues/161194,Issue,Tracking issue for release notes of #154992: Error on projection of dyn noncompat type in old trait solver,open,2026-08-16 20:33:34+00:00,2026-08-16 21:34:09+00:00,,2.17,2.17,2.13,1,4,T-compiler | relnotes | needs-triage | relnotes-tracking-issue,0,0,0,COLLABORATOR,1562,106,6,8,1,0,0,1,0,115595,15431,12711,115595,972236,0.0,0.0,Low,Keep In Normal Delivery Rhythm.
Language Ecosystem Delivery,Language Platform,rust-lang/rust,161195,https://github.com/rust-lang/rust/issues/161195,Issue,rust build System,closed,2026-08-16 20:35:37+00:00,2026-08-16 21:17:43+00:00,2026-08-16 21:17:42+00:00,2.17,0.03,2.14,0,2,T-bootstrap | C-bug,0,0,0,NONE,1068,17,6,8,0,1,0,0,0,115595,15431,12711,115595,972236,0.0,0.0,Low,Keep In Normal Delivery Rhythm.
Language Ecosystem Delivery,Language Platform,rust-lang/rust,161196,https://github.com/rust-lang/rust/pull/161196,Pull Request,Rollup of 17 pull requests,closed,2026-08-16 20:46:30+00:00,2026-08-17 03:45:37+00:00,2026-08-17 02:40:47+00:00,2.16,0.25,1.87,7,15,A-testsuite | T-rustdoc | T-compiler | T-bootstrap | T-infra | merged-by-bors | rollup | T-libs | A-rustdoc-search | O-unix | A-rustdoc-js | A-CI | A-run-make | T-rustdoc-frontend | A-bootstrap-stamp,0,1,0,MEMBER,1690,26,6,8,0,0,0,0,0,115595,15431,12711,115595,972236,0.0005,0.0,Low,Keep In Normal Delivery Rhythm.
Data Platform Orchestration,Data Engineering,apache/airflow,71692,https://github.com/apache/airflow/pull/71692,Pull Request,Allow OpensearchTaskHandler and OpensearchRemoteLogIO to take empty username and password,open,2026-08-16 21:10:30+00:00,2026-08-18 22:24:17+00:00,,2.15,2.15,0.1,0,3,area:providers | area:logging | provider:opensearch,0,0,0,CONTRIBUTOR,1178,89,6,8,0,0,0,0,0,46523,17615,1885,46523,693411,0.0,0.0,Low,Keep In Normal Delivery Rhythm.
Language Ecosystem Delivery,Language Platform,rust-lang/rust,161197,https://github.com/rust-lang/rust/pull/161197,Pull Request,citool: update rust crates,closed,2026-08-16 21:11:59+00:00,2026-08-17 23:46:52+00:00,2026-08-17 23:29:37+00:00,2.15,1.1,1.04,8,4,A-testsuite | S-waiting-on-bors | T-infra | A-CI,1,1,0,CONTRIBUTOR,0,26,6,8,1,0,0,0,0,115595,15431,12711,115595,972236,0.0002,0.0,Low,Keep In Normal Delivery Rhythm.
Runtime Platform Stabilization,Runtime Engineering,nodejs/node,65337,https://github.com/nodejs/node/issues/65337,Issue,"stream/iter: Share ""drop-newest"" can eagerly drain the upstream source",open,2026-08-16 21:27:46+00:00,2026-08-16 23:10:21+00:00,,2.14,2.14,2.06,0,1,stream,1,0,0,MEMBER,2084,70,6,8,0,0,0,0,0,119012,36525,1490,119012,1537562,0.0005,0.1,Low,Keep In Normal Delivery Rhythm.
Runtime Platform Stabilization,Runtime Engineering,nodejs/node,65338,https://github.com/nodejs/node/pull/65338,Pull Request,stream: prevent share from eagerly draining source,open,2026-08-16 21:31:58+00:00,2026-08-17 17:40:50+00:00,,2.13,2.13,1.29,4,2,stream | needs-ci,0,0,0,MEMBER,288,50,6,8,1,0,0,0,0,119012,36525,1490,119012,1537562,0.0003,0.0,Low,Keep In Normal Delivery Rhythm.
Runtime Platform Stabilization,Runtime Engineering,nodejs/node,65339,https://github.com/nodejs/node/issues/65339,Issue,Crissmael,closed,2026-08-16 21:54:47+00:00,2026-08-16 22:50:41+00:00,2026-08-16 22:50:41+00:00,2.12,0.04,2.08,0,0,,0,0,0,NONE,0,9,6,8,0,0,0,0,0,119012,36525,1490,119012,1537562,0.0004,0.0,Low,Keep In Normal Delivery Rhythm.
Language Ecosystem Delivery,Language Platform,rust-lang/rust,161198,https://github.com/rust-lang/rust/pull/161198,Pull Request,ping me when target ABI checks are being changed,closed,2026-08-16 21:56:40+00:00,2026-08-17 14:52:17+00:00,2026-08-17 08:57:23+00:00,2.12,0.46,1.41,4,3,T-compiler | S-waiting-on-bors | A-meta,1,1,0,MEMBER,149,48,6,8,1,0,0,0,0,115595,15431,12711,115595,972236,0.0,0.0,Low,Keep In Normal Delivery Rhythm.
Language Ecosystem Delivery,Language Platform,rust-lang/rust,161199,https://github.com/rust-lang/rust/pull/161199,Pull Request,Add regression test for non lifetime binders,open,2026-08-16 22:02:59+00:00,2026-08-16 22:03:04+00:00,,2.11,2.11,2.11,1,2,T-compiler | S-waiting-on-review,1,0,0,CONTRIBUTOR,1651,44,6,8,1,0,0,0,0,115595,15431,12711,115595,972236,0.0,0.0,Low,Keep In Normal Delivery Rhythm.
Language Ecosystem Delivery,Language Platform,rust-lang/rust,161200,https://github.com/rust-lang/rust/pull/161200,Pull Request,querify getting fake doc items,open,2026-08-16 22:03:27+00:00,2026-08-17 11:32:19+00:00,,2.11,2.11,1.55,8,3,T-rustdoc | T-compiler | S-waiting-on-review,1,0,0,CONTRIBUTOR,1254,30,6,8,1,0,0,0,0,115595,15431,12711,115595,972236,0.0,0.0,Low,Keep In Normal Delivery Rhythm.
Language Ecosystem Delivery,Language Platform,rust-lang/rust,161201,https://github.com/rust-lang/rust/pull/161201,Pull Request,Speed up tidy again,open,2026-08-16 22:11:12+00:00,2026-08-18 13:55:40+00:00,,2.11,2.11,0.45,5,4,A-testsuite | T-bootstrap | S-waiting-on-author | A-tidy,1,0,0,MEMBER,2836,19,6,8,1,0,0,0,0,115595,15431,12711,115595,972236,0.0001,0.0,Low,Keep In Normal Delivery Rhythm.
Language Ecosystem Delivery,Language Platform,rust-lang/rust,161202,https://github.com/rust-lang/rust/pull/161202,Pull Request,hir_ty_lowering: lower array const args with their actual array type,closed,2026-08-16 22:42:40+00:00,2026-08-17 02:44:17+00:00,2026-08-17 02:41:47+00:00,2.08,0.17,1.92,5,1,T-compiler,0,0,1,NONE,1299,68,6,8,0,0,0,0,0,115595,15431,12711,115595,972236,0.0,0.0,Low,Keep In Normal Delivery Rhythm.
Data Platform Orchestration,Data Engineering,apache/airflow,71693,https://github.com/apache/airflow/pull/71693,Pull Request,Document the API pagination limit in OpenAPI,open,2026-08-16 23:09:55+00:00,2026-08-16 23:10:02+00:00,,2.06,2.06,2.06,0,2,area:API | kind:documentation,0,0,0,CONTRIBUTOR,1044,44,6,8,0,0,0,0,0,46523,17615,1885,46523,693411,0.0,0.0,Low,Keep In Normal Delivery Rhythm.
Language Ecosystem Delivery,Language Platform,rust-lang/rust,161203,https://github.com/rust-lang/rust/pull/161203,Pull Request,Analysis cleanups,closed,2026-08-16 23:15:03+00:00,2026-08-18 03:26:56+00:00,2026-08-17 08:57:22+00:00,2.06,0.4,0.89,3,2,T-compiler | S-waiting-on-bors,1,1,0,CONTRIBUTOR,86,17,6,8,1,0,0,0,0,115595,15431,12711,115595,972236,0.0,0.0,Low,Keep In Normal Delivery Rhythm.
Language Ecosystem Delivery,Language Platform,rust-lang/rust,161204,https://github.com/rust-lang/rust/pull/161204,Pull Request,core: Make funnel shifts panic only if overflow checks are enabled,open,2026-08-16 23:40:40+00:00,2026-08-17 16:52:11+00:00,,2.04,2.04,1.33,5,3,T-compiler | S-waiting-on-review | T-libs,1,0,0,MEMBER,472,66,6,8,1,0,0,0,0,115595,15431,12711,115595,972236,0.0,0.0,Low,Keep In Normal Delivery Rhythm.
Runtime Platform Stabilization,Runtime Engineering,nodejs/node,65340,https://github.com/nodejs/node/issues/65340,Issue,dns: Resolver timeout seemingly doubled upon tries=1,open,2026-08-16 23:54:19+00:00,2026-08-18 04:13:38+00:00,,2.03,2.03,0.85,1,1,dns,0,0,0,NONE,4557,52,6,8,0,0,0,0,0,119012,36525,1490,119012,1537562,0.0039,0.4,Low,Keep In Normal Delivery Rhythm.
Runtime Platform Stabilization,Runtime Engineering,nodejs/node,65341,https://github.com/nodejs/node/issues/65341,Issue,ffi: setFloat32()/setFloat64() coerce their value and discard a pending exception,open,2026-08-17 00:27:49+00:00,2026-08-18 04:14:18+00:00,,2.01,2.01,0.85,0,1,ffi,0,0,0,CONTRIBUTOR,2901,81,0,8,0,0,0,0,0,119012,36525,1490,119012,1537562,0.0004,0.0,Low,Keep In Normal Delivery Rhythm.
Runtime Platform Stabilization,Runtime Engineering,nodejs/node,65342,https://github.com/nodejs/node/pull/65342,Pull Request,ffi: validate the value passed to the float setters,open,2026-08-17 00:28:04+00:00,2026-08-17 02:04:20+00:00,,2.01,2.01,1.94,2,2,c++ | needs-ci,0,0,0,CONTRIBUTOR,1982,51,0,8,1,0,0,0,0,119012,36525,1490,119012,1537562,0.0002,0.0,Low,Keep In Normal Delivery Rhythm.
Cloud Native Platform Reliability,Cloud Platform,kubernetes/kubernetes,141399,https://github.com/kubernetes/kubernetes/pull/141399,Pull Request,apiserver/cacher: align listSnapshot continueKey semantics with the btree,open,2026-08-17 01:01:16+00:00,2026-08-18 20:03:51+00:00,,1.99,1.99,0.19,6,11,kind/bug | area/apiserver | lgtm | sig/api-machinery | size/L | release-note-none | approved | cncf-cla: yes | ok-to-test | needs-priority | triage/accepted,1,0,0,CONTRIBUTOR,1821,73,0,8,1,1,1,1,0,124580,43868,2952,124580,1510698,0.0127,1.3,Low,Keep In Normal Delivery Rhythm.
Language Ecosystem Delivery,Language Platform,rust-lang/rust,161205,https://github.com/rust-lang/rust/pull/161205,Pull Request,Rollup of 9 pull requests,closed,2026-08-17 01:12:35+00:00,2026-08-17 03:01:34+00:00,2026-08-17 03:01:29+00:00,1.98,0.08,1.9,3,5,A-LLVM | T-compiler | T-bootstrap | rollup | T-libs,0,0,0,MEMBER,801,25,0,8,0,0,0,0,0,115595,15431,12711,115595,972236,0.0,0.0,Low,Keep In Normal Delivery Rhythm.
Data Platform Orchestration,Data Engineering,apache/airflow,71694,https://github.com/apache/airflow/pull/71694,Pull Request,Bump the java-sdk-dependency-updates group across 1 directory with 2 updates,closed,2026-08-17 01:51:26+00:00,2026-08-17 06:12:10+00:00,2026-08-17 06:12:00+00:00,1.95,0.18,1.77,5,3,dependencies | area:java-sdk | java,0,0,0,CONTRIBUTOR,7907,76,0,8,0,0,0,0,0,46523,17615,1885,46523,693411,0.0,0.0,Low,Keep In Normal Delivery Rhythm.
Runtime Platform Stabilization,Runtime Engineering,nodejs/node,65343,https://github.com/nodejs/node/pull/65343,Pull Request,dns: better precision for Resolver timeout,open,2026-08-17 02:23:49+00:00,2026-08-17 10:40:49+00:00,,1.93,1.93,1.58,2,3,c++ | cares | needs-ci,0,0,0,NONE,445,42,0,8,1,0,0,0,0,119012,36525,1490,119012,1537562,0.0,0.0,Low,Keep In Normal Delivery Rhythm.
Data Platform Orchestration,Data Engineering,apache/airflow,71695,https://github.com/apache/airflow/pull/71695,Pull Request,[chart/v1-2x-test] Fix provider distribution builds failing with flit 4 (#71118),closed,2026-08-17 02:29:53+00:00,2026-08-17 19:10:16+00:00,2026-08-17 19:10:16+00:00,1.93,0.69,1.23,0,1,area:dev-tools,0,0,0,CONTRIBUTOR,68,80,0,8,0,0,0,0,0,46523,17615,1885,46523,693411,0.0001,0.0,Low,Keep In Normal Delivery Rhythm.
Cloud Native Platform Reliability,Cloud Platform,kubernetes/kubernetes,141400,https://github.com/kubernetes/kubernetes/pull/141400,Pull Request,Fix/kubelet kubeadm kubectl edge cases,closed,2026-08-17 02:33:46+00:00,2026-08-17 03:15:22+00:00,2026-08-17 03:15:22+00:00,1.92,0.03,1.89,5,20,kind/bug | area/test | area/kubelet | area/kubectl | area/provider/gcp | sig/node | sig/api-machinery | sig/cluster-lifecycle | size/M | release-note-none | sig/cli | area/kubeadm | cncf-cla: yes | sig/testing | needs-ok-to-test | sig/cloud-provider | needs-priority | do-not-merge/contains-merge-commits | needs-triage | sig/etcd,0,0,0,NONE,529,38,0,8,1,1,1,1,0,124580,43868,2952,124580,1510698,0.0035,0.3,Low,Keep In Normal Delivery Rhythm.
Language Ecosystem Delivery,Language Platform,rust-lang/rust,161206,https://github.com/rust-lang/rust/pull/161206,Pull Request,Library lock file update,closed,2026-08-17 02:51:04+00:00,2026-08-17 23:29:41+00:00,2026-08-17 23:29:37+00:00,1.91,0.86,1.05,6,1,S-waiting-on-bors,1,1,0,CONTRIBUTOR,1113,24,0,8,1,0,0,0,0,115595,15431,12711,115595,972236,0.0,0.0,Low,Keep In Normal Delivery Rhythm.
Language Ecosystem Delivery,Language Platform,rust-lang/rust,161207,https://github.com/rust-lang/rust/pull/161207,Pull Request,Stop suggesting missing semicolon with multiline indexing,open,2026-08-17 02:53:38+00:00,2026-08-18 14:26:44+00:00,,1.91,1.91,0.43,3,2,T-compiler | S-waiting-on-review,1,0,0,NONE,1619,57,0,8,1,0,0,0,0,115595,15431,12711,115595,972236,0.0,0.0,Low,Keep In Normal Delivery Rhythm.
Language Ecosystem Delivery,Language Platform,rust-lang/rust,161208,https://github.com/rust-lang/rust/pull/161208,Pull Request,Rollup of 12 pull requests,closed,2026-08-17 03:01:59+00:00,2026-08-17 10:01:49+00:00,2026-08-17 08:57:22+00:00,1.9,0.25,1.61,9,8,A-LLVM | T-compiler | T-bootstrap | merged-by-bors | rollup | A-meta | WG-trait-system-refactor | A-tidy,0,1,0,MEMBER,1090,26,0,8,0,0,0,0,0,115595,15431,12711,115595,972236,0.0,0.0,Low,Keep In Normal Delivery Rhythm.
Language Ecosystem Delivery,Language Platform,rust-lang/rust,161209,https://github.com/rust-lang/rust/pull/161209,Pull Request,Rework `next_power_of_two` to always be `1 << …`,open,2026-08-17 03:42:07+00:00,2026-08-17 05:04:03+00:00,,1.88,1.88,1.82,1,3,T-compiler | S-waiting-on-review | T-libs,1,0,0,MEMBER,1029,48,0,8,1,0,0,0,0,115595,15431,12711,115595,972236,0.0,0.0,Low,Keep In Normal Delivery Rhythm.
Language Ecosystem Delivery,Language Platform,rust-lang/rust,161210,https://github.com/rust-lang/rust/pull/161210,Pull Request,Improve missing extern crate diagnostics in Rust 2015,open,2026-08-17 04:00:21+00:00,2026-08-18 10:58:33+00:00,,1.86,1.86,0.57,2,2,T-compiler | S-waiting-on-author,1,0,0,MEMBER,59,53,0,8,1,0,0,0,0,115595,15431,12711,115595,972236,0.0,0.0,Low,Keep In Normal Delivery Rhythm.
Data Platform Orchestration,Data Engineering,apache/airflow,71696,https://github.com/apache/airflow/pull/71696,Pull Request,Fix cleared tasks getting stuck when a Dag run has no version,closed,2026-08-17 04:33:07+00:00,2026-08-18 14:56:22+00:00,2026-08-17 22:28:04+00:00,1.84,0.75,0.41,2,4,kind:documentation | area:UI | area:translations | translation:default,0,1,0,MEMBER,3869,61,0,8,0,0,0,0,0,46523,17615,1885,46523,693411,0.0,0.0,Low,Keep In Normal Delivery Rhythm.
Data Platform Orchestration,Data Engineering,apache/airflow,71697,https://github.com/apache/airflow/pull/71697,Pull Request,Allow paused Dags to finish running DagRuns,open,2026-08-17 04:34:59+00:00,2026-08-18 16:23:04+00:00,,1.84,1.84,0.35,2,1,area:Scheduler,0,0,0,CONTRIBUTOR,3801,43,0,8,0,0,0,0,0,46523,17615,1885,46523,693411,0.0,0.0,Low,Keep In Normal Delivery Rhythm.
Language Ecosystem Delivery,Language Platform,rust-lang/rust,161211,https://github.com/rust-lang/rust/pull/161211,Pull Request,Optimize `DeepRejectCtxt`,open,2026-08-17 04:36:31+00:00,2026-08-18 05:35:48+00:00,,1.84,1.84,0.8,21,2,T-compiler | S-waiting-on-review,1,0,0,CONTRIBUTOR,204,25,0,8,1,0,0,0,0,115595,15431,12711,115595,972236,0.0,0.0,Low,Keep In Normal Delivery Rhythm.
Language Ecosystem Delivery,Language Platform,rust-lang/rust,161212,https://github.com/rust-lang/rust/pull/161212,Pull Request,rust-installer/install-template.sh: catch cp(1) error when installing…,open,2026-08-17 05:17:32+00:00,2026-08-17 05:17:37+00:00,,1.81,1.81,1.81,1,2,T-bootstrap | S-waiting-on-review,1,0,0,NONE,568,70,0,8,1,0,0,0,0,115595,15431,12711,115595,972236,0.0,0.0,Low,Keep In Normal Delivery Rhythm.
Language Ecosystem Delivery,Language Platform,rust-lang/rust,161213,https://github.com/rust-lang/rust/issues/161213,Issue,invalid range in macro triggers compiler panic at assertion `left == right` failed: suggestion must not have overlapping parts,open,2026-08-17 05:18:24+00:00,2026-08-18 10:01:11+00:00,,1.81,1.81,0.61,1,6,I-ICE | A-macros | T-compiler | C-bug | S-has-mcve | requires-debug-assertions,0,0,0,NONE,28820,126,0,8,0,1,0,0,0,115595,15431,12711,115595,972236,0.0,0.0,Low,Keep In Normal Delivery Rhythm.
Runtime Platform Stabilization,Runtime Engineering,nodejs/node,65344,https://github.com/nodejs/node/pull/65344,Pull Request,lib: use validateArray for array arguments,open,2026-08-17 05:18:37+00:00,2026-08-17 18:33:49+00:00,,1.81,1.81,1.26,2,2,author ready | needs-ci,0,0,0,NONE,614,42,0,8,1,0,0,0,0,119012,36525,1490,119012,1537562,0.0,0.0,Low,Keep In Normal Delivery Rhythm.
Runtime Platform Stabilization,Runtime Engineering,nodejs/node,65345,https://github.com/nodejs/node/issues/65345,Issue,stream/iter: pull() swallows abort when async transform flush resolves to null,open,2026-08-17 05:20:59+00:00,2026-08-17 05:20:59+00:00,,1.81,1.81,1.81,0,1,stream,1,0,0,MEMBER,1383,78,0,8,0,0,0,0,0,119012,36525,1490,119012,1537562,0.0001,0.0,Low,Keep In Normal Delivery Rhythm.
Runtime Platform Stabilization,Runtime Engineering,nodejs/node,65346,https://github.com/nodejs/node/pull/65346,Pull Request,stream: reject pull on signal abort during flush,open,2026-08-17 05:23:02+00:00,2026-08-17 13:31:25+00:00,,1.81,1.81,1.47,3,4,stream | author ready | needs-ci | commit-queue,0,0,0,MEMBER,378,48,0,8,1,0,0,0,0,119012,36525,1490,119012,1537562,0.0004,0.0,Low,Keep In Normal Delivery Rhythm.
Cloud Native Platform Reliability,Cloud Platform,kubernetes/kubernetes,141401,https://github.com/kubernetes/kubernetes/pull/141401,Pull Request,Migrate LeaseCandidate.Spec.LeaseName to declarative validation,open,2026-08-17 05:35:21+00:00,2026-08-17 05:37:34+00:00,,1.8,1.8,1.8,6,11,area/test | kind/cleanup | sig/api-machinery | size/M | kind/api-change | release-note-none | cncf-cla: yes | sig/testing | needs-ok-to-test | needs-priority | needs-triage,0,0,0,NONE,1718,63,0,8,1,0,1,1,0,124580,43868,2952,124580,1510698,0.0149,1.5,Low,Keep In Normal Delivery Rhythm.
Language Ecosystem Delivery,Language Platform,rust-lang/rust,161214,https://github.com/rust-lang/rust/pull/161214,Pull Request,Reduce minimum LLDB to 21.1.0 for `lldb-repr` tests,closed,2026-08-17 05:43:50+00:00,2026-08-17 15:25:58+00:00,2026-08-17 15:25:58+00:00,1.79,0.4,1.39,5,2,T-compiler | S-waiting-on-bors,1,0,0,CONTRIBUTOR,1446,51,0,8,1,0,0,0,0,115595,15431,12711,115595,972236,0.0,0.0,Low,Keep In Normal Delivery Rhythm.
Data Platform Orchestration,Data Engineering,apache/airflow,71698,https://github.com/apache/airflow/pull/71698,Pull Request,Bump com.gradleup.shadow:shadow-gradle-plugin from 9.1.0 to 9.5.1 in /java-sdk in the java-sdk-dependency-updates group across 1 directory,closed,2026-08-17 06:12:31+00:00,2026-08-17 12:17:27+00:00,2026-08-17 12:17:17+00:00,1.77,0.25,1.52,2,3,dependencies | area:java-sdk | java,0,0,0,CONTRIBUTOR,7724,138,0,8,0,0,0,0,0,46523,17615,1885,46523,693411,0.0001,0.0,Low,Keep In Normal Delivery Rhythm.
Runtime Platform Stabilization,Runtime Engineering,nodejs/node,65347,https://github.com/nodejs/node/issues/65347,Issue,sqlite: use-after-free when Session.close() is called reentrantly,open,2026-08-17 06:17:45+00:00,2026-08-17 06:17:45+00:00,,1.77,1.77,1.77,0,1,sqlite,1,0,0,MEMBER,1210,65,0,8,0,0,0,0,0,119012,36525,1490,119012,1537562,0.0008,0.1,Low,Keep In Normal Delivery Rhythm.
Runtime Platform Stabilization,Runtime Engineering,nodejs/node,65348,https://github.com/nodejs/node/pull/65348,Pull Request,src: fixup manual new/delete usages,open,2026-08-17 06:19:03+00:00,2026-08-17 18:57:02+00:00,,1.77,1.77,1.24,5,4,c++ | lib / src | author ready | needs-ci,0,0,0,MEMBER,86,35,0,8,1,0,0,0,0,119012,36525,1490,119012,1537562,0.0,0.0,Low,Keep In Normal Delivery Rhythm.
Runtime Platform Stabilization,Runtime Engineering,nodejs/node,65349,https://github.com/nodejs/node/pull/65349,Pull Request,sqlite: prevent reentrant session.close(),open,2026-08-17 06:24:16+00:00,2026-08-18 05:42:02+00:00,,1.76,1.76,0.79,3,5,c++ | author ready | needs-ci | commit-queue | sqlite,0,0,0,MEMBER,260,41,0,8,1,0,0,0,0,119012,36525,1490,119012,1537562,0.0001,0.0,Low,Keep In Normal Delivery Rhythm.
Language Ecosystem Delivery,Language Platform,rust-lang/rust,161215,https://github.com/rust-lang/rust/pull/161215,Pull Request,compiler-builtins subtree update,closed,2026-08-17 06:26:06+00:00,2026-08-17 17:45:56+00:00,2026-08-17 12:28:17+00:00,1.76,0.25,1.29,12,3,merged-by-bors | T-libs | A-compiler-builtins,0,1,0,MEMBER,289,32,0,8,0,0,0,0,0,115595,15431,12711,115595,972236,0.0,0.0,Low,Keep In Normal Delivery Rhythm.
Language Ecosystem Delivery,Language Platform,rust-lang/rust,161216,https://github.com/rust-lang/rust/pull/161216,Pull Request,Clean up some `lldb_batchmode` lints,closed,2026-08-17 06:28:15+00:00,2026-08-17 15:25:58+00:00,2026-08-17 15:25:58+00:00,1.76,0.37,1.39,6,1,S-waiting-on-bors,1,0,0,CONTRIBUTOR,1468,36,0,8,1,0,0,0,0,115595,15431,12711,115595,972236,0.0,0.0,Low,Keep In Normal Delivery Rhythm.
Language Ecosystem Delivery,Language Platform,rust-lang/rust,161217,https://github.com/rust-lang/rust/issues/161217,Issue,Adressing compile time regression from loop hint attributes,open,2026-08-17 06:52:01+00:00,2026-08-17 08:20:15+00:00,,1.74,1.74,1.68,2,4,A-attributes | I-compiletime | needs-triage | F-loop-hints,0,0,0,CONTRIBUTOR,2589,59,0,8,1,0,0,1,0,115595,15431,12711,115595,972236,0.0,0.0,Low,Keep In Normal Delivery Rhythm.
Cloud Native Platform Reliability,Cloud Platform,kubernetes/kubernetes,141402,https://github.com/kubernetes/kubernetes/issues/141402,Issue,"[Flaking Test] [sig-auth] Projected PodCertificate should allow server and client pods to establish an mTLS connection (gce-ubuntu-master-containerd, kind-cloud-provider-loadbalancer)",closed,2026-08-17 07:04:30+00:00,2026-08-18 14:41:11+00:00,2026-08-18 14:41:11+00:00,1.73,1.32,0.42,4,4,priority/important-soon | kind/flake | sig/auth | needs-triage,1,1,0,MEMBER,3791,183,0,8,1,0,1,1,0,124580,43868,2952,124580,1510698,0.0542,5.4,Low,Keep In Normal Delivery Rhythm.
Language Ecosystem Delivery,Language Platform,rust-lang/rust,161218,https://github.com/rust-lang/rust/pull/161218,Pull Request,"Revert ""Rollup merge of #161006 - GuillaumeGomez:gcc-binutils, r=Kobzol""",open,2026-08-17 07:20:58+00:00,2026-08-17 14:04:24+00:00,,1.72,1.72,1.44,23,4,A-testsuite | S-waiting-on-review | T-infra | A-CI,1,0,0,MEMBER,7870,72,0,8,1,0,0,0,0,115595,15431,12711,115595,972236,0.0,0.0,Low,Keep In Normal Delivery Rhythm.
Data Platform Orchestration,Data Engineering,apache/airflow,71699,https://github.com/apache/airflow/pull/71699,Pull Request,Extend user settings with additional configuration,open,2026-08-17 07:26:32+00:00,2026-08-18 20:07:49+00:00,,1.72,1.72,0.19,6,23,area:UI | area:translations | translation:default | translation:de | translation:pl | translation:zh-TW | translation:nl | translation:he | translation:ko | translation:ar | translation:fr | translation:es | translation:tr | translation:ca | translation:hi | translation:hu | translation:zh-CN | translation:it | translation:pt | translation:el | translation:th | translation:ja | translation:ru,0,0,0,CONTRIBUTOR,2398,50,0,8,0,0,0,0,0,46523,17615,1885,46523,693411,0.0,0.0,Low,Keep In Normal Delivery Rhythm.
Language Ecosystem Delivery,Language Platform,rust-lang/rust,161219,https://github.com/rust-lang/rust/pull/161219,Pull Request,bootstrap: Make various things non-pub,closed,2026-08-17 07:35:52+00:00,2026-08-17 21:23:40+00:00,2026-08-17 15:25:58+00:00,1.71,0.33,1.14,4,2,T-bootstrap | S-waiting-on-bors,1,1,0,MEMBER,425,38,0,8,1,0,0,0,0,115595,15431,12711,115595,972236,0.0,0.0,Low,Keep In Normal Delivery Rhythm.
Cloud Native Platform Reliability,Cloud Platform,kubernetes/kubernetes,141403,https://github.com/kubernetes/kubernetes/issues/141403,Issue,Add import constraints to pkg/scheduler,open,2026-08-17 07:43:48+00:00,2026-08-18 10:34:35+00:00,,1.71,1.71,0.59,3,2,sig/scheduling | needs-triage,1,0,0,CONTRIBUTOR,306,39,0,8,1,0,0,1,0,124580,43868,2952,124580,1510698,0.0001,0.0,Low,Keep In Normal Delivery Rhythm.
Cloud Native Platform Reliability,Cloud Platform,kubernetes/kubernetes,141404,https://github.com/kubernetes/kubernetes/issues/141404,Issue,DATA RACE: kubelet updateEmptyDirVolumeLimitsFromAllocation,open,2026-08-17 07:58:28+00:00,2026-08-18 17:40:18+00:00,,1.7,1.7,0.29,3,4,kind/bug | sig/storage | sig/node | needs-triage,0,0,0,CONTRIBUTOR,6204,59,0,8,1,1,0,1,0,124580,43868,2952,124580,1510698,0.0001,0.0,Low,Keep In Normal Delivery Rhythm.
Cloud Native Platform Reliability,Cloud Platform,kubernetes/kubernetes,141405,https://github.com/kubernetes/kubernetes/issues/141405,Issue,Move all scheduler feature flags to staging,open,2026-08-17 07:59:29+00:00,2026-08-17 08:46:07+00:00,,1.7,1.7,1.66,2,2,sig/scheduling | needs-triage,0,0,0,CONTRIBUTOR,436,43,0,8,1,0,0,1,0,124580,43868,2952,124580,1510698,0.0004,0.0,Low,Keep In Normal Delivery Rhythm.
Cloud Native Platform Reliability,Cloud Platform,kubernetes/kubernetes,141406,https://github.com/kubernetes/kubernetes/issues/141406,Issue,Use api from staging,open,2026-08-17 08:00:26+00:00,2026-08-18 11:52:05+00:00,,1.7,1.7,0.54,8,2,sig/scheduling | needs-triage,0,0,0,CONTRIBUTOR,290,20,0,8,1,0,0,1,0,124580,43868,2952,124580,1510698,0.0,0.0,Low,Keep In Normal Delivery Rhythm.
Cloud Native Platform Reliability,Cloud Platform,kubernetes/kubernetes,141407,https://github.com/kubernetes/kubernetes/issues/141407,Issue,Remove usage of helper functions from k8s.io/kubernetes/pkg/apis/core/v1/helper,open,2026-08-17 08:07:10+00:00,2026-08-17 08:46:24+00:00,,1.69,1.69,1.66,1,2,sig/scheduling | needs-triage,0,0,0,CONTRIBUTOR,311,79,0,8,1,0,0,1,0,124580,43868,2952,124580,1510698,0.0027,0.3,Low,Keep In Normal Delivery Rhythm.
Language Ecosystem Delivery,Language Platform,rust-lang/rust,161220,https://github.com/rust-lang/rust/pull/161220,Pull Request,bootstrap: Allow `./x fix --allow-dirty`,open,2026-08-17 08:12:29+00:00,2026-08-18 13:53:15+00:00,,1.69,1.69,0.45,4,2,T-bootstrap | S-waiting-on-bors,1,0,0,MEMBER,362,40,0,8,1,0,0,0,0,115595,15431,12711,115595,972236,0.0,0.0,Low,Keep In Normal Delivery Rhythm.
Cloud Native Platform Reliability,Cloud Platform,kubernetes/kubernetes,141408,https://github.com/kubernetes/kubernetes/issues/141408,Issue,remove dependency for k8s.io/kubernetes/pkg/api/v1/pod,open,2026-08-17 08:12:29+00:00,2026-08-17 08:46:30+00:00,,1.69,1.69,1.66,2,2,sig/scheduling | needs-triage,0,0,0,CONTRIBUTOR,471,54,0,8,1,0,0,1,0,124580,43868,2952,124580,1510698,0.0001,0.0,Low,Keep In Normal Delivery Rhythm.
Data Platform Orchestration,Data Engineering,apache/airflow,71700,https://github.com/apache/airflow/pull/71700,Pull Request,escape connection type and field name in registry connection builder,open,2026-08-17 08:14:04+00:00,2026-08-17 08:14:08+00:00,,1.69,1.69,1.69,0,1,area:registry,0,0,0,CONTRIBUTOR,909,68,0,8,0,0,0,0,0,46523,17615,1885,46523,693411,0.0,0.0,Low,Keep In Normal Delivery Rhythm.
Cloud Native Platform Reliability,Cloud Platform,kubernetes/kubernetes,141409,https://github.com/kubernetes/kubernetes/pull/141409,Pull Request,Run standalone pod group integration tests with CPG enabled and disabled,open,2026-08-17 08:14:18+00:00,2026-08-18 10:12:49+00:00,,1.69,1.69,0.6,4,10,area/test | kind/cleanup | sig/scheduling | size/XXL | release-note-none | approved | cncf-cla: yes | sig/testing | needs-priority | needs-triage,0,0,0,MEMBER,3533,72,0,8,1,0,1,1,0,124580,43868,2952,124580,1510698,0.1629,16.3,Low,Keep In Normal Delivery Rhythm.
Cloud Native Platform Reliability,Cloud Platform,kubernetes/kubernetes,141410,https://github.com/kubernetes/kubernetes/issues/141410,Issue,Remove dependency to k8s.io/kubernetes/pkg/apis/core/validation,open,2026-08-17 08:15:50+00:00,2026-08-18 11:02:36+00:00,,1.69,1.69,0.57,5,2,sig/scheduling | needs-triage,1,0,0,CONTRIBUTOR,366,63,0,8,1,0,0,1,0,124580,43868,2952,124580,1510698,0.0001,0.0,Low,Keep In Normal Delivery Rhythm.
Data Platform Orchestration,Data Engineering,apache/airflow,71701,https://github.com/apache/airflow/pull/71701,Pull Request,Halve external vault API lookup requests per airflow secret lookup,closed,2026-08-17 08:20:09+00:00,2026-08-18 04:43:51+00:00,2026-08-18 04:43:49+00:00,1.68,0.85,0.83,1,3,area:providers | area:secrets | provider:hashicorp,1,0,0,CONTRIBUTOR,6644,66,0,8,0,0,0,0,0,46523,17615,1885,46523,693411,0.0,0.0,Low,Keep In Normal Delivery Rhythm.
Cloud Native Platform Reliability,Cloud Platform,kubernetes/kubernetes,141411,https://github.com/kubernetes/kubernetes/issues/141411,Issue,Move pkg/scheduler to staging,open,2026-08-17 08:25:16+00:00,2026-08-18 14:16:34+00:00,,1.68,1.68,0.43,4,2,sig/scheduling | needs-triage,0,0,0,CONTRIBUTOR,1653,29,0,8,1,0,0,1,0,124580,43868,2952,124580,1510698,0.0001,0.0,Low,Keep In Normal Delivery Rhythm.
Cloud Native Platform Reliability,Cloud Platform,kubernetes/kubernetes,141412,https://github.com/kubernetes/kubernetes/pull/141412,Pull Request,apiserver/cacher: fold unfiltered list benchmark into BenchmarkStoreList,open,2026-08-17 08:35:53+00:00,2026-08-18 08:51:05+00:00,,1.67,1.67,0.66,6,9,kind/cleanup | area/apiserver | sig/api-machinery | size/M | release-note-none | cncf-cla: yes | ok-to-test | needs-priority | needs-triage,0,0,0,CONTRIBUTOR,2186,72,0,8,1,0,1,1,0,124580,43868,2952,124580,1510698,0.0637,6.4,Low,Keep In Normal Delivery Rhythm.
Language Ecosystem Delivery,Language Platform,rust-lang/rust,161221,https://github.com/rust-lang/rust/pull/161221,Pull Request,`rust-analyzer` subtree update,closed,2026-08-17 08:41:06+00:00,2026-08-18 02:46:58+00:00,2026-08-17 23:29:37+00:00,1.67,0.62,0.91,13,2,S-waiting-on-bors | T-rust-analyzer,0,1,0,MEMBER,198,30,0,8,1,0,0,0,0,115595,15431,12711,115595,972236,0.0,0.0,Low,Keep In Normal Delivery Rhythm.
Data Platform Orchestration,Data Engineering,apache/airflow,71702,https://github.com/apache/airflow/pull/71702,Pull Request,Keep the HTTPError when a Dataprep error body is not JSON,open,2026-08-17 08:41:06+00:00,2026-08-17 08:41:11+00:00,,1.67,1.67,1.67,1,2,provider:google | area:providers,0,0,0,NONE,2782,57,0,8,0,0,0,0,0,46523,17615,1885,46523,693411,0.0,0.0,Low,Keep In Normal Delivery Rhythm.
Data Platform Orchestration,Data Engineering,apache/airflow,71703,https://github.com/apache/airflow/pull/71703,Pull Request,Discover Dags in sub-folders of packaged (zip) Dag bundles,open,2026-08-17 08:41:54+00:00,2026-08-18 07:14:24+00:00,,1.67,1.67,0.73,0,2,kind:documentation | area:DAG-processing,0,0,0,CONTRIBUTOR,2093,58,0,8,0,0,0,0,0,46523,17615,1885,46523,693411,0.0,0.0,Low,Keep In Normal Delivery Rhythm.
Data Platform Orchestration,Data Engineering,apache/airflow,71704,https://github.com/apache/airflow/pull/71704,Pull Request,Fix scheduler DBDagBag unbounded cache,open,2026-08-17 08:44:57+00:00,2026-08-18 23:49:00+00:00,,1.67,1.67,0.04,6,5,area:Scheduler | area:dev-tools | area:API | kind:documentation | area:ConfigTemplates,1,1,0,MEMBER,3797,38,0,8,0,0,0,0,0,46523,17615,1885,46523,693411,0.0,0.0,Low,Keep In Normal Delivery Rhythm.
Cloud Native Platform Reliability,Cloud Platform,kubernetes/kubernetes,141413,https://github.com/kubernetes/kubernetes/pull/141413,Pull Request,scheduler: migrate scheduling API usage from v1beta1 to v1alpha3,closed,2026-08-17 08:47:44+00:00,2026-08-18 12:54:05+00:00,2026-08-18 12:51:19+00:00,1.66,1.17,0.49,9,11,sig/scheduling | sig/node | size/XXL | cncf-cla: yes | needs-ok-to-test | do-not-merge/release-note-label-needed | needs-priority | do-not-merge/invalid-commit-message | needs-triage | do-not-merge/needs-kind | wg/device-management,0,0,0,NONE,110,64,0,8,1,0,1,1,0,124580,43868,2952,124580,1510698,0.0057,0.6,Low,Keep In Normal Delivery Rhythm.
Language Ecosystem Delivery,Language Platform,rust-lang/rust,161222,https://github.com/rust-lang/rust/pull/161222,Pull Request,MC/DC Coverage re-introduction (1/3): THIR data gathering,open,2026-08-17 09:04:58+00:00,2026-08-18 09:11:26+00:00,,1.65,1.65,0.65,3,2,T-compiler | S-waiting-on-review,1,0,0,CONTRIBUTOR,473,57,0,8,1,0,0,0,0,115595,15431,12711,115595,972236,0.0,0.0,Low,Keep In Normal Delivery Rhythm.
Language Ecosystem Delivery,Language Platform,rust-lang/rust,161223,https://github.com/rust-lang/rust/pull/161223,Pull Request,MC/DC Coverage re-introduction (2/3): MIR instrumentation,open,2026-08-17 09:13:29+00:00,2026-08-18 09:11:28+00:00,,1.65,1.65,0.65,5,3,A-LLVM | T-compiler | S-waiting-on-review,1,0,0,CONTRIBUTOR,659,57,0,8,1,0,0,0,0,115595,15431,12711,115595,972236,0.0,0.0,Low,Keep In Normal Delivery Rhythm.
Language Ecosystem Delivery,Language Platform,rust-lang/rust,161224,https://github.com/rust-lang/rust/pull/161224,Pull Request,MC/DC Coverage re-introduction (3/3): Codegen,open,2026-08-17 09:18:29+00:00,2026-08-18 11:31:49+00:00,,1.64,1.64,0.55,4,3,A-LLVM | T-compiler | S-waiting-on-review,1,0,0,CONTRIBUTOR,456,45,0,8,1,0,0,0,0,115595,15431,12711,115595,972236,0.0,0.0,Low,Keep In Normal Delivery Rhythm.
Data Platform Orchestration,Data Engineering,apache/airflow,71705,https://github.com/apache/airflow/pull/71705,Pull Request,Fix InfluxDB hook methods failing when called before get_conn,open,2026-08-17 09:35:41+00:00,2026-08-18 09:28:03+00:00,,1.63,1.63,0.64,2,2,area:providers | provider:influxdb,0,0,0,CONTRIBUTOR,2496,61,0,8,0,0,0,0,0,46523,17615,1885,46523,693411,0.0,0.0,Low,Keep In Normal Delivery Rhythm.
Data Platform Orchestration,Data Engineering,apache/airflow,71706,https://github.com/apache/airflow/pull/71706,Pull Request,[v3-3-test] Refactor latest DagRun load options for consistency (#67911),closed,2026-08-17 09:37:10+00:00,2026-08-17 11:18:48+00:00,2026-08-17 11:17:42+00:00,1.63,0.07,1.56,1,1,area:DAG-processing,0,1,0,CONTRIBUTOR,119,72,0,8,0,0,0,0,0,46523,17615,1885,46523,693411,0.0,0.0,Low,Keep In Normal Delivery Rhythm.
Language Ecosystem Delivery,Language Platform,rust-lang/rust,161225,https://github.com/rust-lang/rust/pull/161225,Pull Request,Add regression test for lint panic on nested generic with default type param,closed,2026-08-17 09:44:23+00:00,2026-08-18 08:11:21+00:00,2026-08-17 23:29:37+00:00,1.62,0.57,0.69,3,1,T-compiler,1,1,0,CONTRIBUTOR,28,76,0,8,0,0,0,0,0,115595,15431,12711,115595,972236,0.0,0.0,Low,Keep In Normal Delivery Rhythm.
Language Ecosystem Delivery,Language Platform,rust-lang/rust,161226,https://github.com/rust-lang/rust/pull/161226,Pull Request,Rollup of 6 pull requests,closed,2026-08-17 10:46:13+00:00,2026-08-17 16:33:50+00:00,2026-08-17 15:25:57+00:00,1.58,0.19,1.34,9,5,T-compiler | T-bootstrap | merged-by-bors | rollup | WG-trait-system-refactor,0,0,0,MEMBER,667,25,0,8,0,0,0,0,0,115595,15431,12711,115595,972236,0.0,0.0,Low,Keep In Normal Delivery Rhythm.
Data Platform Orchestration,Data Engineering,apache/airflow,71707,https://github.com/apache/airflow/issues/71707,Issue,Task subprocess can deadlock permanently when Linux fork() inherits a held OpenSSL lock from the supervisor,open,2026-08-17 10:48:20+00:00,2026-08-17 10:52:10+00:00,,1.58,1.58,1.58,0,3,kind:bug | area:core | area:task-sdk,0,0,0,CONTRIBUTOR,4255,107,0,8,0,1,0,0,0,46523,17615,1885,46523,693411,0.0,0.0,Low,Keep In Normal Delivery Rhythm.
Language Ecosystem Delivery,Language Platform,rust-lang/rust,161227,https://github.com/rust-lang/rust/pull/161227,Pull Request,implement `Add` and `Sub` for `Complex`,open,2026-08-17 10:52:06+00:00,2026-08-18 09:54:55+00:00,,1.58,1.58,0.62,3,3,S-waiting-on-review | T-libs | F-complex_numbers,1,0,0,CONTRIBUTOR,580,39,0,8,1,0,0,0,0,115595,15431,12711,115595,972236,0.0,0.0,Low,Keep In Normal Delivery Rhythm.
Language Ecosystem Delivery,Language Platform,rust-lang/rust,161228,https://github.com/rust-lang/rust/pull/161228,Pull Request,EXPERIMENT: Make lower_expr_if iterative on else if branches,closed,2026-08-17 11:00:33+00:00,2026-08-17 19:56:59+00:00,2026-08-17 19:56:57+00:00,1.57,0.37,1.2,7,3,T-compiler | S-experimental | perf-regression,0,0,0,MEMBER,603,60,0,8,0,1,0,0,0,115595,15431,12711,115595,972236,0.0,0.0,Low,Keep In Normal Delivery Rhythm.
Data Platform Orchestration,Data Engineering,apache/airflow,71708,https://github.com/apache/airflow/pull/71708,Pull Request,[v3-3-test] Honor FORWARDED_ALLOW_IPS when the API server runs under gunicorn (#71429),closed,2026-08-17 11:01:06+00:00,2026-08-17 19:42:38+00:00,2026-08-17 19:41:41+00:00,1.57,0.36,1.21,1,2,area:CLI | kind:documentation,0,1,0,CONTRIBUTOR,1407,86,0,8,0,0,0,0,0,46523,17615,1885,46523,693411,0.0,0.0,Low,Keep In Normal Delivery Rhythm.
Data Platform Orchestration,Data Engineering,apache/airflow,71709,https://github.com/apache/airflow/pull/71709,Pull Request,Stop sending GitHub Actions job notifications to the jobs mailing list,open,2026-08-17 11:03:09+00:00,2026-08-17 21:01:01+00:00,,1.57,1.57,1.15,1,1,area:dev-tools,0,0,0,MEMBER,656,70,0,8,0,0,0,0,0,46523,17615,1885,46523,693411,0.0001,0.0,Low,Keep In Normal Delivery Rhythm.
Language Ecosystem Delivery,Language Platform,rust-lang/rust,161229,https://github.com/rust-lang/rust/pull/161229,Pull Request,rustc_target: couple AArch64 LLVM and cfg pauthtest ABIs,closed,2026-08-17 11:05:41+00:00,2026-08-17 23:29:40+00:00,2026-08-17 23:29:37+00:00,1.57,0.52,1.05,11,2,T-compiler | S-waiting-on-bors,1,1,0,CONTRIBUTOR,1254,56,0,8,1,0,0,0,0,115595,15431,12711,115595,972236,0.0,0.0,Low,Keep In Normal Delivery Rhythm.
Data Platform Orchestration,Data Engineering,apache/airflow,71710,https://github.com/apache/airflow/pull/71710,Pull Request,UI: Show an empty object for object params with no value,open,2026-08-17 11:14:30+00:00,2026-08-18 18:07:46+00:00,,1.56,1.56,0.27,3,2,area:UI | backport-to-v3-3-test,0,1,0,NONE,1382,56,0,8,0,0,0,0,0,46523,17615,1885,46523,693411,0.0,0.0,Low,Keep In Normal Delivery Rhythm.
Data Platform Orchestration,Data Engineering,apache/airflow,71711,https://github.com/apache/airflow/pull/71711,Pull Request,fix(spark): replace ReDoS-vulnerable regex in _mask_cmd with linear-time token parser,open,2026-08-17 11:21:02+00:00,2026-08-17 13:05:55+00:00,,1.56,1.56,1.48,2,2,area:providers | provider:apache-spark,0,0,0,NONE,1279,85,0,8,0,0,0,0,0,46523,17615,1885,46523,693411,0.0,0.0,Low,Keep In Normal Delivery Rhythm.
Cloud Native Platform Reliability,Cloud Platform,kubernetes/kubernetes,141414,https://github.com/kubernetes/kubernetes/pull/141414,Pull Request,kubelet: clean up terminated static pods from waiting queue,open,2026-08-17 11:22:12+00:00,2026-08-17 11:25:03+00:00,,1.56,1.56,1.55,6,9,kind/bug | area/kubelet | sig/node | size/M | release-note-none | cncf-cla: yes | needs-ok-to-test | needs-priority | needs-triage,0,0,0,NONE,2126,59,0,8,1,1,1,1,0,124580,43868,2952,124580,1510698,0.0088,0.9,Low,Keep In Normal Delivery Rhythm.
Language Ecosystem Delivery,Language Platform,rust-lang/rust,161230,https://github.com/rust-lang/rust/pull/161230,Pull Request,rename `#[rustc_dump_predicates]` to `#[rustc_dump_clauses]`,closed,2026-08-17 11:26:17+00:00,2026-08-17 23:29:40+00:00,2026-08-17 23:29:37+00:00,1.55,0.5,1.05,4,4,A-attributes | T-compiler | S-waiting-on-bors | A-rustc-dev-guide,1,1,0,CONTRIBUTOR,222,60,0,8,1,0,0,0,0,115595,15431,12711,115595,972236,0.0,0.0,Low,Keep In Normal Delivery Rhythm.
Language Ecosystem Delivery,Language Platform,rust-lang/rust,161231,https://github.com/rust-lang/rust/pull/161231,Pull Request,passes: `rustc_scalable_vector` fields are not dead,closed,2026-08-17 11:28:10+00:00,2026-08-18 16:18:29+00:00,2026-08-18 16:06:10+00:00,1.55,1.19,0.35,6,2,T-compiler | S-waiting-on-bors,1,1,0,MEMBER,81,51,0,8,1,0,0,0,0,115595,15431,12711,115595,972236,0.0,0.0,Low,Keep In Normal Delivery Rhythm.
Runtime Platform Stabilization,Runtime Engineering,nodejs/node,65350,https://github.com/nodejs/node/pull/65350,Pull Request,typings: add `encodeIntoResults` to `EncodingBinding`,open,2026-08-17 11:34:02+00:00,2026-08-17 13:13:53+00:00,,1.55,1.55,1.48,0,1,typings,0,0,0,CONTRIBUTOR,488,53,0,8,0,0,0,0,0,119012,36525,1490,119012,1537562,0.0002,0.0,Low,Keep In Normal Delivery Rhythm.
Language Ecosystem Delivery,Language Platform,rust-lang/rust,161232,https://github.com/rust-lang/rust/pull/161232,Pull Request,Subtree sync for rustc_codegen_cranelift,closed,2026-08-17 11:39:06+00:00,2026-08-18 11:27:24+00:00,2026-08-17 23:29:37+00:00,1.54,0.49,0.55,7,6,A-codegen | T-compiler | S-waiting-on-bors | A-cranelift | has-merge-commits | subtree-sync,0,1,0,MEMBER,187,40,0,8,1,0,0,0,0,115595,15431,12711,115595,972236,0.0,0.0,Low,Keep In Normal Delivery Rhythm.
Developer Experience Modernization,Developer Tools,microsoft/vscode,331185,https://github.com/microsoft/vscode/pull/331185,Pull Request,terminal: fix stale-state ETX,open,2026-08-17 11:48:39+00:00,2026-08-17 13:23:14+00:00,,1.54,1.54,1.47,2,0,,2,0,0,NONE,1844,29,0,8,0,0,0,0,0,188912,41710,19952,188912,1367899,0.0,0.0,Low,Keep In Normal Delivery Rhythm.
Language Ecosystem Delivery,Language Platform,rust-lang/rust,161233,https://github.com/rust-lang/rust/pull/161233,Pull Request,platform-support/l4re.md: Add hint at build wrapper,open,2026-08-17 11:49:03+00:00,2026-08-17 11:49:09+00:00,,1.54,1.54,1.54,2,1,S-waiting-on-review,1,0,0,NONE,76,51,0,8,1,0,0,0,0,115595,15431,12711,115595,972236,0.0,0.0,Low,Keep In Normal Delivery Rhythm.
Developer Experience Modernization,Developer Tools,microsoft/vscode,331186,https://github.com/microsoft/vscode/issues/331186,Issue,Create session from Pull Request action,open,2026-08-17 11:54:09+00:00,2026-08-17 11:54:09+00:00,,1.53,1.53,1.53,0,0,,1,0,0,MEMBER,215,39,0,8,0,0,0,0,0,188912,41710,19952,188912,1367899,0.0,0.0,Low,Keep In Normal Delivery Rhythm.
Language Ecosystem Delivery,Language Platform,rust-lang/rust,161234,https://github.com/rust-lang/rust/issues/161234,Issue,Valid mutually recursive functions fail with E0391 at opt-level 2 and 3,open,2026-08-17 11:58:24+00:00,2026-08-18 02:05:41+00:00,,1.53,1.53,0.94,5,8,T-compiler | regression-from-stable-to-stable | C-bug | A-mir-opt | I-prioritize | A-mir-opt-inlining | I-cycle | S-has-bisection,0,0,0,NONE,2951,71,0,8,0,1,0,0,0,115595,15431,12711,115595,972236,0.0,0.0,Low,Keep In Normal Delivery Rhythm.
Runtime Platform Stabilization,Runtime Engineering,nodejs/node,65351,https://github.com/nodejs/node/pull/65351,Pull Request,test: use spawnSyncAndAssert in windowsHide test,open,2026-08-17 11:58:51+00:00,2026-08-18 13:04:36+00:00,,1.53,1.53,0.48,4,4,test | author ready | needs-ci | commit-queue,0,0,0,CONTRIBUTOR,423,48,0,8,1,0,0,0,0,119012,36525,1490,119012,1537562,0.0001,0.0,Low,Keep In Normal Delivery Rhythm.
Developer Experience Modernization,Developer Tools,microsoft/vscode,331187,https://github.com/microsoft/vscode/pull/331187,Pull Request,agentHost: Filter external Copilot sessions,closed,2026-08-17 12:02:18+00:00,2026-08-17 13:17:34+00:00,2026-08-17 13:11:51+00:00,1.53,0.05,1.48,0,0,,0,1,0,CONTRIBUTOR,914,43,0,8,0,0,0,0,0,188912,41710,19952,188912,1367899,0.0,0.0,Low,Keep In Normal Delivery Rhythm.
Developer Experience Modernization,Developer Tools,microsoft/vscode,331188,https://github.com/microsoft/vscode/issues/331188,Issue,Create session from pull request - context pill weirdness,open,2026-08-17 12:07:05+00:00,2026-08-17 17:20:03+00:00,,1.52,1.52,1.31,1,0,,1,0,0,MEMBER,500,57,0,8,0,0,0,0,0,188912,41710,19952,188912,1367899,0.0,0.0,Low,Keep In Normal Delivery Rhythm.
Language Ecosystem Delivery,Language Platform,rust-lang/rust,161235,https://github.com/rust-lang/rust/pull/161235,Pull Request,Compute job time in post-merge-report from the actual GitHub duration,closed,2026-08-17 12:12:38+00:00,2026-08-18 16:55:21+00:00,2026-08-18 16:06:10+00:00,1.52,1.16,0.32,5,4,A-testsuite | S-waiting-on-bors | T-infra | A-CI,1,1,0,MEMBER,361,69,0,8,1,0,0,0,0,115595,15431,12711,115595,972236,0.0,0.0,Low,Keep In Normal Delivery Rhythm.
Data Platform Orchestration,Data Engineering,apache/airflow,71712,https://github.com/apache/airflow/pull/71712,Pull Request,Ignore shadow-gradle-plugin bumps in Dependabot,open,2026-08-17 12:17:02+00:00,2026-08-18 06:50:55+00:00,,1.52,1.52,0.74,0,1,area:dev-tools,0,0,0,MEMBER,268,47,0,8,0,0,0,0,0,46523,17615,1885,46523,693411,0.0,0.0,Low,Keep In Normal Delivery Rhythm.
Developer Experience Modernization,Developer Tools,microsoft/vscode,331189,https://github.com/microsoft/vscode/issues/331189,Issue,Create session from pull request - picker polish,open,2026-08-17 12:18:49+00:00,2026-08-17 12:18:49+00:00,,1.52,1.52,1.52,0,0,,1,0,0,MEMBER,245,48,0,8,0,0,0,0,0,188912,41710,19952,188912,1367899,0.0,0.0,Low,Keep In Normal Delivery Rhythm.
Developer Experience Modernization,Developer Tools,microsoft/vscode,331190,https://github.com/microsoft/vscode/issues/331190,Issue,I can reproduce this on Windows with VS Code 1.133.0 Stable and its bundled GitHub Copilot 0.61.0.,open,2026-08-17 12:23:06+00:00,2026-08-17 12:46:38+00:00,,1.51,1.51,1.5,0,0,,1,0,0,NONE,3906,98,0,8,0,0,0,0,0,188912,41710,19952,188912,1367899,0.0001,0.0,Low,Keep In Normal Delivery Rhythm.
Data Platform Orchestration,Data Engineering,apache/airflow,71713,https://github.com/apache/airflow/pull/71713,Pull Request,Add opt-in shallow fetch for pinned versions in the Git bundle,open,2026-08-17 12:24:26+00:00,2026-08-18 07:17:34+00:00,,1.51,1.51,0.73,0,2,area:providers | provider:git,0,0,0,CONTRIBUTOR,2258,62,0,8,0,0,0,0,0,46523,17615,1885,46523,693411,0.0,0.0,Low,Keep In Normal Delivery Rhythm.
Developer Experience Modernization,Developer Tools,microsoft/vscode,331191,https://github.com/microsoft/vscode/issues/331191,Issue,not run current changed code,open,2026-08-17 12:26:50+00:00,2026-08-17 12:59:39+00:00,,1.51,1.51,1.49,1,1,info-needed,1,0,0,NONE,3460,28,0,8,0,0,0,0,0,188912,41710,19952,188912,1367899,0.0,0.0,Low,Keep In Normal Delivery Rhythm.
Cloud Native Platform Reliability,Cloud Platform,kubernetes/kubernetes,141415,https://github.com/kubernetes/kubernetes/pull/141415,Pull Request,Lock down k8s.io/kubernetes imports in pkg/scheduler,open,2026-08-17 12:31:04+00:00,2026-08-18 07:55:49+00:00,,1.51,1.51,0.7,9,9,kind/cleanup | sig/scheduling | lgtm | size/S | release-note-none | approved | cncf-cla: yes | needs-priority | needs-triage,1,0,0,CONTRIBUTOR,3561,52,0,8,1,0,1,1,0,124580,43868,2952,124580,1510698,0.0476,4.8,Low,Keep In Normal Delivery Rhythm.
Language Ecosystem Delivery,Language Platform,rust-lang/rust,161236,https://github.com/rust-lang/rust/pull/161236,Pull Request,Download auto jobs in citool in parallel,open,2026-08-17 12:32:33+00:00,2026-08-18 11:14:00+00:00,,1.51,1.51,0.56,0,4,A-testsuite | S-waiting-on-review | T-infra | A-CI,1,0,0,MEMBER,167,40,0,8,1,0,0,0,0,115595,15431,12711,115595,972236,0.0,0.0,Low,Keep In Normal Delivery Rhythm.
Developer Experience Modernization,Developer Tools,microsoft/vscode,331192,https://github.com/microsoft/vscode/issues/331192,Issue,Markdown header in omni bar is unexpected,closed,2026-08-17 12:33:42+00:00,2026-08-18 21:54:27+00:00,2026-08-18 01:18:19+00:00,1.51,0.53,0.12,0,3,bug | insiders-released | agents-bar,2,1,0,MEMBER,240,41,0,8,0,1,0,0,0,188912,41710,19952,188912,1367899,0.0,0.0,Low,Keep In Normal Delivery Rhythm.
Developer Experience Modernization,Developer Tools,microsoft/vscode,331193,https://github.com/microsoft/vscode/issues/331193,Issue,Minimap renders huge section-header text over LaTeX files for prose lines starting with the word region,open,2026-08-17 12:36:07+00:00,2026-08-17 12:59:25+00:00,,1.5,1.5,1.49,2,0,,1,0,0,NONE,2723,103,0,8,0,0,0,0,0,188912,41710,19952,188912,1367899,0.0003,0.0,Low,Keep In Normal Delivery Rhythm.
Developer Experience Modernization,Developer Tools,microsoft/vscode,331194,https://github.com/microsoft/vscode/issues/331194,Issue,Unclear when a PR check out was finished,open,2026-08-17 12:37:59+00:00,2026-08-17 12:37:59+00:00,,1.5,1.5,1.5,0,0,,1,0,0,MEMBER,422,40,0,8,0,0,0,0,0,188912,41710,19952,188912,1367899,0.0,0.0,Low,Keep In Normal Delivery Rhythm.
Language Ecosystem Delivery,Language Platform,rust-lang/rust,161237,https://github.com/rust-lang/rust/pull/161237,Pull Request,Remove jdno from infra-ci rotation,closed,2026-08-17 12:39:01+00:00,2026-08-18 04:54:20+00:00,2026-08-17 23:29:37+00:00,1.5,0.45,0.83,3,2,S-waiting-on-bors | A-meta,1,1,0,MEMBER,236,34,0,8,1,0,0,0,0,115595,15431,12711,115595,972236,0.0,0.0,Low,Keep In Normal Delivery Rhythm.
Language Ecosystem Delivery,Language Platform,rust-lang/rust,161238,https://github.com/rust-lang/rust/pull/161238,Pull Request,"remove scalar size mismatch interpreter error, make it an ICE instead",closed,2026-08-17 12:42:34+00:00,2026-08-18 16:06:14+00:00,2026-08-18 16:06:10+00:00,1.5,1.14,0.36,4,2,T-compiler | S-waiting-on-bors,1,1,0,MEMBER,856,69,0,8,1,0,0,0,0,115595,15431,12711,115595,972236,0.0,0.0,Low,Keep In Normal Delivery Rhythm.
Developer Experience Modernization,Developer Tools,microsoft/vscode,331195,https://github.com/microsoft/vscode/issues/331195,Issue,Rename chat doesn't work in claude,open,2026-08-17 12:43:45+00:00,2026-08-18 11:41:52+00:00,,1.5,1.5,0.54,0,2,bug | agents-window,1,1,0,CONTRIBUTOR,147,34,0,8,0,1,0,0,0,188912,41710,19952,188912,1367899,0.0,0.0,Low,Keep In Normal Delivery Rhythm.
Developer Experience Modernization,Developer Tools,microsoft/vscode,331196,https://github.com/microsoft/vscode/issues/331196,Issue,copilot-debug python manager.,closed,2026-08-17 12:44:36+00:00,2026-08-17 12:44:56+00:00,2026-08-17 12:44:56+00:00,1.5,0.0,1.5,0,0,,0,0,0,NONE,1069,29,0,8,0,0,0,0,0,188912,41710,19952,188912,1367899,0.0,0.0,Low,Keep In Normal Delivery Rhythm.
Developer Experience Modernization,Developer Tools,microsoft/vscode,331197,https://github.com/microsoft/vscode/issues/331197,Issue,I can reproduce this on Windows with VS Code 1.133.0 Stable and its bundled GitHub Copilot 0.61.0.  #331190,open,2026-08-17 12:45:20+00:00,2026-08-17 13:11:37+00:00,,1.5,1.5,1.48,0,0,,1,0,0,NONE,6339,107,0,8,0,0,0,0,0,188912,41710,19952,188912,1367899,0.0,0.0,Low,Keep In Normal Delivery Rhythm.
Developer Experience Modernization,Developer Tools,microsoft/vscode,331198,https://github.com/microsoft/vscode/pull/331198,Pull Request,fix: memory leak in mainThreadTask,open,2026-08-17 12:45:26+00:00,2026-08-17 16:11:41+00:00,,1.5,1.5,1.35,0,1,triage-needed,1,0,0,CONTRIBUTOR,1069,34,0,8,0,0,0,1,0,188912,41710,19952,188912,1367899,0.0,0.0,Low,Keep In Normal Delivery Rhythm.
Developer Experience Modernization,Developer Tools,microsoft/vscode,331199,https://github.com/microsoft/vscode/issues/331199,Issue,Agent multi root settings are marked as unknown,closed,2026-08-17 12:45:58+00:00,2026-08-17 12:59:47+00:00,2026-08-17 12:54:25+00:00,1.5,0.01,1.49,2,0,,1,1,0,MEMBER,177,47,0,8,0,0,0,0,0,188912,41710,19952,188912,1367899,0.0,0.0,Low,Keep In Normal Delivery Rhythm.
Cloud Native Platform Reliability,Cloud Platform,kubernetes/kubernetes,141416,https://github.com/kubernetes/kubernetes/pull/141416,Pull Request,sets: optimize SymmetricDifference with a single-allocation dual pass,open,2026-08-17 12:48:36+00:00,2026-08-17 12:49:48+00:00,,1.5,1.5,1.49,5,8,kind/cleanup | sig/api-machinery | size/M | cncf-cla: yes | needs-ok-to-test | do-not-merge/release-note-label-needed | needs-priority | needs-triage,0,0,0,NONE,2437,69,0,8,1,0,1,1,0,124580,43868,2952,124580,1510698,0.0011,0.1,Low,Keep In Normal Delivery Rhythm.
Language Ecosystem Delivery,Language Platform,rust-lang/rust,161239,https://github.com/rust-lang/rust/pull/161239,Pull Request,Fix `#[repr(transparent)]` wrapper types not working with `Complex<T>`,closed,2026-08-17 12:55:21+00:00,2026-08-18 16:13:10+00:00,2026-08-18 16:06:10+00:00,1.49,1.13,0.35,3,2,T-compiler | S-waiting-on-bors,1,1,0,CONTRIBUTOR,219,70,0,8,1,0,0,0,0,115595,15431,12711,115595,972236,0.0,0.0,Low,Keep In Normal Delivery Rhythm.
Language Ecosystem Delivery,Language Platform,rust-lang/rust,161240,https://github.com/rust-lang/rust/pull/161240,Pull Request,mailmap: Add Wilfred,closed,2026-08-17 12:57:11+00:00,2026-08-18 09:33:36+00:00,2026-08-18 09:33:33+00:00,1.49,0.86,0.63,3,2,S-waiting-on-bors | A-meta,1,1,0,CONTRIBUTOR,22,20,0,8,1,0,0,0,0,115595,15431,12711,115595,972236,0.0,0.0,Low,Keep In Normal Delivery Rhythm.
Data Platform Orchestration,Data Engineering,apache/airflow,71714,https://github.com/apache/airflow/pull/71714,Pull Request,[v3-3-test] Keep ZIP-archived Dags active when dag_discovery_safe_mode is False (#68518),closed,2026-08-17 12:57:37+00:00,2026-08-17 19:58:52+00:00,2026-08-17 19:57:58+00:00,1.49,0.29,1.2,1,3,kind:documentation | area:DAG-processing | area:ConfigTemplates,0,1,0,CONTRIBUTOR,1142,88,0,8,0,0,0,0,0,46523,17615,1885,46523,693411,0.0,0.0,Low,Keep In Normal Delivery Rhythm.
Runtime Platform Stabilization,Runtime Engineering,nodejs/node,65352,https://github.com/nodejs/node/pull/65352,Pull Request,src: let embedders supply a builtin code cache without a snapshot,open,2026-08-17 12:58:17+00:00,2026-08-18 15:36:04+00:00,,1.49,1.49,0.38,4,2,c++ | needs-ci,0,0,0,MEMBER,2995,65,0,8,1,0,0,0,0,119012,36525,1490,119012,1537562,0.0001,0.0,Low,Keep In Normal Delivery Rhythm.
Developer Experience Modernization,Developer Tools,microsoft/vscode,331200,https://github.com/microsoft/vscode/issues/331200,Issue,Change workspace folder doesn't update chat UI,closed,2026-08-17 12:58:24+00:00,2026-08-18 21:54:22+00:00,2026-08-18 08:51:42+00:00,1.49,0.83,0.12,2,1,insiders-released,1,1,0,MEMBER,336,46,0,8,0,0,0,0,0,188912,41710,19952,188912,1367899,0.0,0.0,Low,Keep In Normal Delivery Rhythm.
Cloud Native Platform Reliability,Cloud Platform,kubernetes/kubernetes,141417,https://github.com/kubernetes/kubernetes/issues/141417,Issue,[Failing test] [sig-scalability] ci-kubernetes-e2e-kops-aws-scale-amazonvpc-using-cl2.Overall,open,2026-08-17 12:59:52+00:00,2026-08-17 13:00:00+00:00,,1.49,1.49,1.49,1,3,sig/scalability | kind/failing-test | needs-triage,0,0,0,MEMBER,1620,93,0,8,1,0,0,1,0,124580,43868,2952,124580,1510698,0.0006,0.1,Low,Keep In Normal Delivery Rhythm.
Developer Experience Modernization,Developer Tools,microsoft/vscode,331202,https://github.com/microsoft/vscode/issues/331202,Issue,Given a chat group trying to dock a chat to the bottom shows a drag affordance that doesn't work,open,2026-08-17 13:18:47+00:00,2026-08-18 11:41:50+00:00,,1.47,1.47,0.54,0,2,bug | agents-window,1,1,0,MEMBER,249,96,0,8,0,1,0,0,0,188912,41710,19952,188912,1367899,0.0,0.0,Low,Keep In Normal Delivery Rhythm.
Developer Experience Modernization,Developer Tools,microsoft/vscode,331203,https://github.com/microsoft/vscode/issues/331203,Issue,After moving chat unclear how to rejoin it to parent chat,open,2026-08-17 13:20:53+00:00,2026-08-18 11:41:56+00:00,,1.47,1.47,0.54,1,2,feature-request | agents-window,1,1,0,MEMBER,218,57,0,8,0,0,0,0,0,188912,41710,19952,188912,1367899,0.0,0.0,Low,Keep In Normal Delivery Rhythm.
Developer Experience Modernization,Developer Tools,microsoft/vscode,331204,https://github.com/microsoft/vscode/pull/331204,Pull Request,Add recent external sessions filter,closed,2026-08-17 13:22:21+00:00,2026-08-17 14:50:22+00:00,2026-08-17 14:46:01+00:00,1.47,0.06,1.41,0,0,,0,1,0,CONTRIBUTOR,308,35,0,8,0,0,0,0,0,188912,41710,19952,188912,1367899,0.0,0.0,Low,Keep In Normal Delivery Rhythm.
Language Ecosystem Delivery,Language Platform,rust-lang/rust,161241,https://github.com/rust-lang/rust/pull/161241,Pull Request,Rollup of 6 pull requests,closed,2026-08-17 13:23:25+00:00,2026-08-17 19:49:55+00:00,2026-08-17 18:53:26+00:00,1.47,0.23,1.2,21,8,A-testsuite | T-compiler | S-waiting-on-author | T-infra | rollup | T-libs | A-CI | T-rust-analyzer,0,0,0,MEMBER,738,25,0,8,1,0,0,0,0,115595,15431,12711,115595,972236,0.0,0.0,Low,Keep In Normal Delivery Rhythm.
Developer Experience Modernization,Developer Tools,microsoft/vscode,331205,https://github.com/microsoft/vscode/issues/331205,Issue,Chat layout storage race,open,2026-08-17 13:25:42+00:00,2026-08-18 11:41:49+00:00,,1.47,1.47,0.54,0,2,bug | agents-window,1,1,0,MEMBER,289,24,0,8,0,1,0,0,0,188912,41710,19952,188912,1367899,0.0,0.0,Low,Keep In Normal Delivery Rhythm.
Developer Experience Modernization,Developer Tools,microsoft/vscode,331206,https://github.com/microsoft/vscode/issues/331206,Issue,Dictation chat icon is not scoped to current chat,closed,2026-08-17 13:28:06+00:00,2026-08-18 21:54:18+00:00,2026-08-17 21:22:46+00:00,1.47,0.33,0.12,0,3,bug | insiders-released | dictation,1,1,0,MEMBER,246,49,0,8,0,1,0,0,0,188912,41710,19952,188912,1367899,0.0,0.0,Low,Keep In Normal Delivery Rhythm.
Developer Experience Modernization,Developer Tools,microsoft/vscode,331207,https://github.com/microsoft/vscode/issues/331207,Issue,No drag sash between chat layouts,open,2026-08-17 13:29:43+00:00,2026-08-18 11:41:54+00:00,,1.47,1.47,0.54,0,2,feature-request | agents-window,1,1,0,MEMBER,304,33,0,8,0,0,0,0,0,188912,41710,19952,188912,1367899,0.0,0.0,Low,Keep In Normal Delivery Rhythm.
Data Platform Orchestration,Data Engineering,apache/airflow,71715,https://github.com/apache/airflow/pull/71715,Pull Request,[v3-3-test] Dispatch the highest priority tasks first in the executor (#70942),closed,2026-08-17 13:31:01+00:00,2026-08-17 19:56:07+00:00,2026-08-17 19:55:13+00:00,1.47,0.27,1.2,1,1,area:Executors-core,0,1,0,CONTRIBUTOR,152,78,0,8,0,0,0,0,0,46523,17615,1885,46523,693411,0.0,0.0,Low,Keep In Normal Delivery Rhythm.
Developer Experience Modernization,Developer Tools,microsoft/vscode,331208,https://github.com/microsoft/vscode/issues/331208,Issue,Duplicate vscode pets if you have both a new and existing chat,open,2026-08-17 13:32:45+00:00,2026-08-17 13:49:53+00:00,,1.47,1.47,1.45,0,0,,1,0,0,MEMBER,255,62,0,8,0,0,0,0,0,188912,41710,19952,188912,1367899,0.0,0.0,Low,Keep In Normal Delivery Rhythm.
Developer Experience Modernization,Developer Tools,microsoft/vscode,331209,https://github.com/microsoft/vscode/pull/331209,Pull Request,agentHost: Filter external Copilot sessions,closed,2026-08-17 13:34:09+00:00,2026-08-17 14:54:54+00:00,2026-08-17 14:19:47+00:00,1.46,0.03,1.41,0,0,,0,1,0,CONTRIBUTOR,1081,43,0,8,0,0,0,0,0,188912,41710,19952,188912,1367899,0.0,0.0,Low,Keep In Normal Delivery Rhythm.
Developer Experience Modernization,Developer Tools,microsoft/vscode,331210,https://github.com/microsoft/vscode/issues/331210,Issue,There is no chat.tools.global.autoApprove in the entrprise policies,closed,2026-08-17 13:34:59+00:00,2026-08-17 17:15:14+00:00,2026-08-17 17:15:14+00:00,1.46,0.15,1.31,1,0,,1,0,0,MEMBER,162,67,0,8,0,0,0,0,0,188912,41710,19952,188912,1367899,0.0001,0.0,Low,Keep In Normal Delivery Rhythm.
Language Ecosystem Delivery,Language Platform,rust-lang/rust,161242,https://github.com/rust-lang/rust/issues/161242,Issue,Tracking issue for release notes of #160668: enable next solver by default in orphanck,open,2026-08-17 13:38:36+00:00,2026-08-18 12:51:18+00:00,,1.46,1.46,0.49,0,4,T-compiler | relnotes | needs-triage | relnotes-tracking-issue,0,1,0,COLLABORATOR,1543,86,0,8,1,0,0,1,0,115595,15431,12711,115595,972236,0.0,0.0,Low,Keep In Normal Delivery Rhythm.
Developer Experience Modernization,Developer Tools,microsoft/vscode,331211,https://github.com/microsoft/vscode/issues/331211,Issue,Migrate Customizations to Agent Host Harnesses: improve wording,open,2026-08-17 13:41:10+00:00,2026-08-17 14:08:09+00:00,,1.46,1.46,1.44,0,0,,1,0,0,CONTRIBUTOR,1396,63,0,8,0,0,0,0,0,188912,41710,19952,188912,1367899,0.0,0.0,Low,Keep In Normal Delivery Rhythm.
Developer Experience Modernization,Developer Tools,microsoft/vscode,331212,https://github.com/microsoft/vscode/issues/331212,Issue,Migrate Customizations to Agent Host Harnesses: make UI consistent with prompt migration,open,2026-08-17 13:47:04+00:00,2026-08-17 14:19:12+00:00,,1.46,1.46,1.43,0,0,,1,0,0,CONTRIBUTOR,838,88,0,8,0,0,0,0,0,188912,41710,19952,188912,1367899,0.0,0.0,Low,Keep In Normal Delivery Rhythm.
Cloud Native Platform Reliability,Cloud Platform,kubernetes/kubernetes,141418,https://github.com/kubernetes/kubernetes/pull/141418,Pull Request,scheduler: remove redundant conditional branch in getEntityFromAnyQueue,open,2026-08-17 13:49:27+00:00,2026-08-18 05:05:38+00:00,,1.45,1.45,0.82,3,3,size/XS | cncf-cla: yes | ok-to-test,0,0,0,NONE,1226,71,0,8,0,0,0,0,0,124580,43868,2952,124580,1510698,0.0041,0.4,Low,Keep In Normal Delivery Rhythm.
Developer Experience Modernization,Developer Tools,microsoft/vscode,331213,https://github.com/microsoft/vscode/issues/331213,Issue,Unable to get image generation with chatgpt subscription,open,2026-08-17 13:58:00+00:00,2026-08-17 18:31:00+00:00,,1.45,1.45,1.26,3,0,,1,0,0,COLLABORATOR,1272,56,0,8,0,0,0,0,0,188912,41710,19952,188912,1367899,0.0,0.0,Low,Keep In Normal Delivery Rhythm.
Language Ecosystem Delivery,Language Platform,rust-lang/rust,161243,https://github.com/rust-lang/rust/pull/161243,Pull Request,"Do not install new binutils on the system, only use it in gcc",open,2026-08-17 14:08:55+00:00,2026-08-18 22:59:44+00:00,,1.44,1.44,0.07,39,4,A-testsuite | S-waiting-on-author | T-infra | A-CI,0,0,0,MEMBER,253,61,0,8,1,0,0,0,0,115595,15431,12711,115595,972236,0.0001,0.0,Low,Keep In Normal Delivery Rhythm.
Developer Experience Modernization,Developer Tools,microsoft/vscode,331214,https://github.com/microsoft/vscode/issues/331214,Issue,Migrate Customizations to Agent Host Harnesses: disable for Claude & Codex,open,2026-08-17 14:32:34+00:00,2026-08-17 14:40:35+00:00,,1.42,1.42,1.42,0,0,,1,0,0,CONTRIBUTOR,633,74,0,8,0,0,0,0,0,188912,41710,19952,188912,1367899,0.0,0.0,Low,Keep In Normal Delivery Rhythm.
Developer Experience Modernization,Developer Tools,microsoft/vscode,331215,https://github.com/microsoft/vscode/issues/331215,Issue,CANT ABLE TO ACCESS,open,2026-08-17 14:38:03+00:00,2026-08-17 15:26:30+00:00,,1.42,1.42,1.39,0,1,info-needed,0,0,0,NONE,3184,19,0,8,0,0,0,0,0,188912,41710,19952,188912,1367899,0.0,0.0,Low,Keep In Normal Delivery Rhythm.
Language Ecosystem Delivery,Language Platform,rust-lang/rust,161244,https://github.com/rust-lang/rust/pull/161244,Pull Request,Add regression test for indexing an unsized static without a body,closed,2026-08-17 14:39:43+00:00,2026-08-18 16:25:46+00:00,2026-08-18 16:06:09+00:00,1.42,1.06,0.34,1,2,T-compiler | S-waiting-on-bors,1,1,0,CONTRIBUTOR,41,65,0,8,1,0,0,0,0,115595,15431,12711,115595,972236,0.0,0.0,Low,Keep In Normal Delivery Rhythm.
Developer Experience Modernization,Developer Tools,microsoft/vscode,331216,https://github.com/microsoft/vscode/issues/331216,Issue,Migrate Customizations to Agent Host: Not Keyboard accessible,open,2026-08-17 14:43:17+00:00,2026-08-17 14:43:17+00:00,,1.42,1.42,1.42,0,0,,1,0,0,CONTRIBUTOR,660,61,0,8,0,0,0,0,0,188912,41710,19952,188912,1367899,0.0,0.0,Low,Keep In Normal Delivery Rhythm.
Developer Experience Modernization,Developer Tools,microsoft/vscode,331217,https://github.com/microsoft/vscode/issues/331217,Issue,Language Model unavailable,closed,2026-08-17 14:49:47+00:00,2026-08-17 15:08:18+00:00,2026-08-17 15:08:17+00:00,1.41,0.01,1.4,1,0,,0,0,0,NONE,2530,26,0,8,0,0,0,0,0,188912,41710,19952,188912,1367899,0.0,0.0,Low,Keep In Normal Delivery Rhythm.
Data Platform Orchestration,Data Engineering,apache/airflow,71716,https://github.com/apache/airflow/pull/71716,Pull Request,Add duplicate-PR closure sweep to magpie triage overrides,open,2026-08-17 14:56:21+00:00,2026-08-17 14:56:21+00:00,,1.41,1.41,1.41,0,0,,0,0,0,MEMBER,2621,57,0,8,0,0,0,0,0,46523,17615,1885,46523,693411,0.0,0.0,Low,Keep In Normal Delivery Rhythm.
Developer Experience Modernization,Developer Tools,microsoft/vscode,331218,https://github.com/microsoft/vscode/issues/331218,Issue,facing error ,open,2026-08-17 15:12:03+00:00,2026-08-17 15:42:46+00:00,,1.4,1.4,1.37,0,1,triage-needed,1,0,0,NONE,9675,13,0,8,0,0,0,1,0,188912,41710,19952,188912,1367899,0.0,0.0,Low,Keep In Normal Delivery Rhythm.
Developer Experience Modernization,Developer Tools,microsoft/vscode,331219,https://github.com/microsoft/vscode/issues/331219,Issue,Generate Commit Message not working,open,2026-08-17 15:13:33+00:00,2026-08-17 17:13:37+00:00,,1.4,1.4,1.31,0,0,,1,0,0,NONE,3472,35,0,8,0,0,0,0,0,188912,41710,19952,188912,1367899,0.0,0.0,Low,Keep In Normal Delivery Rhythm.
Developer Experience Modernization,Developer Tools,microsoft/vscode,331220,https://github.com/microsoft/vscode/issues/331220,Issue,not able to run chat session to debug,open,2026-08-17 15:16:07+00:00,2026-08-17 17:13:34+00:00,,1.39,1.39,1.31,1,1,triage-needed,0,0,0,NONE,2996,37,0,8,0,0,0,1,0,188912,41710,19952,188912,1367899,0.0,0.0,Low,Keep In Normal Delivery Rhythm.
Runtime Platform Stabilization,Runtime Engineering,nodejs/node,65353,https://github.com/nodejs/node/pull/65353,Pull Request,src: run same-priority platform tasks in posting order,open,2026-08-17 15:20:29+00:00,2026-08-18 14:17:45+00:00,,1.39,1.39,0.43,2,2,c++ | request-ci,0,0,0,MEMBER,2274,54,0,8,0,0,0,0,0,119012,36525,1490,119012,1537562,0.0003,0.0,Low,Keep In Normal Delivery Rhythm.
Language Ecosystem Delivery,Language Platform,rust-lang/rust,161245,https://github.com/rust-lang/rust/pull/161245,Pull Request,document meaning of empty feature name in correct_fixed_length_vector_abi tables,closed,2026-08-17 15:22:25+00:00,2026-08-18 10:14:02+00:00,2026-08-18 09:33:32+00:00,1.39,0.76,0.6,3,1,S-waiting-on-bors,1,1,0,MEMBER,239,80,0,8,1,0,0,0,0,115595,15431,12711,115595,972236,0.0,0.0,Low,Keep In Normal Delivery Rhythm.
Language Ecosystem Delivery,Language Platform,rust-lang/rust,161246,https://github.com/rust-lang/rust/pull/161246,Pull Request,fix: normalize non-rigid aliases in ty_known_to_outlive,open,2026-08-17 15:32:49+00:00,2026-08-18 08:00:29+00:00,,1.38,1.38,0.7,1,1,T-compiler,0,0,0,CONTRIBUTOR,205,55,0,8,0,0,0,0,0,115595,15431,12711,115595,972236,0.0,0.0,Low,Keep In Normal Delivery Rhythm.
Data Platform Orchestration,Data Engineering,apache/airflow,71717,https://github.com/apache/airflow/pull/71717,Pull Request,Add myself to code-owners on the common.ai provider,closed,2026-08-17 15:51:20+00:00,2026-08-17 16:46:05+00:00,2026-08-17 16:44:31+00:00,1.37,0.04,1.33,1,2,area:dev-tools | backport-to-v3-3-test,0,0,0,MEMBER,0,51,0,8,0,0,0,0,0,46523,17615,1885,46523,693411,0.0001,0.0,Low,Keep In Normal Delivery Rhythm.
Data Platform Orchestration,Data Engineering,apache/airflow,71718,https://github.com/apache/airflow/pull/71718,Pull Request,Regenerate API datamodels after the CI environment lock upgrade,open,2026-08-17 15:57:28+00:00,2026-08-17 17:17:21+00:00,,1.36,1.36,1.31,0,2,area:dev-tools | backport-to-v3-3-test,0,0,0,MEMBER,1251,63,0,8,0,0,0,0,0,46523,17615,1885,46523,693411,0.0,0.0,Low,Keep In Normal Delivery Rhythm.
Runtime Platform Stabilization,Runtime Engineering,nodejs/node,65354,https://github.com/nodejs/node/pull/65354,Pull Request,[v24.x] Backport permission updates to v24,open,2026-08-17 15:59:18+00:00,2026-08-18 02:04:50+00:00,,1.36,1.36,0.94,3,6,c++ | semver-minor | lib / src | author ready | needs-ci | v24.x,0,0,0,MEMBER,287,42,0,8,1,0,0,0,0,119012,36525,1490,119012,1537562,0.001,0.1,Low,Keep In Normal Delivery Rhythm.
Cloud Native Platform Reliability,Cloud Platform,kubernetes/kubernetes,141419,https://github.com/kubernetes/kubernetes/issues/141419,Issue,Node join with custom join token with webhook based auth,open,2026-08-17 15:59:35+00:00,2026-08-18 20:00:21+00:00,,1.36,1.36,0.2,2,2,sig/auth | needs-triage,0,0,0,NONE,475,56,0,8,1,0,0,1,0,124580,43868,2952,124580,1510698,0.0019,0.2,Low,Keep In Normal Delivery Rhythm.
Data Platform Orchestration,Data Engineering,apache/airflow,71719,https://github.com/apache/airflow/pull/71719,Pull Request,UI: Mask sensitive connection extra fields in the connection form,open,2026-08-17 16:03:21+00:00,2026-08-18 18:32:40+00:00,,1.36,1.36,0.26,1,2,area:API | area:UI,0,0,0,NONE,2517,65,0,8,0,0,0,0,0,46523,17615,1885,46523,693411,0.0,0.0,Low,Keep In Normal Delivery Rhythm.
Developer Experience Modernization,Developer Tools,microsoft/vscode,331221,https://github.com/microsoft/vscode/pull/331221,Pull Request,Scope dictation indicator to owning chat,closed,2026-08-17 16:16:21+00:00,2026-08-17 21:22:48+00:00,2026-08-17 21:22:45+00:00,1.35,0.21,1.14,1,0,,1,1,0,COLLABORATOR,356,40,0,8,0,0,0,0,0,188912,41710,19952,188912,1367899,0.0,0.0,Low,Keep In Normal Delivery Rhythm.
Developer Experience Modernization,Developer Tools,microsoft/vscode,331222,https://github.com/microsoft/vscode/pull/331222,Pull Request,Flatten markdown headings in omni bar routing badge preview,closed,2026-08-17 16:16:55+00:00,2026-08-18 01:18:20+00:00,2026-08-18 01:18:18+00:00,1.35,0.38,0.98,0,0,,2,1,0,CONTRIBUTOR,1159,59,0,8,0,0,0,0,0,188912,41710,19952,188912,1367899,0.0,0.0,Low,Keep In Normal Delivery Rhythm.
Developer Experience Modernization,Developer Tools,microsoft/vscode,331223,https://github.com/microsoft/vscode/issues/331223,Issue,Unable to add Workspace,open,2026-08-17 16:17:19+00:00,2026-08-18 11:41:48+00:00,,1.35,1.35,0.54,0,2,bug | agents-window,1,1,0,NONE,2990,23,0,8,0,1,0,0,0,188912,41710,19952,188912,1367899,0.0,0.0,Low,Keep In Normal Delivery Rhythm.
Developer Experience Modernization,Developer Tools,microsoft/vscode,331224,https://github.com/microsoft/vscode/pull/331224,Pull Request,Show send-button spinner immediately on Omni chat submit,closed,2026-08-17 16:18:58+00:00,2026-08-17 22:25:09+00:00,2026-08-17 22:25:08+00:00,1.35,0.25,1.1,0,0,,2,1,0,CONTRIBUTOR,1722,56,0,8,0,0,0,0,0,188912,41710,19952,188912,1367899,0.0,0.0,Low,Keep In Normal Delivery Rhythm.
Developer Experience Modernization,Developer Tools,microsoft/vscode,331225,https://github.com/microsoft/vscode/pull/331225,Pull Request,Render a window shadow on the floating chat input window,closed,2026-08-17 16:19:37+00:00,2026-08-18 17:32:51+00:00,2026-08-18 17:32:51+00:00,1.35,1.05,0.3,0,0,,2,1,0,CONTRIBUTOR,1277,56,0,8,0,0,0,0,0,188912,41710,19952,188912,1367899,0.0,0.0,Low,Keep In Normal Delivery Rhythm.
Cloud Native Platform Reliability,Cloud Platform,kubernetes/kubernetes,141420,https://github.com/kubernetes/kubernetes/pull/141420,Pull Request,DO NOT REVIEW: test ,closed,2026-08-17 16:23:38+00:00,2026-08-17 17:30:54+00:00,2026-08-17 17:30:53+00:00,1.35,0.05,1.3,7,9,area/test | sig/node | size/XS | cncf-cla: yes | sig/testing | do-not-merge/release-note-label-needed | needs-priority | needs-triage | do-not-merge/needs-kind,0,0,0,CONTRIBUTOR,3277,20,0,8,1,0,1,1,0,124580,43868,2952,124580,1510698,0.0012,0.1,Low,Keep In Normal Delivery Rhythm.
Data Platform Orchestration,Data Engineering,apache/airflow,71720,https://github.com/apache/airflow/pull/71720,Pull Request,Pin the statement budget for persisting Dag parse results,open,2026-08-17 16:24:10+00:00,2026-08-18 20:08:24+00:00,,1.35,1.35,0.19,0,1,area:DAG-processing,0,0,0,CONTRIBUTOR,1289,57,0,8,0,0,0,0,0,46523,17615,1885,46523,693411,0.0,0.0,Low,Keep In Normal Delivery Rhythm.
Data Platform Orchestration,Data Engineering,apache/airflow,71721,https://github.com/apache/airflow/issues/71721,Issue,Airflow 3.2.0: structured task logging increases log size by 1.89× and high-volume task runtime by 2.64×,open,2026-08-17 16:26:10+00:00,2026-08-17 16:30:12+00:00,,1.34,1.34,1.34,1,4,kind:bug | area:performance | area:logging | needs-triage,0,0,0,NONE,7519,104,0,8,1,1,0,1,0,46523,17615,1885,46523,693411,0.0,0.0,Low,Keep In Normal Delivery Rhythm.
Data Platform Orchestration,Data Engineering,apache/airflow,71722,https://github.com/apache/airflow/pull/71722,Pull Request,Improve DAG authorization filtering performance,closed,2026-08-17 16:27:21+00:00,2026-08-18 15:53:16+00:00,2026-08-18 15:53:16+00:00,1.34,0.98,0.37,1,1,area:API,0,0,0,CONTRIBUTOR,764,47,0,8,0,0,0,0,0,46523,17615,1885,46523,693411,0.0001,0.0,Low,Keep In Normal Delivery Rhythm.
Developer Experience Modernization,Developer Tools,microsoft/vscode,331226,https://github.com/microsoft/vscode/issues/331226,Issue,Consider bringing back local model dictation for non copilot users,closed,2026-08-17 16:29:15+00:00,2026-08-18 21:54:14+00:00,2026-08-17 21:18:30+00:00,1.34,0.2,0.12,0,3,bug | insiders-released | dictation,1,1,0,COLLABORATOR,5277,66,0,8,0,1,0,0,0,188912,41710,19952,188912,1367899,0.0,0.0,Low,Keep In Normal Delivery Rhythm.
Language Ecosystem Delivery,Language Platform,rust-lang/rust,161247,https://github.com/rust-lang/rust/pull/161247,Pull Request,Assorted bootstrap LLVM refactors (part 3/N),open,2026-08-17 16:30:22+00:00,2026-08-18 12:07:14+00:00,,1.34,1.34,0.52,5,3,A-testsuite | T-bootstrap | S-waiting-on-bors,1,0,0,MEMBER,1095,44,0,8,1,0,0,0,0,115595,15431,12711,115595,972236,0.0002,0.0,Low,Keep In Normal Delivery Rhythm.
Developer Experience Modernization,Developer Tools,microsoft/vscode,331227,https://github.com/microsoft/vscode/issues/331227,Issue,An automation that started yesterday but completed today looks confusing in the history list,open,2026-08-17 16:30:41+00:00,2026-08-17 16:31:31+00:00,,1.34,1.34,1.34,0,2,bug | automations,1,0,0,MEMBER,283,92,0,8,0,1,0,0,0,188912,41710,19952,188912,1367899,0.0,0.0,Low,Keep In Normal Delivery Rhythm.
Data Platform Orchestration,Data Engineering,apache/airflow,71723,https://github.com/apache/airflow/pull/71723,Pull Request,Fix Task subprocess deadlock on Linux when fork inherits a held OpenSSL lock,open,2026-08-17 16:33:47+00:00,2026-08-17 16:33:51+00:00,,1.34,1.34,1.34,0,1,area:task-sdk,0,0,0,NONE,1103,76,0,8,0,0,0,0,0,46523,17615,1885,46523,693411,0.0001,0.0,Low,Keep In Normal Delivery Rhythm.
Developer Experience Modernization,Developer Tools,microsoft/vscode,331228,https://github.com/microsoft/vscode/issues/331228,Issue,Chat input min width hides send button,open,2026-08-17 16:41:20+00:00,2026-08-17 16:41:20+00:00,,1.33,1.33,1.33,0,0,,2,0,0,MEMBER,130,38,0,8,0,0,0,0,0,188912,41710,19952,188912,1367899,0.0,0.0,Low,Keep In Normal Delivery Rhythm.
Data Platform Orchestration,Data Engineering,apache/airflow,71724,https://github.com/apache/airflow/pull/71724,Pull Request,Remove non-committers from CODEOWNERS,closed,2026-08-17 16:41:24+00:00,2026-08-17 17:19:29+00:00,2026-08-17 17:18:06+00:00,1.33,0.03,1.31,1,3,area:dev-tools | changelog:skip | backport-to-v3-3-test,0,0,0,MEMBER,141,37,0,8,0,0,0,0,0,46523,17615,1885,46523,693411,0.0,0.0,Low,Keep In Normal Delivery Rhythm.
Developer Experience Modernization,Developer Tools,microsoft/vscode,331229,https://github.com/microsoft/vscode/issues/331229,Issue,Chat session renaming,open,2026-08-17 16:42:30+00:00,2026-08-17 16:52:11+00:00,,1.33,1.33,1.33,0,0,,1,0,0,NONE,100,21,0,8,0,0,0,0,0,188912,41710,19952,188912,1367899,0.0,0.0,Low,Keep In Normal Delivery Rhythm.
Developer Experience Modernization,Developer Tools,microsoft/vscode,331230,https://github.com/microsoft/vscode/issues/331230,Issue,External session banner issues,open,2026-08-17 16:44:33+00:00,2026-08-17 16:46:06+00:00,,1.33,1.33,1.33,0,0,,1,0,0,MEMBER,651,30,0,8,0,0,0,0,0,188912,41710,19952,188912,1367899,0.0,0.0,Low,Keep In Normal Delivery Rhythm.
Developer Experience Modernization,Developer Tools,microsoft/vscode,331231,https://github.com/microsoft/vscode/issues/331231,Issue,Not showing any response,closed,2026-08-17 16:48:18+00:00,2026-08-17 16:48:29+00:00,2026-08-17 16:48:29+00:00,1.33,0.0,1.33,0,0,,0,0,0,NONE,4234,24,0,8,0,0,0,0,0,188912,41710,19952,188912,1367899,0.0001,0.0,Low,Keep In Normal Delivery Rhythm.
Data Platform Orchestration,Data Engineering,apache/airflow,71725,https://github.com/apache/airflow/pull/71725,Pull Request,Add Ascii Box backend for sandbox tools,open,2026-08-17 16:49:13+00:00,2026-08-17 19:39:16+00:00,,1.33,1.33,1.21,0,3,area:providers | kind:documentation | provider:common-ai,0,0,0,CONTRIBUTOR,1479,39,0,8,0,0,0,0,0,46523,17615,1885,46523,693411,0.0,0.0,Low,Keep In Normal Delivery Rhythm.
Cloud Native Platform Reliability,Cloud Platform,kubernetes/kubernetes,141421,https://github.com/kubernetes/kubernetes/issues/141421,Issue,aws500NodeDRA Scale test has been failing,closed,2026-08-17 16:51:32+00:00,2026-08-18 08:44:05+00:00,2026-08-17 23:47:28+00:00,1.33,0.29,0.67,10,3,kind/failing-test | needs-triage | wg/device-management,0,0,0,CONTRIBUTOR,603,41,0,8,1,0,0,1,0,124580,43868,2952,124580,1510698,0.0003,0.0,Low,Keep In Normal Delivery Rhythm.
Data Platform Orchestration,Data Engineering,apache/airflow,71726,https://github.com/apache/airflow/pull/71726,Pull Request,"[v3-3-test] Fix deadline serialization, repr, and prune edge cases (#70421)",closed,2026-08-17 16:57:46+00:00,2026-08-17 19:48:17+00:00,2026-08-17 19:47:16+00:00,1.32,0.12,1.2,1,2,area:deadline-alerts | area:DAG-processing,0,1,0,CONTRIBUTOR,339,75,0,8,0,0,0,0,0,46523,17615,1885,46523,693411,0.0,0.0,Low,Keep In Normal Delivery Rhythm.
Developer Experience Modernization,Developer Tools,microsoft/vscode,331232,https://github.com/microsoft/vscode/issues/331232,Issue,Agents window single pane: Switched to `Changes` tab even though no changes,open,2026-08-17 16:57:52+00:00,2026-08-18 13:03:20+00:00,,1.32,1.32,0.49,0,2,bug | agents-window,1,1,0,MEMBER,535,75,0,8,0,1,0,0,0,188912,41710,19952,188912,1367899,0.0,0.0,Low,Keep In Normal Delivery Rhythm.
Cloud Native Platform Reliability,Cloud Platform,kubernetes/kubernetes,141422,https://github.com/kubernetes/kubernetes/issues/141422,Issue,"Empty DeviceTaintRule selector evicts every pod in the cluster, across namespaces and priorities, until the rule is removed",open,2026-08-17 16:58:02+00:00,2026-08-17 17:01:29+00:00,,1.32,1.32,1.32,2,4,kind/bug | sig/scheduling | sig/node | needs-triage,0,0,0,NONE,5346,123,0,8,1,1,0,1,0,124580,43868,2952,124580,1510698,0.0003,0.0,Low,Keep In Normal Delivery Rhythm.
Developer Experience Modernization,Developer Tools,microsoft/vscode,331233,https://github.com/microsoft/vscode/pull/331233,Pull Request,Fix inconsistent Omni input window height growth,closed,2026-08-17 17:00:44+00:00,2026-08-18 15:24:51+00:00,2026-08-18 15:24:49+00:00,1.32,0.93,0.39,1,0,,2,1,0,CONTRIBUTOR,1098,48,0,8,0,0,0,0,0,188912,41710,19952,188912,1367899,0.0,0.0,Low,Keep In Normal Delivery Rhythm.
Data Platform Orchestration,Data Engineering,apache/airflow,71727,https://github.com/apache/airflow/pull/71727,Pull Request,Ignore the magpie snapshot symlink in git worktrees,closed,2026-08-17 17:00:51+00:00,2026-08-17 18:04:17+00:00,2026-08-17 18:04:16+00:00,1.32,0.04,1.28,0,0,,0,0,0,MEMBER,1321,51,0,8,0,0,0,0,0,46523,17615,1885,46523,693411,0.0,0.0,Low,Keep In Normal Delivery Rhythm.
Developer Experience Modernization,Developer Tools,microsoft/vscode,331234,https://github.com/microsoft/vscode/issues/331234,Issue,Agents window single pane: Missing right padding on tabs?,open,2026-08-17 17:01:13+00:00,2026-08-18 13:05:28+00:00,,1.32,1.32,0.48,1,2,bug | agents-window,2,0,0,MEMBER,334,57,0,8,0,1,0,0,0,188912,41710,19952,188912,1367899,0.0,0.0,Low,Keep In Normal Delivery Rhythm.
Language Ecosystem Delivery,Language Platform,rust-lang/rust,161248,https://github.com/rust-lang/rust/issues/161248,Issue,Tracking Issue for `float_nan_to`,open,2026-08-17 17:03:05+00:00,2026-08-18 11:32:51+00:00,,1.32,1.32,0.55,2,2,T-libs-api | C-tracking-issue,0,0,0,CONTRIBUTOR,922,33,0,8,0,0,0,0,0,115595,15431,12711,115595,972236,0.0,0.0,Low,Keep In Normal Delivery Rhythm.
Developer Experience Modernization,Developer Tools,microsoft/vscode,331235,https://github.com/microsoft/vscode/issues/331235,Issue,Agents window single pane: Unexpected panel resizing after opening second tab,closed,2026-08-17 17:08:07+00:00,2026-08-18 13:04:48+00:00,2026-08-18 13:04:48+00:00,1.32,0.83,0.48,0,3,bug | *as-designed | agents-window,1,1,0,MEMBER,573,77,0,8,0,1,0,0,0,188912,41710,19952,188912,1367899,0.0,0.0,Low,Keep In Normal Delivery Rhythm.
Language Ecosystem Delivery,Language Platform,rust-lang/rust,161249,https://github.com/rust-lang/rust/pull/161249,Pull Request,Add regression test for missing size bound suggestion for trait item,closed,2026-08-17 17:08:36+00:00,2026-08-18 09:33:36+00:00,2026-08-18 09:33:32+00:00,1.32,0.68,0.63,6,2,T-compiler | S-waiting-on-bors,1,1,0,NONE,27,68,0,8,1,0,0,0,0,115595,15431,12711,115595,972236,0.0,0.0,Low,Keep In Normal Delivery Rhythm.
Developer Experience Modernization,Developer Tools,microsoft/vscode,331236,https://github.com/microsoft/vscode/pull/331236,Pull Request,fix localization format string parsing,closed,2026-08-17 17:09:35+00:00,2026-08-18 13:25:08+00:00,2026-08-18 13:24:01+00:00,1.31,0.84,0.47,0,0,,1,1,0,MEMBER,1045,38,0,8,0,0,0,0,0,188912,41710,19952,188912,1367899,0.0,0.0,Low,Keep In Normal Delivery Rhythm.
Developer Experience Modernization,Developer Tools,microsoft/vscode,331237,https://github.com/microsoft/vscode/issues/331237,Issue,Agents window single pane: Resizing can hide file list and show search instead,open,2026-08-17 17:11:36+00:00,2026-08-18 13:08:16+00:00,,1.31,1.31,0.48,1,2,bug | agents-window,1,1,0,MEMBER,705,78,0,8,0,1,0,0,0,188912,41710,19952,188912,1367899,0.0,0.0,Low,Keep In Normal Delivery Rhythm.
Developer Experience Modernization,Developer Tools,microsoft/vscode,331238,https://github.com/microsoft/vscode/issues/331238,Issue,AI Chat: Language model unavailable,closed,2026-08-17 17:12:17+00:00,2026-08-17 17:24:58+00:00,2026-08-17 17:20:59+00:00,1.31,0.01,1.3,1,1,~chat-lm-unavailable,0,0,0,NONE,4565,35,0,8,0,0,0,0,0,188912,41710,19952,188912,1367899,0.0,0.0,Low,Keep In Normal Delivery Rhythm.
Developer Experience Modernization,Developer Tools,microsoft/vscode,331239,https://github.com/microsoft/vscode/pull/331239,Pull Request,agentHost: make startup session discovery registry-first,closed,2026-08-17 17:13:14+00:00,2026-08-17 21:11:06+00:00,2026-08-17 21:10:21+00:00,1.31,0.16,1.15,0,0,,1,1,0,CONTRIBUTOR,1201,56,0,8,0,0,0,0,0,188912,41710,19952,188912,1367899,0.0,0.0,Low,Keep In Normal Delivery Rhythm.
Developer Experience Modernization,Developer Tools,microsoft/vscode,331240,https://github.com/microsoft/vscode/issues/331240,Issue,Allow disabling inlay hints text edits,open,2026-08-17 17:14:25+00:00,2026-08-18 10:28:57+00:00,,1.31,1.31,0.59,1,1,feature-request,1,1,0,NONE,108,38,0,8,0,0,0,0,0,188912,41710,19952,188912,1367899,0.0,0.0,Low,Keep In Normal Delivery Rhythm.
Developer Experience Modernization,Developer Tools,microsoft/vscode,331241,https://github.com/microsoft/vscode/pull/331241,Pull Request,Improve dictation cleanup reliability,closed,2026-08-17 17:16:28+00:00,2026-08-17 23:39:41+00:00,2026-08-17 23:39:40+00:00,1.31,0.27,1.04,0,0,,1,1,0,COLLABORATOR,889,37,0,8,0,0,0,0,0,188912,41710,19952,188912,1367899,0.0,0.0,Low,Keep In Normal Delivery Rhythm.
Data Platform Orchestration,Data Engineering,apache/airflow,71728,https://github.com/apache/airflow/pull/71728,Pull Request,[v3-3-test] Remove non-committers from CODEOWNERS (#71724),open,2026-08-17 17:19:27+00:00,2026-08-17 17:19:31+00:00,,1.31,1.31,1.31,0,1,area:dev-tools,0,0,0,CONTRIBUTOR,264,58,0,8,0,0,0,0,0,46523,17615,1885,46523,693411,0.0001,0.0,Low,Keep In Normal Delivery Rhythm.
Developer Experience Modernization,Developer Tools,microsoft/vscode,331242,https://github.com/microsoft/vscode/issues/331242,Issue,agent needs permission to read instructions from an installed plugin,open,2026-08-17 17:21:37+00:00,2026-08-17 17:21:37+00:00,,1.31,1.31,1.31,0,0,,1,0,0,COLLABORATOR,293,68,0,8,0,0,0,0,0,188912,41710,19952,188912,1367899,0.0,0.0,Low,Keep In Normal Delivery Rhythm.
Developer Experience Modernization,Developer Tools,microsoft/vscode,331243,https://github.com/microsoft/vscode/issues/331243,Issue,Window width and height increases on every launch,open,2026-08-17 17:23:17+00:00,2026-08-17 19:18:06+00:00,,1.31,1.31,1.23,0,1,triage-needed,1,0,0,NONE,2395,49,0,8,0,0,0,1,0,188912,41710,19952,188912,1367899,0.0,0.0,Low,Keep In Normal Delivery Rhythm.
Developer Experience Modernization,Developer Tools,microsoft/vscode,331244,https://github.com/microsoft/vscode/pull/331244,Pull Request,sessions: Synchronize live last turn changes,closed,2026-08-17 17:23:32+00:00,2026-08-17 18:23:35+00:00,2026-08-17 18:20:41+00:00,1.3,0.04,1.26,1,0,,1,1,0,MEMBER,844,44,0,8,0,0,0,0,0,188912,41710,19952,188912,1367899,0.0,0.0,Low,Keep In Normal Delivery Rhythm.
Language Ecosystem Delivery,Language Platform,rust-lang/rust,161250,https://github.com/rust-lang/rust/pull/161250,Pull Request,core/num: Implement feature `float_nan_to`,closed,2026-08-17 17:24:54+00:00,2026-08-18 09:37:23+00:00,2026-08-18 09:33:32+00:00,1.3,0.67,0.63,4,2,S-waiting-on-bors | T-libs,1,1,0,CONTRIBUTOR,312,42,0,8,1,0,0,0,0,115595,15431,12711,115595,972236,0.0,0.0,Low,Keep In Normal Delivery Rhythm.
Developer Experience Modernization,Developer Tools,microsoft/vscode,331245,https://github.com/microsoft/vscode/issues/331245,Issue,Omni window is wrong layout wise when on a different zoom level,closed,2026-08-17 17:27:05+00:00,2026-08-18 17:35:06+00:00,2026-08-18 17:33:08+00:00,1.3,1.0,0.3,2,4,bug | accessibility | *out-of-scope | agents-bar,2,1,0,COLLABORATOR,236,63,0,8,0,1,0,0,0,188912,41710,19952,188912,1367899,0.0,0.0,Low,Keep In Normal Delivery Rhythm.
Developer Experience Modernization,Developer Tools,microsoft/vscode,331246,https://github.com/microsoft/vscode/issues/331246,Issue,Language model unavailable,closed,2026-08-17 17:27:08+00:00,2026-08-17 21:25:00+00:00,2026-08-17 21:22:58+00:00,1.3,0.16,1.14,1,1,triage-needed,1,1,0,NONE,4777,26,0,8,0,0,0,1,0,188912,41710,19952,188912,1367899,0.0,0.0,Low,Keep In Normal Delivery Rhythm.
Developer Experience Modernization,Developer Tools,microsoft/vscode,331247,https://github.com/microsoft/vscode/issues/331247,Issue,Agents Window: Incorrect Model info shown for session triggered from editor window,open,2026-08-17 17:28:52+00:00,2026-08-17 17:29:26+00:00,,1.3,1.3,1.3,0,0,,1,0,0,COLLABORATOR,275,82,0,8,0,0,0,0,0,188912,41710,19952,188912,1367899,0.0,0.0,Low,Keep In Normal Delivery Rhythm.
Developer Experience Modernization,Developer Tools,microsoft/vscode,331248,https://github.com/microsoft/vscode/issues/331248,Issue,Chat Title: Generated Title Casing is different between the Agents/Editor window,open,2026-08-17 17:30:26+00:00,2026-08-18 11:41:39+00:00,,1.3,1.3,0.54,0,2,bug | agents-window,1,1,0,COLLABORATOR,207,80,0,8,0,1,0,0,0,188912,41710,19952,188912,1367899,0.0,0.0,Low,Keep In Normal Delivery Rhythm.
Developer Experience Modernization,Developer Tools,microsoft/vscode,331249,https://github.com/microsoft/vscode/issues/331249,Issue,Closing and reopening multi-line omni window with CI errors results in offset,closed,2026-08-17 17:31:32+00:00,2026-08-18 17:35:18+00:00,2026-08-18 17:33:19+00:00,1.3,1.0,0.3,2,3,info-needed | *out-of-scope | agents-bar,1,1,0,COLLABORATOR,325,77,0,8,0,0,0,0,0,188912,41710,19952,188912,1367899,0.0,0.0,Low,Keep In Normal Delivery Rhythm.
Developer Experience Modernization,Developer Tools,microsoft/vscode,331250,https://github.com/microsoft/vscode/issues/331250,Issue,Gemini and other models don't load,closed,2026-08-17 17:31:47+00:00,2026-08-17 17:35:13+00:00,2026-08-17 17:35:13+00:00,1.3,0.0,1.3,1,0,,0,0,0,NONE,1824,34,0,8,0,0,0,0,0,188912,41710,19952,188912,1367899,0.0,0.0,Low,Keep In Normal Delivery Rhythm.
Cloud Native Platform Reliability,Cloud Platform,kubernetes/kubernetes,141423,https://github.com/kubernetes/kubernetes/pull/141423,Pull Request,Fix the flaky test for the ChangeContainerStatusOnKubeletRestart feature gate,open,2026-08-17 17:33:28+00:00,2026-08-17 19:47:18+00:00,,1.3,1.3,1.21,4,9,area/test | sig/node | size/S | kind/flake | release-note-none | cncf-cla: yes | sig/testing | needs-priority | needs-triage,0,0,0,CONTRIBUTOR,3886,77,0,8,1,0,1,1,0,124580,43868,2952,124580,1510698,0.1672,16.7,Low,Keep In Normal Delivery Rhythm.
Data Platform Orchestration,Data Engineering,apache/airflow,71729,https://github.com/apache/airflow/pull/71729,Pull Request,CLI: Add --limit flag to airflow dags list-runs,open,2026-08-17 17:34:36+00:00,2026-08-18 17:39:47+00:00,,1.3,1.3,0.29,1,1,area:CLI,0,0,0,CONTRIBUTOR,1417,47,0,8,0,0,0,0,0,46523,17615,1885,46523,693411,0.0,0.0,Low,Keep In Normal Delivery Rhythm.
Developer Experience Modernization,Developer Tools,microsoft/vscode,331251,https://github.com/microsoft/vscode/issues/331251,Issue,Gemini and other models don't load,open,2026-08-17 17:37:21+00:00,2026-08-17 19:34:46+00:00,,1.3,1.3,1.21,3,1,triage-needed,1,0,0,NONE,1936,34,0,8,0,0,0,1,0,188912,41710,19952,188912,1367899,0.0,0.0,Low,Keep In Normal Delivery Rhythm.
Developer Experience Modernization,Developer Tools,microsoft/vscode,331252,https://github.com/microsoft/vscode/issues/331252,Issue,Adding context results in a new floating window to appear,closed,2026-08-17 17:39:55+00:00,2026-08-18 21:54:10+00:00,2026-08-17 22:45:23+00:00,1.29,0.21,0.12,1,3,bug | insiders-released | agents-bar,2,1,0,COLLABORATOR,207,57,0,8,0,1,0,0,0,188912,41710,19952,188912,1367899,0.0,0.0,Low,Keep In Normal Delivery Rhythm.
Developer Experience Modernization,Developer Tools,microsoft/vscode,331253,https://github.com/microsoft/vscode/issues/331253,Issue,Failed to call rename_chat error appears for every user prompt,closed,2026-08-17 17:39:57+00:00,2026-08-17 18:31:26+00:00,2026-08-17 18:31:26+00:00,1.29,0.04,1.26,0,0,,1,0,0,MEMBER,99,62,0,8,0,0,0,0,0,188912,41710,19952,188912,1367899,0.0,0.0,Low,Keep In Normal Delivery Rhythm.
Developer Experience Modernization,Developer Tools,microsoft/vscode,331254,https://github.com/microsoft/vscode/issues/331254,Issue,Failed to call rename_chat error appears for every user prompt,closed,2026-08-17 17:40:02+00:00,2026-08-17 18:32:00+00:00,2026-08-17 18:32:00+00:00,1.29,0.04,1.26,0,0,,1,0,0,MEMBER,99,62,0,8,0,0,0,0,0,188912,41710,19952,188912,1367899,0.0,0.0,Low,Keep In Normal Delivery Rhythm.
Developer Experience Modernization,Developer Tools,microsoft/vscode,331255,https://github.com/microsoft/vscode/issues/331255,Issue,Language model unavailable,closed,2026-08-17 17:40:29+00:00,2026-08-17 21:25:07+00:00,2026-08-17 21:22:52+00:00,1.29,0.15,1.14,3,0,,1,1,0,NONE,4388,26,0,8,0,0,0,0,0,188912,41710,19952,188912,1367899,0.0001,0.0,Low,Keep In Normal Delivery Rhythm.
Developer Experience Modernization,Developer Tools,microsoft/vscode,331256,https://github.com/microsoft/vscode/issues/331256,Issue,Model picker not visible in VS Code 1.133.0 (works in 1.132.1),closed,2026-08-17 17:41:02+00:00,2026-08-18 18:05:16+00:00,2026-08-18 18:02:00+00:00,1.29,1.01,0.28,1,0,,2,1,0,NONE,786,62,0,8,0,0,0,0,0,188912,41710,19952,188912,1367899,0.0,0.0,Low,Keep In Normal Delivery Rhythm.
Developer Experience Modernization,Developer Tools,microsoft/vscode,331257,https://github.com/microsoft/vscode/issues/331257,Issue,Extra text in migrated session title,open,2026-08-17 17:42:14+00:00,2026-08-17 17:44:47+00:00,,1.29,1.29,1.29,1,2,bug | agent-host,1,0,0,MEMBER,427,36,0,8,0,1,0,0,0,188912,41710,19952,188912,1367899,0.0,0.0,Low,Keep In Normal Delivery Rhythm.
Language Ecosystem Delivery,Language Platform,rust-lang/rust,161251,https://github.com/rust-lang/rust/issues/161251,Issue,`-Znext-solver=globally` breaks `TransmuteFrom<&T>`,open,2026-08-17 17:47:11+00:00,2026-08-17 21:06:24+00:00,,1.29,1.29,1.15,0,5,T-compiler | C-bug | WG-trait-system-refactor | needs-triage | F-transmutability,0,0,0,CONTRIBUTOR,1671,51,0,8,1,1,0,1,0,115595,15431,12711,115595,972236,0.0,0.0,Low,Keep In Normal Delivery Rhythm.
Developer Experience Modernization,Developer Tools,microsoft/vscode,331258,https://github.com/microsoft/vscode/issues/331258,Issue,Agent Host: background client auto-cancels side chat ask_user requests after 5s grace window,open,2026-08-17 17:47:48+00:00,2026-08-17 22:43:31+00:00,,1.29,1.29,1.08,0,2,bug | agent-host,1,0,0,CONTRIBUTOR,4320,92,0,8,0,1,0,0,0,188912,41710,19952,188912,1367899,0.0,0.0,Low,Keep In Normal Delivery Rhythm.
Language Ecosystem Delivery,Language Platform,rust-lang/rust,161252,https://github.com/rust-lang/rust/pull/161252,Pull Request,Skip computing extra liveness info if borrow_set is empty,open,2026-08-17 17:50:37+00:00,2026-08-17 19:54:26+00:00,,1.29,1.29,1.2,7,1,perf-regression,1,0,0,MEMBER,6,57,0,8,0,1,0,0,0,115595,15431,12711,115595,972236,0.0003,0.0,Low,Keep In Normal Delivery Rhythm.
Data Platform Orchestration,Data Engineering,apache/airflow,71730,https://github.com/apache/airflow/pull/71730,Pull Request,Add auto-clear of failed child tasks to TriggerDagRunOperator (#53402),open,2026-08-17 17:52:22+00:00,2026-08-18 17:33:20+00:00,,1.28,1.28,0.3,1,5,area:providers | area:API | kind:documentation | provider:standard | area:task-sdk,0,0,0,NONE,2895,70,0,8,0,0,0,0,0,46523,17615,1885,46523,693411,0.0,0.0,Low,Keep In Normal Delivery Rhythm.
Developer Experience Modernization,Developer Tools,microsoft/vscode,331259,https://github.com/microsoft/vscode/issues/331259,Issue,External session continued in both apps appears strange in both apps,open,2026-08-17 17:53:11+00:00,2026-08-17 17:53:58+00:00,,1.28,1.28,1.28,0,0,,1,0,0,MEMBER,558,68,0,8,0,0,0,0,0,188912,41710,19952,188912,1367899,0.0,0.0,Low,Keep In Normal Delivery Rhythm.
Developer Experience Modernization,Developer Tools,microsoft/vscode,331260,https://github.com/microsoft/vscode/issues/331260,Issue,Model picker didn't update in an existing session when I signed in to Copilot,open,2026-08-17 17:56:07+00:00,2026-08-17 17:59:10+00:00,,1.28,1.28,1.28,1,0,,1,0,0,MEMBER,394,77,0,8,0,0,0,0,0,188912,41710,19952,188912,1367899,0.0,0.0,Low,Keep In Normal Delivery Rhythm.
Developer Experience Modernization,Developer Tools,microsoft/vscode,331261,https://github.com/microsoft/vscode/issues/331261,Issue,Show model refusal explanations instead of an empty response error,closed,2026-08-17 17:56:23+00:00,2026-08-18 21:54:06+00:00,2026-08-17 21:11:43+00:00,1.28,0.14,0.12,0,2,bug | insiders-released,1,1,0,COLLABORATOR,472,66,0,8,0,1,0,0,0,188912,41710,19952,188912,1367899,0.0,0.0,Low,Keep In Normal Delivery Rhythm.
Developer Experience Modernization,Developer Tools,microsoft/vscode,331262,https://github.com/microsoft/vscode/issues/331262,Issue,Language model unaivailable,closed,2026-08-17 17:56:34+00:00,2026-08-17 17:57:21+00:00,2026-08-17 17:57:21+00:00,1.28,0.0,1.28,1,1,invalid,0,0,0,NONE,99,27,0,8,0,0,0,0,0,188912,41710,19952,188912,1367899,0.0,0.0,Low,Keep In Normal Delivery Rhythm.
Language Ecosystem Delivery,Language Platform,rust-lang/rust,161253,https://github.com/rust-lang/rust/pull/161253,Pull Request,Implement `AsMut<T>` and `AsRef<T>` for `!`.,open,2026-08-17 18:00:33+00:00,2026-08-17 18:08:43+00:00,,1.28,1.28,1.27,0,3,T-libs-api | S-waiting-on-review | F-never_type,0,0,0,CONTRIBUTOR,620,44,0,8,1,0,0,0,0,115595,15431,12711,115595,972236,0.0,0.0,Low,Keep In Normal Delivery Rhythm.
Developer Experience Modernization,Developer Tools,microsoft/vscode,331263,https://github.com/microsoft/vscode/issues/331263,Issue,folder picker with no relevant hook configs,closed,2026-08-17 18:00:40+00:00,2026-08-18 02:29:28+00:00,2026-08-18 02:29:17+00:00,1.28,0.35,0.93,1,3,bug | duplicate | agent-host,1,1,0,COLLABORATOR,458,43,0,8,0,1,0,0,0,188912,41710,19952,188912,1367899,0.0,0.0,Low,Keep In Normal Delivery Rhythm.
Developer Experience Modernization,Developer Tools,microsoft/vscode,331264,https://github.com/microsoft/vscode/issues/331264,Issue,language model unavailable error,closed,2026-08-17 18:02:33+00:00,2026-08-17 18:14:58+00:00,2026-08-17 18:14:58+00:00,1.28,0.01,1.27,2,0,,0,0,0,NONE,2786,32,0,8,0,0,0,0,0,188912,41710,19952,188912,1367899,0.0,0.0,Low,Keep In Normal Delivery Rhythm.
Developer Experience Modernization,Developer Tools,microsoft/vscode,331265,https://github.com/microsoft/vscode/issues/331265,Issue,jittering options when switching between harnesses,open,2026-08-17 18:02:45+00:00,2026-08-17 19:52:34+00:00,,1.28,1.28,1.2,1,0,,1,0,0,COLLABORATOR,98,50,0,8,0,0,0,0,0,188912,41710,19952,188912,1367899,0.0,0.0,Low,Keep In Normal Delivery Rhythm.
Developer Experience Modernization,Developer Tools,microsoft/vscode,331266,https://github.com/microsoft/vscode/issues/331266,Issue,"""Copilot CLI"" can still show when session migration is enabled",open,2026-08-17 18:06:44+00:00,2026-08-17 18:06:48+00:00,,1.27,1.27,1.27,0,0,,1,0,0,MEMBER,3025,62,0,8,0,0,0,0,0,188912,41710,19952,188912,1367899,0.0,0.0,Low,Keep In Normal Delivery Rhythm.
Developer Experience Modernization,Developer Tools,microsoft/vscode,331267,https://github.com/microsoft/vscode/issues/331267,Issue,omni input styling,closed,2026-08-17 18:07:47+00:00,2026-08-18 21:54:00+00:00,2026-08-17 23:16:18+00:00,1.27,0.21,0.12,0,3,bug | insiders-released | agents-bar,1,1,0,COLLABORATOR,259,18,0,8,0,1,0,0,0,188912,41710,19952,188912,1367899,0.0,0.0,Low,Keep In Normal Delivery Rhythm.
Developer Experience Modernization,Developer Tools,microsoft/vscode,331268,https://github.com/microsoft/vscode/issues/331268,Issue,omni session cut off,closed,2026-08-17 18:10:39+00:00,2026-08-17 22:37:27+00:00,2026-08-17 22:33:55+00:00,1.27,0.18,1.09,3,4,bug | info-needed | *duplicate | agents-bar,1,1,0,COLLABORATOR,259,20,0,8,0,1,0,0,0,188912,41710,19952,188912,1367899,0.0,0.0,Low,Keep In Normal Delivery Rhythm.
Developer Experience Modernization,Developer Tools,microsoft/vscode,331269,https://github.com/microsoft/vscode/issues/331269,Issue,no workspace differentiation for paths in a permission widget,open,2026-08-17 18:12:06+00:00,2026-08-18 02:38:51+00:00,,1.27,1.27,0.92,0,3,polish | under-discussion | agent-host,1,1,0,COLLABORATOR,358,61,0,8,0,0,0,0,0,188912,41710,19952,188912,1367899,0.0,0.0,Low,Keep In Normal Delivery Rhythm.
Developer Experience Modernization,Developer Tools,microsoft/vscode,331270,https://github.com/microsoft/vscode/issues/331270,Issue,Chat took too long to get ready,open,2026-08-17 18:12:26+00:00,2026-08-18 21:55:41+00:00,,1.27,1.27,0.12,0,1,info-needed,1,0,0,NONE,2125,31,0,8,0,0,0,0,0,188912,41710,19952,188912,1367899,0.0,0.0,Low,Keep In Normal Delivery Rhythm.
Developer Experience Modernization,Developer Tools,microsoft/vscode,331271,https://github.com/microsoft/vscode/issues/331271,Issue,omni session repo choice seems arbitrary,closed,2026-08-17 18:12:50+00:00,2026-08-17 20:49:16+00:00,2026-08-17 20:49:11+00:00,1.27,0.11,1.16,1,1,*as-designed,1,0,0,COLLABORATOR,317,40,0,8,0,0,0,0,0,188912,41710,19952,188912,1367899,0.0,0.0,Low,Keep In Normal Delivery Rhythm.
Developer Experience Modernization,Developer Tools,microsoft/vscode,331272,https://github.com/microsoft/vscode/issues/331272,Issue,Session creation countdown could be longer,closed,2026-08-17 18:16:02+00:00,2026-08-18 17:35:18+00:00,2026-08-18 17:33:22+00:00,1.27,0.97,0.3,1,3,feature-request | *out-of-scope | agents-bar,1,0,0,COLLABORATOR,373,42,0,8,0,0,0,0,0,188912,41710,19952,188912,1367899,0.0,0.0,Low,Keep In Normal Delivery Rhythm.
Developer Experience Modernization,Developer Tools,microsoft/vscode,331273,https://github.com/microsoft/vscode/issues/331273,Issue,External sessions showing up despite setting filter to `None`,open,2026-08-17 18:16:03+00:00,2026-08-17 18:16:03+00:00,,1.27,1.27,1.27,0,0,,1,0,0,MEMBER,150,61,0,8,0,0,0,0,0,188912,41710,19952,188912,1367899,0.0001,0.0,Low,Keep In Normal Delivery Rhythm.
Developer Experience Modernization,Developer Tools,microsoft/vscode,331274,https://github.com/microsoft/vscode/issues/331274,Issue,Copilot Chat Error: “Language model unavailable” Until Full PC Restart,open,2026-08-17 18:18:24+00:00,2026-08-17 21:53:32+00:00,,1.27,1.27,1.12,4,1,triage-needed,1,0,0,NONE,5246,70,0,8,0,0,0,1,0,188912,41710,19952,188912,1367899,0.0,0.0,Low,Keep In Normal Delivery Rhythm.
Developer Experience Modernization,Developer Tools,microsoft/vscode,331275,https://github.com/microsoft/vscode/issues/331275,Issue,_St depends on UNKNOWN service chatSessionRoutingProviderService.,closed,2026-08-17 18:23:19+00:00,2026-08-18 21:53:56+00:00,2026-08-17 22:26:16+00:00,1.26,0.17,0.12,1,3,bug | insiders-released | agents-bar,1,1,0,MEMBER,596,65,0,8,0,1,0,0,0,188912,41710,19952,188912,1367899,0.0,0.0,Low,Keep In Normal Delivery Rhythm.
Developer Experience Modernization,Developer Tools,microsoft/vscode,331276,https://github.com/microsoft/vscode/pull/331276,Pull Request,[cherry-pick] sessions: Synchronize live last turn changes,closed,2026-08-17 18:23:32+00:00,2026-08-17 19:26:03+00:00,2026-08-17 19:23:25+00:00,1.26,0.04,1.22,0,1,cherry-pick-artifact,1,1,0,CONTRIBUTOR,1369,58,0,8,0,0,0,0,0,188912,41710,19952,188912,1367899,0.0,0.0,Low,Keep In Normal Delivery Rhythm.
Developer Experience Modernization,Developer Tools,microsoft/vscode,331277,https://github.com/microsoft/vscode/issues/331277,Issue,"External sessions are slow appear, filter, and in some cases don't filter at all",open,2026-08-17 18:24:54+00:00,2026-08-17 18:24:54+00:00,,1.26,1.26,1.26,0,0,,1,0,0,MEMBER,689,80,0,8,0,0,0,0,0,188912,41710,19952,188912,1367899,0.0,0.0,Low,Keep In Normal Delivery Rhythm.
Runtime Platform Stabilization,Runtime Engineering,nodejs/node,65355,https://github.com/nodejs/node/issues/65355,Issue,test_runner: JUnit report is truncated when a failed test triggers empty context.diagnostic(),open,2026-08-17 18:25:41+00:00,2026-08-18 04:13:01+00:00,,1.26,1.26,0.85,0,1,test_runner,0,0,0,CONTRIBUTOR,1750,93,0,8,0,0,0,0,0,119012,36525,1490,119012,1537562,0.0001,0.0,Low,Keep In Normal Delivery Rhythm.
Developer Experience Modernization,Developer Tools,microsoft/vscode,331278,https://github.com/microsoft/vscode/pull/331278,Pull Request,fix chat jump on pet window blur,closed,2026-08-17 18:27:21+00:00,2026-08-17 21:29:33+00:00,2026-08-17 21:24:53+00:00,1.26,0.12,1.13,0,0,,1,1,0,COLLABORATOR,406,32,0,8,0,0,0,0,0,188912,41710,19952,188912,1367899,0.0,0.0,Low,Keep In Normal Delivery Rhythm.
Runtime Platform Stabilization,Runtime Engineering,nodejs/node,65356,https://github.com/nodejs/node/pull/65356,Pull Request,build: add --v8-enable-wasm-gdb-remote-debugging configure option,open,2026-08-17 18:32:01+00:00,2026-08-17 18:37:36+00:00,,1.26,1.26,1.25,0,4,build | v8 engine | tools | needs-ci,0,0,0,CONTRIBUTOR,2350,65,0,8,1,0,0,0,0,119012,36525,1490,119012,1537562,0.0001,0.0,Low,Keep In Normal Delivery Rhythm.
Developer Experience Modernization,Developer Tools,microsoft/vscode,331279,https://github.com/microsoft/vscode/issues/331279,Issue,Omnichat: Shift+Enter doesn't resize the window until you hover the mouse over,closed,2026-08-17 18:32:25+00:00,2026-08-17 21:49:54+00:00,2026-08-17 21:42:25+00:00,1.26,0.13,1.12,1,2,*duplicate | agents-bar,1,0,0,CONTRIBUTOR,237,78,0,8,0,0,0,0,0,188912,41710,19952,188912,1367899,0.0,0.0,Low,Keep In Normal Delivery Rhythm.
Developer Experience Modernization,Developer Tools,microsoft/vscode,331280,https://github.com/microsoft/vscode/issues/331280,Issue,Language model unavailable,closed,2026-08-17 18:38:55+00:00,2026-08-17 18:55:03+00:00,2026-08-17 18:55:03+00:00,1.25,0.01,1.24,2,0,,0,0,0,NONE,3183,26,0,8,0,0,0,0,0,188912,41710,19952,188912,1367899,0.0,0.0,Low,Keep In Normal Delivery Rhythm.
Developer Experience Modernization,Developer Tools,microsoft/vscode,331281,https://github.com/microsoft/vscode/pull/331281,Pull Request,chat: describe BYOK Responses failures that omit error details,closed,2026-08-17 18:43:56+00:00,2026-08-17 20:29:27+00:00,2026-08-17 20:26:48+00:00,1.25,0.07,1.18,1,0,,1,1,0,MEMBER,3993,62,0,8,0,0,0,0,0,188912,41710,19952,188912,1367899,0.0,0.0,Low,Keep In Normal Delivery Rhythm.
Language Ecosystem Delivery,Language Platform,rust-lang/rust,161254,https://github.com/rust-lang/rust/pull/161254,Pull Request,Reserve capacity for 3% anon nodes,open,2026-08-17 18:51:14+00:00,2026-08-17 20:50:46+00:00,,1.24,1.24,1.16,8,2,T-compiler | S-waiting-on-review,1,0,0,CONTRIBUTOR,143,34,0,8,1,0,0,0,0,115595,15431,12711,115595,972236,0.0,0.0,Low,Keep In Normal Delivery Rhythm.
Developer Experience Modernization,Developer Tools,microsoft/vscode,331282,https://github.com/microsoft/vscode/pull/331282,Pull Request,Share one model-selection policy between Workbench chat and the Agents Window,closed,2026-08-17 18:52:46+00:00,2026-08-18 02:24:53+00:00,2026-08-18 02:23:33+00:00,1.24,0.31,0.93,2,0,,1,1,0,MEMBER,4180,77,0,8,0,0,0,0,0,188912,41710,19952,188912,1367899,0.0,0.0,Low,Keep In Normal Delivery Rhythm.
Language Ecosystem Delivery,Language Platform,rust-lang/rust,161255,https://github.com/rust-lang/rust/pull/161255,Pull Request,Rollup of 11 pull requests,closed,2026-08-17 18:53:53+00:00,2026-08-17 18:58:33+00:00,2026-08-17 18:58:28+00:00,1.24,0.0,1.24,6,10,A-LLVM | A-testsuite | T-compiler | S-waiting-on-author | T-infra | rollup | A-meta | T-libs | A-CI | T-rust-analyzer,0,0,0,MEMBER,998,26,0,8,1,0,0,0,0,115595,15431,12711,115595,972236,0.0,0.0,Low,Keep In Normal Delivery Rhythm.
Developer Experience Modernization,Developer Tools,microsoft/vscode,331283,https://github.com/microsoft/vscode/pull/331283,Pull Request,"Forward fontSize, fontFamily and opacity on decoration attachments",open,2026-08-17 18:54:18+00:00,2026-08-17 22:24:00+00:00,,1.24,1.24,1.1,1,1,triage-needed,1,0,0,NONE,3945,66,0,8,0,0,0,1,0,188912,41710,19952,188912,1367899,0.0,0.0,Low,Keep In Normal Delivery Rhythm.
Developer Experience Modernization,Developer Tools,microsoft/vscode,331284,https://github.com/microsoft/vscode/issues/331284,Issue,report,closed,2026-08-17 18:56:11+00:00,2026-08-17 18:56:20+00:00,2026-08-17 18:56:20+00:00,1.24,0.0,1.24,0,0,,0,0,0,NONE,321,6,0,8,0,0,0,0,0,188912,41710,19952,188912,1367899,0.0,0.0,Low,Keep In Normal Delivery Rhythm.
Developer Experience Modernization,Developer Tools,microsoft/vscode,331285,https://github.com/microsoft/vscode/issues/331285,Issue,codex hooks do not get run,open,2026-08-17 18:57:30+00:00,2026-08-17 18:57:30+00:00,,1.24,1.24,1.24,0,0,,1,0,0,COLLABORATOR,743,26,0,8,0,0,0,0,0,188912,41710,19952,188912,1367899,0.0,0.0,Low,Keep In Normal Delivery Rhythm.
Language Ecosystem Delivery,Language Platform,rust-lang/rust,161256,https://github.com/rust-lang/rust/pull/161256,Pull Request,Rollup of 12 pull requests,closed,2026-08-17 18:58:34+00:00,2026-08-18 00:34:42+00:00,2026-08-17 23:29:37+00:00,1.24,0.19,1.01,11,12,A-LLVM | A-testsuite | A-attributes | T-compiler | T-infra | merged-by-bors | rollup | A-meta | T-libs | A-CI | A-rustc-dev-guide | T-rust-analyzer,0,1,0,MEMBER,1093,26,0,8,0,0,0,0,0,115595,15431,12711,115595,972236,0.0,0.0,Low,Keep In Normal Delivery Rhythm.
Language Ecosystem Delivery,Language Platform,rust-lang/rust,161257,https://github.com/rust-lang/rust/pull/161257,Pull Request,Ignore target feature test when LLVM fails to compile minicore,closed,2026-08-17 18:59:35+00:00,2026-08-18 21:59:25+00:00,2026-08-18 16:06:10+00:00,1.24,0.88,0.11,10,3,T-compiler | S-waiting-on-bors | llvm-main,1,1,0,CONTRIBUTOR,862,62,0,8,1,0,0,0,0,115595,15431,12711,115595,972236,0.0,0.0,Low,Keep In Normal Delivery Rhythm.
Developer Experience Modernization,Developer Tools,microsoft/vscode,331286,https://github.com/microsoft/vscode/issues/331286,Issue,Automations history inconsistent sizing between quick chats and workspace chats,closed,2026-08-17 19:02:24+00:00,2026-08-18 21:53:53+00:00,2026-08-17 21:54:46+00:00,1.24,0.12,0.12,1,3,bug | insiders-released | automations,1,1,0,MEMBER,368,79,0,8,0,1,0,0,0,188912,41710,19952,188912,1367899,0.0,0.0,Low,Keep In Normal Delivery Rhythm.
Developer Experience Modernization,Developer Tools,microsoft/vscode,331287,https://github.com/microsoft/vscode/issues/331287,Issue,Search doesn't start from where my view is,open,2026-08-17 19:05:30+00:00,2026-08-17 19:05:30+00:00,,1.23,1.23,1.23,0,0,,1,0,0,MEMBER,142,42,0,8,0,0,0,0,0,188912,41710,19952,188912,1367899,0.0,0.0,Low,Keep In Normal Delivery Rhythm.
Runtime Platform Stabilization,Runtime Engineering,nodejs/node,65357,https://github.com/nodejs/node/pull/65357,Pull Request,test_runner: fix junit report on empty diagnostic,open,2026-08-17 19:09:17+00:00,2026-08-18 00:27:03+00:00,,1.23,1.23,1.01,4,3,author ready | needs-ci | test_runner,0,0,0,CONTRIBUTOR,576,49,0,8,1,0,0,0,0,119012,36525,1490,119012,1537562,0.0001,0.0,Low,Keep In Normal Delivery Rhythm.
Developer Experience Modernization,Developer Tools,microsoft/vscode,331288,https://github.com/microsoft/vscode/issues/331288,Issue,enabling claude hooks will disable the folder selector,open,2026-08-17 19:10:06+00:00,2026-08-18 02:42:44+00:00,,1.23,1.23,0.92,2,2,info-needed | agent-host,1,0,0,COLLABORATOR,292,54,0,8,0,0,0,0,0,188912,41710,19952,188912,1367899,0.0,0.0,Low,Keep In Normal Delivery Rhythm.
Developer Experience Modernization,Developer Tools,microsoft/vscode,331289,https://github.com/microsoft/vscode/issues/331289,Issue,"Agent host: after a client reconnects, new client tool calls are still attributed to the disconnected client and fail immediately",open,2026-08-17 19:14:23+00:00,2026-08-18 21:55:34+00:00,,1.23,1.23,0.12,1,0,,1,0,0,CONTRIBUTOR,3957,129,0,8,0,0,0,0,0,188912,41710,19952,188912,1367899,0.0004,0.0,Low,Keep In Normal Delivery Rhythm.
Developer Experience Modernization,Developer Tools,microsoft/vscode,331290,https://github.com/microsoft/vscode/issues/331290,Issue,"Why does the workspace folder switcher stay disabled, even when no prompt is running",closed,2026-08-17 19:14:31+00:00,2026-08-18 13:03:16+00:00,2026-08-18 02:58:07+00:00,1.23,0.32,0.49,3,2,*as-designed | agent-host,1,0,0,MEMBER,206,84,0,8,0,0,0,0,0,188912,41710,19952,188912,1367899,0.0,0.0,Low,Keep In Normal Delivery Rhythm.
Developer Experience Modernization,Developer Tools,microsoft/vscode,331291,https://github.com/microsoft/vscode/issues/331291,Issue,Opened Omni chat to a confirmation for which I don't have the context,closed,2026-08-17 19:15:00+00:00,2026-08-18 17:35:15+00:00,2026-08-18 17:33:24+00:00,1.23,0.93,0.3,1,3,feature-request | *out-of-scope | agents-bar,2,1,0,COLLABORATOR,359,69,0,8,0,0,0,0,0,188912,41710,19952,188912,1367899,0.0,0.0,Low,Keep In Normal Delivery Rhythm.
Developer Experience Modernization,Developer Tools,microsoft/vscode,331292,https://github.com/microsoft/vscode/issues/331292,Issue,Lento al iniciar,closed,2026-08-17 19:15:28+00:00,2026-08-17 19:16:08+00:00,2026-08-17 19:16:08+00:00,1.23,0.0,1.23,0,0,,0,0,0,NONE,521,16,0,8,0,0,0,0,0,188912,41710,19952,188912,1367899,0.0,0.0,Low,Keep In Normal Delivery Rhythm.
Language Ecosystem Delivery,Language Platform,rust-lang/rust,161258,https://github.com/rust-lang/rust/pull/161258,Pull Request,perf: return early from in_external_macro for root contexts,closed,2026-08-17 19:17:09+00:00,2026-08-18 16:06:14+00:00,2026-08-18 16:06:10+00:00,1.23,0.87,0.36,8,2,T-compiler | S-waiting-on-bors,1,1,0,CONTRIBUTOR,154,59,0,8,1,0,0,0,0,115595,15431,12711,115595,972236,0.0,0.0,Low,Keep In Normal Delivery Rhythm.
Developer Experience Modernization,Developer Tools,microsoft/vscode,331293,https://github.com/microsoft/vscode/issues/331293,Issue,Add setting to persist Screencast Mode (settings.json),open,2026-08-17 19:17:36+00:00,2026-08-18 09:49:42+00:00,,1.23,1.23,0.62,1,2,feature-request | screencast-mode,2,1,0,NONE,1179,54,0,8,0,0,0,0,0,188912,41710,19952,188912,1367899,0.0,0.0,Low,Keep In Normal Delivery Rhythm.
Developer Experience Modernization,Developer Tools,microsoft/vscode,331294,https://github.com/microsoft/vscode/issues/331294,Issue,Sent session gets marked as an archived session,closed,2026-08-17 19:18:19+00:00,2026-08-18 17:35:04+00:00,2026-08-18 17:33:27+00:00,1.23,0.93,0.3,3,3,bug | *out-of-scope | agents-bar,2,0,0,COLLABORATOR,329,47,0,8,0,1,0,0,0,188912,41710,19952,188912,1367899,0.0,0.0,Low,Keep In Normal Delivery Rhythm.
Developer Experience Modernization,Developer Tools,microsoft/vscode,331295,https://github.com/microsoft/vscode/issues/331295,Issue,Subagent message not visible after re-arranging chats,open,2026-08-17 19:23:36+00:00,2026-08-18 11:41:37+00:00,,1.22,1.22,0.54,0,2,bug | agents-window,1,1,0,CONTRIBUTOR,339,53,0,8,0,1,0,0,0,188912,41710,19952,188912,1367899,0.0,0.0,Low,Keep In Normal Delivery Rhythm.
Developer Experience Modernization,Developer Tools,microsoft/vscode,331296,https://github.com/microsoft/vscode/issues/331296,Issue,`code --status` multiplies process memory twice on macOS and Linux,open,2026-08-17 19:31:37+00:00,2026-08-17 19:44:57+00:00,,1.22,1.22,1.21,0,0,,1,0,0,NONE,1554,66,0,8,0,0,0,0,0,188912,41710,19952,188912,1367899,0.0,0.0,Low,Keep In Normal Delivery Rhythm.
Developer Experience Modernization,Developer Tools,microsoft/vscode,331297,https://github.com/microsoft/vscode/pull/331297,Pull Request,Fix process memory in `code --status`,open,2026-08-17 19:32:41+00:00,2026-08-17 21:10:58+00:00,,1.22,1.22,1.15,1,0,,1,0,0,NONE,1076,37,0,8,0,0,0,0,0,188912,41710,19952,188912,1367899,0.0,0.0,Low,Keep In Normal Delivery Rhythm.
Language Ecosystem Delivery,Language Platform,rust-lang/rust,161259,https://github.com/rust-lang/rust/pull/161259,Pull Request,move some attribute related structs out ot rustc_attr_ir,open,2026-08-17 19:40:10+00:00,2026-08-18 12:38:55+00:00,,1.21,1.21,0.5,6,9,A-LLVM | T-rustdoc | A-attributes | T-compiler | T-bootstrap | S-waiting-on-review | A-query-system | A-translation | T-clippy,1,0,0,CONTRIBUTOR,556,56,0,8,1,0,0,0,0,115595,15431,12711,115595,972236,0.0,0.0,Low,Keep In Normal Delivery Rhythm.
Developer Experience Modernization,Developer Tools,microsoft/vscode,331298,https://github.com/microsoft/vscode/pull/331298,Pull Request,Force the Agent Host harness when the sandbox is managed,closed,2026-08-17 19:41:43+00:00,2026-08-18 21:19:33+00:00,2026-08-18 21:17:20+00:00,1.21,1.07,0.14,0,0,,1,1,0,MEMBER,1513,56,0,8,0,0,0,0,0,188912,41710,19952,188912,1367899,0.0,0.0,Low,Keep In Normal Delivery Rhythm.
Data Platform Orchestration,Data Engineering,apache/airflow,71731,https://github.com/apache/airflow/pull/71731,Pull Request,UI: Unify list page filters and table header controls,closed,2026-08-17 19:50:23+00:00,2026-08-18 21:18:48+00:00,2026-08-18 21:18:46+00:00,1.2,1.06,0.14,0,3,area:UI | area:translations | translation:default,0,1,0,CONTRIBUTOR,7222,53,0,8,0,0,0,0,0,46523,17615,1885,46523,693411,0.0,0.0,Low,Keep In Normal Delivery Rhythm.
Developer Experience Modernization,Developer Tools,microsoft/vscode,331299,https://github.com/microsoft/vscode/issues/331299,Issue,Wont login to github even tho github is looged in.,closed,2026-08-17 19:51:04+00:00,2026-08-18 13:37:04+00:00,2026-08-18 13:35:45+00:00,1.2,0.74,0.46,3,1,info-needed,1,1,0,NONE,3733,50,0,8,0,0,0,0,0,188912,41710,19952,188912,1367899,0.0,0.0,Low,Keep In Normal Delivery Rhythm.
Developer Experience Modernization,Developer Tools,microsoft/vscode,331300,https://github.com/microsoft/vscode/pull/331300,Pull Request,Resolve a client tool to the client that is still there,open,2026-08-17 19:51:11+00:00,2026-08-18 18:59:14+00:00,,1.2,1.2,0.24,4,0,,1,0,0,CONTRIBUTOR,2658,55,0,8,0,0,0,0,0,188912,41710,19952,188912,1367899,0.0,0.0,Low,Keep In Normal Delivery Rhythm.
Developer Experience Modernization,Developer Tools,microsoft/vscode,331301,https://github.com/microsoft/vscode/issues/331301,Issue,Claude ignores native agents and skills from secondary workspace roots,closed,2026-08-17 19:55:35+00:00,2026-08-18 02:07:52+00:00,2026-08-18 00:45:01+00:00,1.2,0.2,0.94,2,1,agent-host,1,1,0,COLLABORATOR,703,70,0,8,0,0,0,0,0,188912,41710,19952,188912,1367899,0.0,0.0,Low,Keep In Normal Delivery Rhythm.
Developer Experience Modernization,Developer Tools,microsoft/vscode,331302,https://github.com/microsoft/vscode/issues/331302,Issue,MCP servers from secondary workspace roots start with the primary root as `cwd`,closed,2026-08-17 19:55:37+00:00,2026-08-18 00:48:37+00:00,2026-08-18 00:48:27+00:00,1.2,0.2,1.0,1,3,bug | duplicate | agent-host,1,1,0,COLLABORATOR,679,79,0,8,0,1,0,0,0,188912,41710,19952,188912,1367899,0.0,0.0,Low,Keep In Normal Delivery Rhythm.
Developer Experience Modernization,Developer Tools,microsoft/vscode,331303,https://github.com/microsoft/vscode/issues/331303,Issue,No history on search,open,2026-08-17 20:00:50+00:00,2026-08-17 20:00:50+00:00,,1.2,1.2,1.2,0,0,,1,0,0,MEMBER,67,20,0,8,0,0,0,0,0,188912,41710,19952,188912,1367899,0.0,0.0,Low,Keep In Normal Delivery Rhythm.
Developer Experience Modernization,Developer Tools,microsoft/vscode,331304,https://github.com/microsoft/vscode/issues/331304,Issue,Not allowing tool update for agent,closed,2026-08-17 20:01:27+00:00,2026-08-18 17:24:57+00:00,2026-08-18 17:24:57+00:00,1.2,0.89,0.3,7,0,,1,0,0,NONE,3686,34,0,8,0,0,0,0,0,188912,41710,19952,188912,1367899,0.0,0.0,Low,Keep In Normal Delivery Rhythm.
Data Platform Orchestration,Data Engineering,apache/airflow,71732,https://github.com/apache/airflow/pull/71732,Pull Request,Fix airflow db clean failing when a dag filter is used,open,2026-08-17 20:07:53+00:00,2026-08-17 20:08:10+00:00,,1.19,1.19,1.19,0,0,,0,0,0,NONE,3924,54,0,8,0,0,0,0,0,46523,17615,1885,46523,693411,0.0,0.0,Low,Keep In Normal Delivery Rhythm.
Language Ecosystem Delivery,Language Platform,rust-lang/rust,161260,https://github.com/rust-lang/rust/pull/161260,Pull Request,chore: bump to cc@1.4.3 for rustc_llvm and library,open,2026-08-17 20:08:08+00:00,2026-08-18 19:18:53+00:00,,1.19,1.19,0.22,23,5,A-LLVM | T-compiler | T-bootstrap | S-waiting-on-bors | A-tidy,1,0,0,MEMBER,1222,50,0,8,1,0,0,0,0,115595,15431,12711,115595,972236,0.0,0.0,Low,Keep In Normal Delivery Rhythm.
Data Platform Orchestration,Data Engineering,apache/airflow,71733,https://github.com/apache/airflow/pull/71733,Pull Request,Make DMS system-test databases non-public,closed,2026-08-17 20:10:12+00:00,2026-08-17 22:21:14+00:00,2026-08-17 22:21:12+00:00,1.19,0.09,1.1,0,2,provider:amazon | area:providers,0,0,0,CONTRIBUTOR,3181,41,0,8,0,0,0,0,0,46523,17615,1885,46523,693411,0.0,0.0,Low,Keep In Normal Delivery Rhythm.
Developer Experience Modernization,Developer Tools,microsoft/vscode,331305,https://github.com/microsoft/vscode/issues/331305,Issue,Workpace indexation loop,closed,2026-08-17 20:14:57+00:00,2026-08-17 20:57:28+00:00,2026-08-17 20:53:35+00:00,1.19,0.03,1.16,2,0,,1,1,0,NONE,3260,24,0,8,0,0,0,0,0,188912,41710,19952,188912,1367899,0.0,0.0,Low,Keep In Normal Delivery Rhythm.
Developer Experience Modernization,Developer Tools,microsoft/vscode,331306,https://github.com/microsoft/vscode/pull/331306,Pull Request,Automations: Render quick chats like workspace chats,closed,2026-08-17 20:15:10+00:00,2026-08-17 22:46:22+00:00,2026-08-17 21:54:45+00:00,1.19,0.07,1.08,1,1,release-cherry-pick,0,1,0,MEMBER,1264,52,0,8,0,0,0,0,0,188912,41710,19952,188912,1367899,0.0,0.0,Low,Keep In Normal Delivery Rhythm.
Developer Experience Modernization,Developer Tools,microsoft/vscode,331307,https://github.com/microsoft/vscode/pull/331307,Pull Request,agentHost: Scope server tools to exact chats,closed,2026-08-17 20:18:50+00:00,2026-08-17 21:01:35+00:00,2026-08-17 21:01:33+00:00,1.18,0.03,1.15,1,0,,1,1,0,MEMBER,983,44,0,8,0,0,0,0,0,188912,41710,19952,188912,1367899,0.0,0.0,Low,Keep In Normal Delivery Rhythm.
Developer Experience Modernization,Developer Tools,microsoft/vscode,331308,https://github.com/microsoft/vscode/pull/331308,Pull Request,update chat footer details ,closed,2026-08-17 20:21:58+00:00,2026-08-17 23:52:35+00:00,2026-08-17 23:49:46+00:00,1.18,0.14,1.03,0,0,,1,1,0,COLLABORATOR,534,27,0,8,0,0,0,0,0,188912,41710,19952,188912,1367899,0.0,0.0,Low,Keep In Normal Delivery Rhythm.
Developer Experience Modernization,Developer Tools,microsoft/vscode,331309,https://github.com/microsoft/vscode/issues/331309,Issue,Add Debug Console access for AIs with Search,open,2026-08-17 20:24:19+00:00,2026-08-18 22:00:22+00:00,,1.18,1.18,0.11,1,1,feature-request,1,1,0,NONE,4874,44,0,8,0,0,0,0,0,188912,41710,19952,188912,1367899,0.0,0.0,Low,Keep In Normal Delivery Rhythm.
Developer Experience Modernization,Developer Tools,microsoft/vscode,331310,https://github.com/microsoft/vscode/pull/331310,Pull Request,Complete the response for the turn that ended,open,2026-08-17 20:25:15+00:00,2026-08-18 18:54:38+00:00,,1.18,1.18,0.24,3,0,,1,0,0,CONTRIBUTOR,2692,45,0,8,0,0,0,0,0,188912,41710,19952,188912,1367899,0.0001,0.0,Low,Keep In Normal Delivery Rhythm.
Developer Experience Modernization,Developer Tools,microsoft/vscode,331311,https://github.com/microsoft/vscode/issues/331311,Issue,Add an sound notification for Claude harness permission prompts,open,2026-08-17 20:26:16+00:00,2026-08-17 20:53:24+00:00,,1.18,1.18,1.16,1,2,feature-request | accessibility,2,1,0,NONE,1161,63,0,8,0,0,0,0,0,188912,41710,19952,188912,1367899,0.0,0.0,Low,Keep In Normal Delivery Rhythm.
Developer Experience Modernization,Developer Tools,microsoft/vscode,331312,https://github.com/microsoft/vscode/pull/331312,Pull Request,Keep Omni open after closing the Agents window,closed,2026-08-17 20:29:17+00:00,2026-08-18 17:32:44+00:00,2026-08-18 17:32:44+00:00,1.18,0.88,0.3,1,0,,1,1,0,COLLABORATOR,460,46,0,8,0,0,0,0,0,188912,41710,19952,188912,1367899,0.0,0.0,Low,Keep In Normal Delivery Rhythm.
Developer Experience Modernization,Developer Tools,microsoft/vscode,331313,https://github.com/microsoft/vscode/pull/331313,Pull Request,Allow sandboxed access to terminal output files,closed,2026-08-17 20:30:11+00:00,2026-08-17 23:25:08+00:00,2026-08-17 23:21:56+00:00,1.18,0.12,1.05,2,0,,1,1,0,MEMBER,474,47,0,8,0,0,0,0,0,188912,41710,19952,188912,1367899,0.0,0.0,Low,Keep In Normal Delivery Rhythm.
Developer Experience Modernization,Developer Tools,microsoft/vscode,331314,https://github.com/microsoft/vscode/issues/331314,Issue,ㄅ,closed,2026-08-17 20:31:41+00:00,2026-08-17 20:42:54+00:00,2026-08-17 20:42:54+00:00,1.17,0.01,1.17,1,1,spam,0,0,0,NONE,308,1,0,8,0,0,0,0,0,188912,41710,19952,188912,1367899,0.0,0.0,Low,Keep In Normal Delivery Rhythm.
Developer Experience Modernization,Developer Tools,microsoft/vscode,331315,https://github.com/microsoft/vscode/pull/331315,Pull Request,Show Anthropic refusals correctly,closed,2026-08-17 20:34:46+00:00,2026-08-17 21:15:16+00:00,2026-08-17 21:11:41+00:00,1.17,0.03,1.14,0,1,release-cherry-pick,0,1,0,COLLABORATOR,210,33,0,8,0,0,0,0,0,188912,41710,19952,188912,1367899,0.0,0.0,Low,Keep In Normal Delivery Rhythm.
Developer Experience Modernization,Developer Tools,microsoft/vscode,331316,https://github.com/microsoft/vscode/issues/331316,Issue,Rendering glitch in the account menu in the Agent Window,open,2026-08-17 20:34:51+00:00,2026-08-17 20:34:51+00:00,,1.17,1.17,1.17,0,0,,1,0,0,MEMBER,188,56,0,8,0,0,0,0,0,188912,41710,19952,188912,1367899,0.0,0.0,Low,Keep In Normal Delivery Rhythm.
Developer Experience Modernization,Developer Tools,microsoft/vscode,331317,https://github.com/microsoft/vscode/issues/331317,Issue,Initially-hidden file list is confusing,open,2026-08-17 20:35:27+00:00,2026-08-18 11:41:35+00:00,,1.17,1.17,0.54,0,2,bug | agents-window,1,1,0,MEMBER,345,39,0,8,0,1,0,0,0,188912,41710,19952,188912,1367899,0.0,0.0,Low,Keep In Normal Delivery Rhythm.
Developer Experience Modernization,Developer Tools,microsoft/vscode,331318,https://github.com/microsoft/vscode/issues/331318,Issue,Grid view border overaps file tree in agent single pane,closed,2026-08-17 20:38:23+00:00,2026-08-18 13:14:38+00:00,2026-08-18 13:14:38+00:00,1.17,0.69,0.48,1,3,bug | *as-designed | agents-window,1,1,0,MEMBER,147,55,0,8,0,1,0,0,0,188912,41710,19952,188912,1367899,0.0,0.0,Low,Keep In Normal Delivery Rhythm.
Data Platform Orchestration,Data Engineering,apache/airflow,71734,https://github.com/apache/airflow/pull/71734,Pull Request,Avoid unnecessary LLM calls when require_approval prompt is invalid,open,2026-08-17 20:39:24+00:00,2026-08-18 04:16:10+00:00,,1.17,1.17,0.85,1,2,area:providers | provider:common-ai,0,0,0,CONTRIBUTOR,1124,67,0,8,0,0,0,0,0,46523,17615,1885,46523,693411,0.0,0.0,Low,Keep In Normal Delivery Rhythm.
Developer Experience Modernization,Developer Tools,microsoft/vscode,331319,https://github.com/microsoft/vscode/issues/331319,Issue,Clicking into the files view should swap to the file tree,closed,2026-08-17 20:42:38+00:00,2026-08-18 13:13:24+00:00,2026-08-18 13:10:21+00:00,1.17,0.69,0.48,1,3,bug | *as-designed | agents-window,1,1,0,MEMBER,381,57,0,8,0,1,0,0,0,188912,41710,19952,188912,1367899,0.0,0.0,Low,Keep In Normal Delivery Rhythm.
Developer Experience Modernization,Developer Tools,microsoft/vscode,331320,https://github.com/microsoft/vscode/issues/331320,Issue,Files should by default open in the empty file view,closed,2026-08-17 20:43:47+00:00,2026-08-18 13:14:47+00:00,2026-08-18 13:14:47+00:00,1.17,0.69,0.48,1,3,bug | *as-designed | agents-window,1,0,0,MEMBER,365,51,0,8,0,1,0,0,0,188912,41710,19952,188912,1367899,0.0,0.0,Low,Keep In Normal Delivery Rhythm.
Data Platform Orchestration,Data Engineering,apache/airflow,71735,https://github.com/apache/airflow/pull/71735,Pull Request,Validate issuer and audience of Azure AD id_tokens in FAB auth manager,closed,2026-08-17 20:44:45+00:00,2026-08-18 17:43:20+00:00,2026-08-18 17:43:20+00:00,1.17,0.87,0.29,0,2,area:providers | provider:fab,0,0,0,MEMBER,3623,70,0,8,0,0,0,0,0,46523,17615,1885,46523,693411,0.0,0.0,Low,Keep In Normal Delivery Rhythm.
Developer Experience Modernization,Developer Tools,microsoft/vscode,331321,https://github.com/microsoft/vscode/pull/331321,Pull Request,Allow dictation without Copilot entitlement,closed,2026-08-17 20:45:56+00:00,2026-08-17 21:18:31+00:00,2026-08-17 21:18:29+00:00,1.16,0.02,1.14,0,0,,1,1,0,COLLABORATOR,551,43,0,8,0,0,0,0,0,188912,41710,19952,188912,1367899,0.0,0.0,Low,Keep In Normal Delivery Rhythm.
Developer Experience Modernization,Developer Tools,microsoft/vscode,331322,https://github.com/microsoft/vscode/pull/331322,Pull Request,Filter archived (read-only) sessions out of omni chat pending items,closed,2026-08-17 20:52:05+00:00,2026-08-18 17:32:39+00:00,2026-08-18 17:32:39+00:00,1.16,0.86,0.3,0,0,,2,1,0,CONTRIBUTOR,2095,67,0,8,0,0,0,0,0,188912,41710,19952,188912,1367899,0.0,0.0,Low,Keep In Normal Delivery Rhythm.
Developer Experience Modernization,Developer Tools,microsoft/vscode,331323,https://github.com/microsoft/vscode/issues/331323,Issue,Image hovers are off,open,2026-08-17 20:52:56+00:00,2026-08-17 20:57:23+00:00,,1.16,1.16,1.16,0,0,,1,0,0,MEMBER,574,20,0,8,0,0,0,0,0,188912,41710,19952,188912,1367899,0.0,0.0,Low,Keep In Normal Delivery Rhythm.
Cloud Native Platform Reliability,Cloud Platform,kubernetes/kubernetes,141424,https://github.com/kubernetes/kubernetes/pull/141424,Pull Request,"kubectl describe: render byte resources as bytes, not millibytes",open,2026-08-17 20:52:58+00:00,2026-08-17 21:09:40+00:00,,1.16,1.16,1.15,5,9,kind/bug | area/kubectl | release-note | size/L | sig/cli | cncf-cla: yes | needs-ok-to-test | needs-priority | needs-triage,0,0,0,NONE,3393,64,0,8,1,1,1,1,0,124580,43868,2952,124580,1510698,0.0283,2.8,Low,Keep In Normal Delivery Rhythm.
Developer Experience Modernization,Developer Tools,microsoft/vscode,331324,https://github.com/microsoft/vscode/pull/331324,Pull Request,agentHost: Speed up rename chat tool,closed,2026-08-17 20:54:56+00:00,2026-08-17 22:28:26+00:00,2026-08-17 22:04:25+00:00,1.16,0.05,1.09,2,0,,1,1,0,MEMBER,1802,36,0,8,0,0,0,0,0,188912,41710,19952,188912,1367899,0.0,0.0,Low,Keep In Normal Delivery Rhythm.
Developer Experience Modernization,Developer Tools,microsoft/vscode,331325,https://github.com/microsoft/vscode/issues/331325,Issue,Editing a customization does not show the file path to that customization,open,2026-08-17 20:56:02+00:00,2026-08-17 20:56:02+00:00,,1.16,1.16,1.16,0,0,,1,0,0,MEMBER,504,73,0,8,0,0,0,0,0,188912,41710,19952,188912,1367899,0.0,0.0,Low,Keep In Normal Delivery Rhythm.
Developer Experience Modernization,Developer Tools,microsoft/vscode,331326,https://github.com/microsoft/vscode/pull/331326,Pull Request,Fix hover flicker on omni chat input toolbars,closed,2026-08-17 20:56:03+00:00,2026-08-18 17:32:36+00:00,2026-08-18 17:32:36+00:00,1.16,0.86,0.3,0,0,,2,1,0,CONTRIBUTOR,1310,45,0,8,0,0,0,0,0,188912,41710,19952,188912,1367899,0.0,0.0,Low,Keep In Normal Delivery Rhythm.
Developer Experience Modernization,Developer Tools,microsoft/vscode,331327,https://github.com/microsoft/vscode/issues/331327,Issue,`list_sessions` omits changes from secondary repositories in multi-root workspaces,closed,2026-08-17 20:57:42+00:00,2026-08-18 02:08:20+00:00,2026-08-18 02:08:18+00:00,1.16,0.22,0.94,1,2,info-needed | agent-host,1,1,0,COLLABORATOR,414,82,0,8,0,0,0,0,0,188912,41710,19952,188912,1367899,0.0,0.0,Low,Keep In Normal Delivery Rhythm.
Developer Experience Modernization,Developer Tools,microsoft/vscode,331328,https://github.com/microsoft/vscode/pull/331328,Pull Request,Show related session with a Show link on Omni chat confirmation/question cards,closed,2026-08-17 20:57:45+00:00,2026-08-18 17:32:31+00:00,2026-08-18 17:32:31+00:00,1.16,0.86,0.3,0,0,,2,1,0,CONTRIBUTOR,1691,78,0,8,0,0,0,0,0,188912,41710,19952,188912,1367899,0.0,0.0,Low,Keep In Normal Delivery Rhythm.
Developer Experience Modernization,Developer Tools,microsoft/vscode,331329,https://github.com/microsoft/vscode/pull/331329,Pull Request,Fix omni chat picker anchoring at non-zero zoom levels,closed,2026-08-17 20:58:36+00:00,2026-08-18 17:32:26+00:00,2026-08-18 17:32:25+00:00,1.16,0.86,0.3,0,0,,2,1,0,CONTRIBUTOR,1198,54,0,8,0,0,0,0,0,188912,41710,19952,188912,1367899,0.0,0.0,Low,Keep In Normal Delivery Rhythm.
Developer Experience Modernization,Developer Tools,microsoft/vscode,331330,https://github.com/microsoft/vscode/issues/331330,Issue,Unchecking all items in a section does not disable the section's check box,open,2026-08-17 21:00:36+00:00,2026-08-17 21:00:36+00:00,,1.15,1.15,1.15,0,0,,1,0,0,MEMBER,98,74,0,8,0,0,0,0,0,188912,41710,19952,188912,1367899,0.0,0.0,Low,Keep In Normal Delivery Rhythm.
Developer Experience Modernization,Developer Tools,microsoft/vscode,331331,https://github.com/microsoft/vscode/pull/331331,Pull Request,[WIP] Fix arrow keys not working for list navigation in omni bar,closed,2026-08-17 21:00:58+00:00,2026-08-17 22:01:20+00:00,2026-08-17 22:01:19+00:00,1.15,0.04,1.11,0,0,,2,1,0,CONTRIBUTOR,1090,64,0,8,0,0,0,0,0,188912,41710,19952,188912,1367899,0.0,0.0,Low,Keep In Normal Delivery Rhythm.
Data Platform Orchestration,Data Engineering,apache/airflow,71736,https://github.com/apache/airflow/pull/71736,Pull Request,Require Dag edit to delete asset queued events,open,2026-08-17 21:01:17+00:00,2026-08-18 19:06:25+00:00,,1.15,1.15,0.23,0,3,area:API | type:bug-fix | backport-to-v3-3-test,0,0,0,MEMBER,2214,46,0,8,0,1,0,0,0,46523,17615,1885,46523,693411,0.0,0.0,Low,Keep In Normal Delivery Rhythm.
Developer Experience Modernization,Developer Tools,microsoft/vscode,331332,https://github.com/microsoft/vscode/pull/331332,Pull Request,agentHost: address session discovery review feedback,closed,2026-08-17 21:01:29+00:00,2026-08-17 23:28:36+00:00,2026-08-17 23:27:59+00:00,1.15,0.1,1.05,0,0,,1,1,0,CONTRIBUTOR,746,52,0,8,0,0,0,0,0,188912,41710,19952,188912,1367899,0.0,0.0,Low,Keep In Normal Delivery Rhythm.
Developer Experience Modernization,Developer Tools,microsoft/vscode,331333,https://github.com/microsoft/vscode/pull/331333,Pull Request,Hide model picker in the floating omni chat input window,closed,2026-08-17 21:02:21+00:00,2026-08-17 21:43:10+00:00,2026-08-17 21:43:10+00:00,1.15,0.03,1.12,0,0,,2,1,0,CONTRIBUTOR,1073,56,0,8,0,0,0,0,0,188912,41710,19952,188912,1367899,0.0,0.0,Low,Keep In Normal Delivery Rhythm.
Developer Experience Modernization,Developer Tools,microsoft/vscode,331334,https://github.com/microsoft/vscode/issues/331334,Issue,Rename chat tool now available when using copilot models,closed,2026-08-17 21:02:55+00:00,2026-08-17 21:50:33+00:00,2026-08-17 21:50:33+00:00,1.15,0.03,1.12,0,0,,1,0,0,MEMBER,306,56,0,8,0,0,0,0,0,188912,41710,19952,188912,1367899,0.0,0.0,Low,Keep In Normal Delivery Rhythm.
Developer Experience Modernization,Developer Tools,microsoft/vscode,331335,https://github.com/microsoft/vscode/issues/331335,Issue,Customizations migration: 'No workspace skills folder is configured for the active harness',open,2026-08-17 21:03:19+00:00,2026-08-17 21:54:44+00:00,,1.15,1.15,1.12,1,0,,1,0,0,MEMBER,338,91,0,8,0,0,0,0,0,188912,41710,19952,188912,1367899,0.0,0.0,Low,Keep In Normal Delivery Rhythm.
Cloud Native Platform Reliability,Cloud Platform,kubernetes/kubernetes,141425,https://github.com/kubernetes/kubernetes/pull/141425,Pull Request,fix: reject empty deviceSelector in DeviceTaintRule validation,open,2026-08-17 21:03:46+00:00,2026-08-18 08:42:04+00:00,,1.15,1.15,0.67,6,8,release-note | size/S | cncf-cla: no | needs-ok-to-test | needs-priority | needs-triage | do-not-merge/needs-kind | wg/device-management,1,0,0,NONE,824,62,0,8,1,0,1,1,0,124580,43868,2952,124580,1510698,0.0031,0.3,Low,Keep In Normal Delivery Rhythm.
Developer Experience Modernization,Developer Tools,microsoft/vscode,331336,https://github.com/microsoft/vscode/issues/331336,Issue,plus button is larger than send button in omni chat,closed,2026-08-17 21:05:48+00:00,2026-08-18 21:53:46+00:00,2026-08-17 23:16:18+00:00,1.15,0.09,0.12,0,3,bug | insiders-released | agents-bar,2,1,0,COLLABORATOR,421,51,0,8,0,1,0,0,0,188912,41710,19952,188912,1367899,0.0,0.0,Low,Keep In Normal Delivery Rhythm.
Developer Experience Modernization,Developer Tools,microsoft/vscode,331337,https://github.com/microsoft/vscode/pull/331337,Pull Request,"Match omni chat Add Context (+) glyph size to the send button, fix styling",closed,2026-08-17 21:06:06+00:00,2026-08-17 23:16:18+00:00,2026-08-17 23:16:16+00:00,1.15,0.09,1.06,1,0,,2,1,0,CONTRIBUTOR,1075,74,0,8,0,0,0,0,0,188912,41710,19952,188912,1367899,0.0,0.0,Low,Keep In Normal Delivery Rhythm.
Data Platform Orchestration,Data Engineering,apache/airflow,71737,https://github.com/apache/airflow/pull/71737,Pull Request,Make finished TIs more lightweight when scanning task instances for scheduling,open,2026-08-17 21:07:16+00:00,2026-08-17 21:07:20+00:00,,1.15,1.15,1.15,0,1,area:Scheduler,0,0,0,CONTRIBUTOR,8190,78,0,8,0,0,0,0,0,46523,17615,1885,46523,693411,0.0,0.0,Low,Keep In Normal Delivery Rhythm.
Developer Experience Modernization,Developer Tools,microsoft/vscode,331338,https://github.com/microsoft/vscode/pull/331338,Pull Request,chat: experiment hook to test Luna for dictation LLM cleanup,closed,2026-08-17 21:07:21+00:00,2026-08-17 23:01:42+00:00,2026-08-17 23:01:41+00:00,1.15,0.08,1.07,0,0,,1,1,0,COLLABORATOR,1930,60,0,8,0,0,0,0,0,188912,41710,19952,188912,1367899,0.0,0.0,Low,Keep In Normal Delivery Rhythm.
Developer Experience Modernization,Developer Tools,microsoft/vscode,331339,https://github.com/microsoft/vscode/pull/331339,Pull Request,[cherry-pick] agentHost: make startup session discovery registry-first,closed,2026-08-17 21:11:45+00:00,2026-08-18 07:33:18+00:00,2026-08-18 07:33:18+00:00,1.15,0.43,0.71,0,1,cherry-pick-artifact,1,0,0,CONTRIBUTOR,1887,70,0,8,0,0,0,0,0,188912,41710,19952,188912,1367899,0.0,0.0,Low,Keep In Normal Delivery Rhythm.
Developer Experience Modernization,Developer Tools,microsoft/vscode,331340,https://github.com/microsoft/vscode/pull/331340,Pull Request,[cherry-pick] Show Anthropic refusals correctly,closed,2026-08-17 21:15:12+00:00,2026-08-18 03:36:40+00:00,2026-08-18 03:35:55+00:00,1.14,0.26,0.88,0,1,cherry-pick-artifact,1,1,0,CONTRIBUTOR,247,47,0,8,0,0,0,0,0,188912,41710,19952,188912,1367899,0.0,0.0,Low,Keep In Normal Delivery Rhythm.
Data Platform Orchestration,Data Engineering,apache/airflow,71738,https://github.com/apache/airflow/pull/71738,Pull Request,Add LLMSchemaCompareOperator to the common-ai operator index table,closed,2026-08-17 21:15:35+00:00,2026-08-17 21:57:18+00:00,2026-08-17 21:57:18+00:00,1.14,0.03,1.11,0,3,area:providers | kind:documentation | provider:common-ai,0,0,0,CONTRIBUTOR,425,66,0,8,0,0,0,0,0,46523,17615,1885,46523,693411,0.0,0.0,Low,Keep In Normal Delivery Rhythm.
Developer Experience Modernization,Developer Tools,microsoft/vscode,331341,https://github.com/microsoft/vscode/issues/331341,Issue,Migrate customizations warning cards inconsistent styling in overview pane,open,2026-08-17 21:15:36+00:00,2026-08-17 21:15:36+00:00,,1.14,1.14,1.14,0,0,,1,0,0,MEMBER,213,74,0,8,0,0,0,0,0,188912,41710,19952,188912,1367899,0.0,0.0,Low,Keep In Normal Delivery Rhythm.
Developer Experience Modernization,Developer Tools,microsoft/vscode,331342,https://github.com/microsoft/vscode/issues/331342,Issue,Claude and Codex are only provided with context from the primary workspace root,closed,2026-08-17 21:23:11+00:00,2026-08-18 02:08:09+00:00,2026-08-18 02:08:07+00:00,1.14,0.2,0.94,1,2,info-needed | agent-host,1,1,0,COLLABORATOR,220,79,0,8,0,0,0,0,0,188912,41710,19952,188912,1367899,0.0,0.0,Low,Keep In Normal Delivery Rhythm.
Runtime Platform Stabilization,Runtime Engineering,nodejs/node,65358,https://github.com/nodejs/node/pull/65358,Pull Request,permission: guard UDP handle adoption,open,2026-08-17 21:26:22+00:00,2026-08-17 23:52:29+00:00,,1.14,1.14,1.03,2,4,dgram | c++ | needs-ci | permission,0,0,0,MEMBER,78,37,0,8,1,0,0,0,0,119012,36525,1490,119012,1537562,0.0,0.0,Low,Keep In Normal Delivery Rhythm.
Developer Experience Modernization,Developer Tools,microsoft/vscode,331343,https://github.com/microsoft/vscode/pull/331343,Pull Request,Fix New Session Prompt Description Color,closed,2026-08-17 21:27:41+00:00,2026-08-17 22:09:21+00:00,2026-08-17 22:07:57+00:00,1.14,0.03,1.11,1,0,,2,1,0,CONTRIBUTOR,187,40,0,8,0,0,0,0,0,188912,41710,19952,188912,1367899,0.0,0.0,Low,Keep In Normal Delivery Rhythm.
Developer Experience Modernization,Developer Tools,microsoft/vscode,331344,https://github.com/microsoft/vscode/issues/331344,Issue,"Multi-root workspace: ""Learn more"" link only points to documentation in English",closed,2026-08-17 21:29:41+00:00,2026-08-17 23:28:04+00:00,2026-08-17 23:25:32+00:00,1.13,0.08,1.05,1,0,,1,1,0,CONTRIBUTOR,500,79,0,8,0,0,0,0,0,188912,41710,19952,188912,1367899,0.0,0.0,Low,Keep In Normal Delivery Rhythm.
Developer Experience Modernization,Developer Tools,microsoft/vscode,331345,https://github.com/microsoft/vscode/pull/331345,Pull Request,"Count the session's changes, not the branch's divergence",open,2026-08-17 21:30:20+00:00,2026-08-18 18:50:22+00:00,,1.13,1.13,0.24,1,0,,1,0,0,CONTRIBUTOR,3501,56,0,8,0,0,0,0,0,188912,41710,19952,188912,1367899,0.0,0.0,Low,Keep In Normal Delivery Rhythm.
Developer Experience Modernization,Developer Tools,microsoft/vscode,331346,https://github.com/microsoft/vscode/issues/331346,Issue,"Multi-root workspace: ""Learn more"" link points to VS Code Wiki instead of VS Code Docs",closed,2026-08-17 21:30:47+00:00,2026-08-17 23:28:03+00:00,2026-08-17 23:25:16+00:00,1.13,0.08,1.05,1,0,,1,1,0,CONTRIBUTOR,296,86,0,8,0,0,0,0,0,188912,41710,19952,188912,1367899,0.0,0.0,Low,Keep In Normal Delivery Rhythm.
Language Ecosystem Delivery,Language Platform,rust-lang/rust,161261,https://github.com/rust-lang/rust/pull/161261,Pull Request,[beta] prepare Rust 1.99.0-beta,closed,2026-08-17 21:37:37+00:00,2026-08-18 02:39:06+00:00,2026-08-18 02:39:02+00:00,1.13,0.21,0.92,4,6,A-testsuite | T-compiler | T-infra | merged-by-bors | T-libs | A-CI,1,1,0,MEMBER,69,31,0,8,0,0,0,0,0,115595,15431,12711,115595,972236,0.0,0.0,Low,Keep In Normal Delivery Rhythm.
Developer Experience Modernization,Developer Tools,microsoft/vscode,331347,https://github.com/microsoft/vscode/issues/331347,Issue,Pasted images are labelled unsupported in Claude sessions even though the model receives them,open,2026-08-17 21:38:47+00:00,2026-08-18 00:33:24+00:00,,1.13,1.13,1.01,1,0,,1,0,0,CONTRIBUTOR,2628,93,0,8,0,0,0,0,0,188912,41710,19952,188912,1367899,0.0,0.0,Low,Keep In Normal Delivery Rhythm.
Data Platform Orchestration,Data Engineering,apache/airflow,71739,https://github.com/apache/airflow/pull/71739,Pull Request,Bump sqlparse from 0.5.5 to 0.6.0,open,2026-08-17 21:39:32+00:00,2026-08-17 21:39:32+00:00,,1.13,1.13,1.13,0,2,dependencies | python:uv,0,0,0,CONTRIBUTOR,7307,33,0,8,0,0,0,0,0,46523,17615,1885,46523,693411,0.0,0.0,Low,Keep In Normal Delivery Rhythm.
Developer Experience Modernization,Developer Tools,microsoft/vscode,331348,https://github.com/microsoft/vscode/issues/331348,Issue,Agents Window: a model picked in the Workbench picker never reaches session.modelId,open,2026-08-17 21:41:05+00:00,2026-08-17 23:07:52+00:00,,1.13,1.13,1.07,0,0,,1,0,0,MEMBER,3711,83,0,8,0,0,0,0,0,188912,41710,19952,188912,1367899,0.0,0.0,Low,Keep In Normal Delivery Rhythm.
Developer Experience Modernization,Developer Tools,microsoft/vscode,331349,https://github.com/microsoft/vscode/pull/331349,Pull Request,Match a remote host's working directories against the window's folder,open,2026-08-17 21:43:26+00:00,2026-08-18 18:56:00+00:00,,1.12,1.12,0.24,3,0,,1,0,0,CONTRIBUTOR,2943,69,0,8,0,0,0,0,0,188912,41710,19952,188912,1367899,0.0,0.0,Low,Keep In Normal Delivery Rhythm.
Cloud Native Platform Reliability,Cloud Platform,kubernetes/kubernetes,141426,https://github.com/kubernetes/kubernetes/pull/141426,Pull Request,device-plugin: skip DRA resources in GetDeviceRunContainerOptions,open,2026-08-17 21:45:47+00:00,2026-08-18 04:35:50+00:00,,1.12,1.12,0.84,7,9,kind/bug | area/kubelet | lgtm | sig/node | release-note | size/L | cncf-cla: yes | needs-priority | needs-triage,1,0,0,CONTRIBUTOR,3847,65,0,8,1,1,1,1,0,124580,43868,2952,124580,1510698,0.0296,3.0,Low,Keep In Normal Delivery Rhythm.
Developer Experience Modernization,Developer Tools,microsoft/vscode,331350,https://github.com/microsoft/vscode/issues/331350,Issue,Omni chat -> Agents bar UX redesign,closed,2026-08-17 21:46:25+00:00,2026-08-18 17:35:06+00:00,2026-08-18 17:33:30+00:00,1.12,0.82,0.3,0,3,feature-request | *out-of-scope | agents-bar,1,0,0,COLLABORATOR,1264,35,0,8,0,0,0,0,0,188912,41710,19952,188912,1367899,0.0,0.0,Low,Keep In Normal Delivery Rhythm.
Developer Experience Modernization,Developer Tools,microsoft/vscode,331351,https://github.com/microsoft/vscode/pull/331351,Pull Request,cli: recover stale tunnel port protocols,open,2026-08-17 21:50:23+00:00,2026-08-17 23:10:07+00:00,,1.12,1.12,1.06,0,0,,1,0,0,MEMBER,467,40,0,8,0,0,0,0,0,188912,41710,19952,188912,1367899,0.0,0.0,Low,Keep In Normal Delivery Rhythm.
Data Platform Orchestration,Data Engineering,apache/airflow,71740,https://github.com/apache/airflow/pull/71740,Pull Request,Fix incorrect documented defaults for MwaaTriggerDagRunOperator waiter params,closed,2026-08-17 21:50:45+00:00,2026-08-18 13:41:52+00:00,2026-08-18 13:41:48+00:00,1.12,0.66,0.46,2,2,provider:amazon | area:providers,0,0,0,CONTRIBUTOR,713,77,0,8,0,0,0,0,0,46523,17615,1885,46523,693411,0.0,0.0,Low,Keep In Normal Delivery Rhythm.
Developer Experience Modernization,Developer Tools,microsoft/vscode,331352,https://github.com/microsoft/vscode/pull/331352,Pull Request,[cherry-pick] Automations: Render quick chats like workspace chats,closed,2026-08-17 21:56:07+00:00,2026-08-17 22:33:15+00:00,2026-08-17 22:33:15+00:00,1.12,0.03,1.09,0,1,cherry-pick-artifact,1,0,0,CONTRIBUTOR,1301,66,0,8,0,0,0,0,0,188912,41710,19952,188912,1367899,0.0,0.0,Low,Keep In Normal Delivery Rhythm.
Developer Experience Modernization,Developer Tools,microsoft/vscode,331353,https://github.com/microsoft/vscode/pull/331353,Pull Request,Fix duplicate floating window when adding context in omni chat,closed,2026-08-17 21:56:34+00:00,2026-08-17 22:45:23+00:00,2026-08-17 22:45:22+00:00,1.12,0.03,1.08,0,0,,2,1,0,CONTRIBUTOR,1173,62,0,8,0,0,0,0,0,188912,41710,19952,188912,1367899,0.0,0.0,Low,Keep In Normal Delivery Rhythm.
Developer Experience Modernization,Developer Tools,microsoft/vscode,331354,https://github.com/microsoft/vscode/issues/331354,Issue,Non-gpt models shown for Codex harness,open,2026-08-17 21:57:31+00:00,2026-08-17 21:57:31+00:00,,1.11,1.11,1.11,0,0,,1,0,0,MEMBER,165,38,0,8,0,0,0,0,0,188912,41710,19952,188912,1367899,0.0,0.0,Low,Keep In Normal Delivery Rhythm.
Developer Experience Modernization,Developer Tools,microsoft/vscode,331355,https://github.com/microsoft/vscode/issues/331355,Issue,Codex harness shows gpt-5.4-nano but doesn't work with it,open,2026-08-17 21:58:40+00:00,2026-08-17 21:58:40+00:00,,1.11,1.11,1.11,0,0,,1,0,0,MEMBER,147,57,0,8,0,0,0,0,0,188912,41710,19952,188912,1367899,0.0,0.0,Low,Keep In Normal Delivery Rhythm.
Developer Experience Modernization,Developer Tools,microsoft/vscode,331356,https://github.com/microsoft/vscode/pull/331356,Pull Request,Disable feedback dropdown for empty input,closed,2026-08-17 21:59:44+00:00,2026-08-18 00:25:52+00:00,2026-08-18 00:20:29+00:00,1.11,0.1,1.01,2,0,,1,1,0,CONTRIBUTOR,305,41,0,8,0,0,0,0,0,188912,41710,19952,188912,1367899,0.0,0.0,Low,Keep In Normal Delivery Rhythm.
Developer Experience Modernization,Developer Tools,microsoft/vscode,331357,https://github.com/microsoft/vscode/issues/331357,Issue,Investigate DOM-related regression after last week's DOM changes,closed,2026-08-17 22:05:30+00:00,2026-08-18 21:53:42+00:00,2026-08-17 23:39:19+00:00,1.11,0.07,0.12,0,4,bug | regression | insiders-released | agents-window,2,1,0,COLLABORATOR,1340,64,0,8,0,1,0,0,0,188912,41710,19952,188912,1367899,0.0,0.0,Low,Keep In Normal Delivery Rhythm.
Developer Experience Modernization,Developer Tools,microsoft/vscode,331358,https://github.com/microsoft/vscode/pull/331358,Pull Request,[cherry-pick] Fix New Session Prompt Description Color,open,2026-08-17 22:09:52+00:00,2026-08-18 11:01:49+00:00,,1.11,1.11,0.57,2,1,cherry-pick-artifact,1,0,0,CONTRIBUTOR,233,54,0,8,0,0,0,0,0,188912,41710,19952,188912,1367899,0.0,0.0,Low,Keep In Normal Delivery Rhythm.
Language Ecosystem Delivery,Language Platform,rust-lang/rust,161262,https://github.com/rust-lang/rust/pull/161262,Pull Request,Expand docs on std::hint::assert_unchecked,open,2026-08-17 22:14:05+00:00,2026-08-18 20:05:11+00:00,,1.1,1.1,0.19,2,2,S-waiting-on-review | T-libs,1,0,0,CONTRIBUTOR,1043,42,0,8,1,0,0,0,0,115595,15431,12711,115595,972236,0.0,0.0,Low,Keep In Normal Delivery Rhythm.
Developer Experience Modernization,Developer Tools,microsoft/vscode,331359,https://github.com/microsoft/vscode/issues/331359,Issue,"When Codex or Claude already have models, you can no longer click Copilot if it has no models",open,2026-08-17 22:15:30+00:00,2026-08-17 22:15:30+00:00,,1.1,1.1,1.1,0,0,,2,0,0,MEMBER,243,93,0,8,0,0,0,0,0,188912,41710,19952,188912,1367899,0.0,0.0,Low,Keep In Normal Delivery Rhythm.
Developer Experience Modernization,Developer Tools,microsoft/vscode,331360,https://github.com/microsoft/vscode/issues/331360,Issue,automations -- promotion from automation view -> session list,open,2026-08-17 22:15:41+00:00,2026-08-17 22:34:35+00:00,,1.1,1.1,1.09,0,2,feature-request | automations,1,0,0,COLLABORATOR,475,61,0,8,0,0,0,0,0,188912,41710,19952,188912,1367899,0.0,0.0,Low,Keep In Normal Delivery Rhythm.
Developer Experience Modernization,Developer Tools,microsoft/vscode,331361,https://github.com/microsoft/vscode/issues/331361,Issue,"BYOK wasn't enabled until I manually set `""chat.agentHost.byokModels.enabled"": true,`",closed,2026-08-17 22:18:50+00:00,2026-08-18 04:04:53+00:00,2026-08-18 04:04:09+00:00,1.1,0.24,0.86,1,0,,1,1,0,MEMBER,369,85,0,8,0,0,0,0,0,188912,41710,19952,188912,1367899,0.0,0.0,Low,Keep In Normal Delivery Rhythm.
Developer Experience Modernization,Developer Tools,microsoft/vscode,331362,https://github.com/microsoft/vscode/pull/331362,Pull Request,sessions: register a tunnel host service on web,closed,2026-08-17 22:20:29+00:00,2026-08-17 23:07:52+00:00,2026-08-17 22:58:05+00:00,1.1,0.03,1.07,0,0,,0,1,0,MEMBER,953,47,0,8,0,0,0,0,0,188912,41710,19952,188912,1367899,0.0,0.0,Low,Keep In Normal Delivery Rhythm.
Developer Experience Modernization,Developer Tools,microsoft/vscode,331363,https://github.com/microsoft/vscode/pull/331363,Pull Request,sessions: register a tunnel host service on web (1.134),closed,2026-08-17 22:22:15+00:00,2026-08-17 23:05:00+00:00,2026-08-17 23:02:37+00:00,1.1,0.03,1.07,0,0,,0,1,0,MEMBER,1007,55,0,8,0,0,0,0,0,188912,41710,19952,188912,1367899,0.0,0.0,Low,Keep In Normal Delivery Rhythm.
Language Ecosystem Delivery,Language Platform,rust-lang/rust,161263,https://github.com/rust-lang/rust/pull/161263,Pull Request,break rustc_expand-rustc_middle dependency,open,2026-08-17 22:23:46+00:00,2026-08-18 19:22:30+00:00,,1.1,1.1,0.22,15,3,T-compiler | T-bootstrap | S-waiting-on-review,1,0,0,CONTRIBUTOR,1097,42,0,8,1,0,0,0,0,115595,15431,12711,115595,972236,0.0001,0.0,Low,Keep In Normal Delivery Rhythm.
Developer Experience Modernization,Developer Tools,microsoft/vscode,331364,https://github.com/microsoft/vscode/pull/331364,Pull Request,[cherry-pick] Automations: Render quick chats like workspace chats,closed,2026-08-17 22:25:46+00:00,2026-08-18 00:28:45+00:00,2026-08-18 00:27:53+00:00,1.09,0.08,1.01,0,0,,1,1,0,MEMBER,388,66,0,8,0,0,0,0,0,188912,41710,19952,188912,1367899,0.0,0.0,Low,Keep In Normal Delivery Rhythm.
Developer Experience Modernization,Developer Tools,microsoft/vscode,331365,https://github.com/microsoft/vscode/issues/331365,Issue,Browser sharing status doesn't persist across reloads,closed,2026-08-17 22:27:29+00:00,2026-08-18 21:53:38+00:00,2026-08-18 00:15:41+00:00,1.09,0.08,0.12,0,3,bug | insiders-released | browser-integration,2,1,0,COLLABORATOR,105,53,0,8,0,1,0,0,0,188912,41710,19952,188912,1367899,0.0,0.0,Low,Keep In Normal Delivery Rhythm.
Data Platform Orchestration,Data Engineering,apache/airflow,71741,https://github.com/apache/airflow/pull/71741,Pull Request,Scope /assets/events to the Dags the caller may read,closed,2026-08-17 22:27:58+00:00,2026-08-18 20:20:56+00:00,2026-08-18 17:55:18+00:00,1.09,0.81,0.18,3,3,area:API | type:bug-fix | backport-to-v3-3-test,0,1,0,MEMBER,4289,52,0,8,0,1,0,0,0,46523,17615,1885,46523,693411,0.0002,0.0,Low,Keep In Normal Delivery Rhythm.
Developer Experience Modernization,Developer Tools,microsoft/vscode,331366,https://github.com/microsoft/vscode/issues/331366,Issue,Folder picker always shown when no hooks present,closed,2026-08-17 22:28:43+00:00,2026-08-18 00:36:41+00:00,2026-08-18 00:36:32+00:00,1.09,0.09,1.0,3,1,bug,1,1,0,MEMBER,195,48,0,8,0,1,0,0,0,188912,41710,19952,188912,1367899,0.0,0.0,Low,Keep In Normal Delivery Rhythm.
Language Ecosystem Delivery,Language Platform,rust-lang/rust,161264,https://github.com/rust-lang/rust/issues/161264,Issue,GCA: associated constant is not normalized properly in generic argument,open,2026-08-17 22:29:23+00:00,2026-08-18 12:06:58+00:00,,1.09,1.09,0.52,0,3,C-bug | needs-triage | F-generic_const_args,0,0,0,NONE,2691,71,0,8,1,1,0,1,0,115595,15431,12711,115595,972236,0.0,0.0,Low,Keep In Normal Delivery Rhythm.
Developer Experience Modernization,Developer Tools,microsoft/vscode,331367,https://github.com/microsoft/vscode/issues/331367,Issue,Add mute-mic button and transcription controls for ChatGPT voice mode,closed,2026-08-17 22:29:47+00:00,2026-08-18 21:53:34+00:00,2026-08-18 21:17:11+00:00,1.09,0.95,0.12,1,3,feature-request | unreleased | voice-mode,2,1,0,COLLABORATOR,1941,69,0,8,0,0,0,0,0,188912,41710,19952,188912,1367899,0.0,0.0,Low,Keep In Normal Delivery Rhythm.
Developer Experience Modernization,Developer Tools,microsoft/vscode,331368,https://github.com/microsoft/vscode/issues/331368,Issue,Add dictation entry point to editor and terminal context menus,closed,2026-08-17 22:29:52+00:00,2026-08-18 23:01:22+00:00,2026-08-18 23:00:14+00:00,1.09,1.02,0.07,0,3,feature-request | unreleased | dictation,2,1,0,COLLABORATOR,1620,62,0,8,0,0,0,0,0,188912,41710,19952,188912,1367899,0.0,0.0,Low,Keep In Normal Delivery Rhythm.
Developer Experience Modernization,Developer Tools,microsoft/vscode,331369,https://github.com/microsoft/vscode/pull/331369,Pull Request,Add Start Dictation entry point to editor and terminal context menus,closed,2026-08-17 22:31:01+00:00,2026-08-18 23:00:14+00:00,2026-08-18 23:00:12+00:00,1.09,1.02,0.07,1,0,,2,1,0,CONTRIBUTOR,1149,68,0,8,0,0,0,0,0,188912,41710,19952,188912,1367899,0.0,0.0,Low,Keep In Normal Delivery Rhythm.
Developer Experience Modernization,Developer Tools,microsoft/vscode,331370,https://github.com/microsoft/vscode/pull/331370,Pull Request,Add mute-mic button and transcript quick-toggle to Agents Voice Mode,closed,2026-08-17 22:31:11+00:00,2026-08-18 21:17:12+00:00,2026-08-18 21:17:09+00:00,1.09,0.95,0.14,1,0,,2,1,0,CONTRIBUTOR,1825,68,0,8,0,0,0,0,0,188912,41710,19952,188912,1367899,0.0,0.0,Low,Keep In Normal Delivery Rhythm.
Developer Experience Modernization,Developer Tools,microsoft/vscode,331371,https://github.com/microsoft/vscode/issues/331371,Issue,Agents window: '/' and '#' menus don't appear in omni bar but a black outline shows,closed,2026-08-17 22:33:35+00:00,2026-08-18 17:35:46+00:00,2026-08-18 17:33:35+00:00,1.09,0.79,0.3,2,3,bug | *out-of-scope | agents-bar,2,1,0,CONTRIBUTOR,935,83,0,8,0,1,0,0,0,188912,41710,19952,188912,1367899,0.0,0.0,Low,Keep In Normal Delivery Rhythm.
Runtime Platform Stabilization,Runtime Engineering,nodejs/node,65359,https://github.com/nodejs/node/pull/65359,Pull Request,permission: keep parent allowlist when Worker execArgv is empty,open,2026-08-17 22:33:51+00:00,2026-08-18 21:06:51+00:00,,1.09,1.09,0.15,3,3,worker | needs-ci | permission,0,0,0,NONE,378,63,0,8,1,0,0,0,0,119012,36525,1490,119012,1537562,0.0004,0.0,Low,Keep In Normal Delivery Rhythm.
Developer Experience Modernization,Developer Tools,microsoft/vscode,331372,https://github.com/microsoft/vscode/pull/331372,Pull Request,agentHost: sync BYOK experiment enablement,closed,2026-08-17 22:34:20+00:00,2026-08-18 04:01:11+00:00,2026-08-18 04:00:14+00:00,1.09,0.23,0.86,0,0,,1,1,0,MEMBER,1562,42,0,8,0,0,0,0,0,188912,41710,19952,188912,1367899,0.0,0.0,Low,Keep In Normal Delivery Rhythm.
Developer Experience Modernization,Developer Tools,microsoft/vscode,331373,https://github.com/microsoft/vscode/issues/331373,Issue,/ command for plugin skills looks weird in Claude,open,2026-08-17 22:35:15+00:00,2026-08-17 22:35:15+00:00,,1.09,1.09,1.09,0,0,,1,0,0,MEMBER,200,49,0,8,0,0,0,0,0,188912,41710,19952,188912,1367899,0.0,0.0,Low,Keep In Normal Delivery Rhythm.
Developer Experience Modernization,Developer Tools,microsoft/vscode,331374,https://github.com/microsoft/vscode/issues/331374,Issue,Keep Omni open after closing the Agents window,closed,2026-08-17 22:39:31+00:00,2026-08-18 17:35:31+00:00,2026-08-18 17:33:37+00:00,1.09,0.79,0.3,0,3,feature-request | *out-of-scope | agents-bar,1,1,0,COLLABORATOR,854,46,0,8,0,0,0,0,0,188912,41710,19952,188912,1367899,0.0,0.0,Low,Keep In Normal Delivery Rhythm.
Developer Experience Modernization,Developer Tools,microsoft/vscode,331375,https://github.com/microsoft/vscode/pull/331375,Pull Request,Hide `/` and `#` suggest menus in Agents window omni input,closed,2026-08-17 22:43:09+00:00,2026-08-18 17:32:21+00:00,2026-08-18 17:32:21+00:00,1.08,0.78,0.3,0,0,,2,1,0,CONTRIBUTOR,935,58,0,8,0,0,0,0,0,188912,41710,19952,188912,1367899,0.0,0.0,Low,Keep In Normal Delivery Rhythm.
Language Ecosystem Delivery,Language Platform,rust-lang/rust,161265,https://github.com/rust-lang/rust/issues/161265,Issue,`Filter`/`FilterMap` `next_chunk::<0>()` writes out of bounds before the capacity check (latent UB in the chunk-fill loops),closed,2026-08-17 22:45:14+00:00,2026-08-18 05:26:25+00:00,2026-08-18 05:26:25+00:00,1.08,0.28,0.8,4,5,I-unsound | C-bug | A-iterators | requires-nightly | T-libs,1,0,0,CONTRIBUTOR,5877,123,0,8,0,1,0,0,0,115595,15431,12711,115595,972236,0.0,0.0,Low,Keep In Normal Delivery Rhythm.
Language Ecosystem Delivery,Language Platform,rust-lang/rust,161266,https://github.com/rust-lang/rust/issues/161266,Issue,`Zip::next_back` debug assertion fires when only one side has side effects and it is the shorter side,open,2026-08-17 22:45:15+00:00,2026-08-18 05:15:44+00:00,,1.08,1.08,0.81,2,4,C-bug | A-iterators | requires-nightly | T-libs,1,0,0,CONTRIBUTOR,2920,101,0,8,0,1,0,0,0,115595,15431,12711,115595,972236,0.0001,0.0,Low,Keep In Normal Delivery Rhythm.
Data Platform Orchestration,Data Engineering,apache/airflow,71742,https://github.com/apache/airflow/pull/71742,Pull Request,Ignore the magpie snapshot symlink in git worktrees,open,2026-08-17 22:45:29+00:00,2026-08-17 22:45:29+00:00,,1.08,1.08,1.08,0,0,,0,0,0,MEMBER,1296,51,0,8,0,0,0,0,0,46523,17615,1885,46523,693411,0.0,0.0,Low,Keep In Normal Delivery Rhythm.
Data Platform Orchestration,Data Engineering,apache/airflow,71743,https://github.com/apache/airflow/issues/71743,Issue,KubernetesPodOperator durable reattach can reconnect to a different pod when the pod name is reused,open,2026-08-17 22:46:08+00:00,2026-08-18 08:49:01+00:00,,1.08,1.08,0.66,1,3,kind:bug | area:providers | provider:cncf-kubernetes,0,0,0,NONE,9219,99,0,8,0,1,0,0,0,46523,17615,1885,46523,693411,0.0,0.0,Low,Keep In Normal Delivery Rhythm.
Developer Experience Modernization,Developer Tools,microsoft/vscode,331376,https://github.com/microsoft/vscode/pull/331376,Pull Request,Remove model picker from the Agent Bar (floating chat input window),closed,2026-08-17 22:46:30+00:00,2026-08-18 17:32:17+00:00,2026-08-18 17:32:17+00:00,1.08,0.78,0.3,0,0,,2,1,0,CONTRIBUTOR,1389,67,0,8,0,0,0,0,0,188912,41710,19952,188912,1367899,0.0,0.0,Low,Keep In Normal Delivery Rhythm.
Developer Experience Modernization,Developer Tools,microsoft/vscode,331377,https://github.com/microsoft/vscode/pull/331377,Pull Request,Clarify quick chat row presentation,closed,2026-08-17 22:47:00+00:00,2026-08-18 00:34:32+00:00,2026-08-18 00:31:39+00:00,1.08,0.07,1.01,0,0,,1,1,0,MEMBER,1029,35,0,8,0,0,0,0,0,188912,41710,19952,188912,1367899,0.0,0.0,Low,Keep In Normal Delivery Rhythm.
Developer Experience Modernization,Developer Tools,microsoft/vscode,331378,https://github.com/microsoft/vscode/pull/331378,Pull Request,agentHost: Distinguish automatic chat renames,closed,2026-08-17 22:48:21+00:00,2026-08-18 00:49:42+00:00,2026-08-18 00:49:41+00:00,1.08,0.08,1.0,0,0,,1,1,0,MEMBER,846,45,0,8,0,0,0,0,0,188912,41710,19952,188912,1367899,0.0,0.0,Low,Keep In Normal Delivery Rhythm.
Developer Experience Modernization,Developer Tools,microsoft/vscode,331379,https://github.com/microsoft/vscode/issues/331379,Issue,External sessions not working for Codex,open,2026-08-17 22:49:41+00:00,2026-08-17 22:51:00+00:00,,1.08,1.08,1.08,2,0,,1,0,0,MEMBER,147,39,0,8,0,0,0,0,0,188912,41710,19952,188912,1367899,0.0,0.0,Low,Keep In Normal Delivery Rhythm.
Developer Experience Modernization,Developer Tools,microsoft/vscode,331380,https://github.com/microsoft/vscode/pull/331380,Pull Request,fix aquarium not showing,closed,2026-08-17 22:52:33+00:00,2026-08-17 23:41:08+00:00,2026-08-17 23:39:18+00:00,1.08,0.03,1.04,0,0,,0,1,0,COLLABORATOR,406,24,0,8,0,0,0,0,0,188912,41710,19952,188912,1367899,0.0,0.0,Low,Keep In Normal Delivery Rhythm.
Developer Experience Modernization,Developer Tools,microsoft/vscode,331381,https://github.com/microsoft/vscode/issues/331381,Issue,Omnichat button looks like an upload button,open,2026-08-17 22:56:07+00:00,2026-08-17 22:56:56+00:00,,1.07,1.07,1.07,0,3,bug | ux | polish,1,1,0,COLLABORATOR,1006,43,0,8,0,1,0,0,0,188912,41710,19952,188912,1367899,0.0,0.0,Low,Keep In Normal Delivery Rhythm.
Data Platform Orchestration,Data Engineering,apache/airflow,71744,https://github.com/apache/airflow/pull/71744,Pull Request,Check the pod uid on KubernetesPodOperator durable reattach,open,2026-08-17 23:00:29+00:00,2026-08-18 08:56:24+00:00,,1.07,1.07,0.66,1,3,area:providers | kind:documentation | provider:cncf-kubernetes,0,0,0,NONE,5603,59,0,8,0,0,0,0,0,46523,17615,1885,46523,693411,0.0,0.0,Low,Keep In Normal Delivery Rhythm.
Data Platform Orchestration,Data Engineering,apache/airflow,71745,https://github.com/apache/airflow/pull/71745,Pull Request,Probe AOSS index readiness as the Knowledge Base role in Bedrock RAG system test,closed,2026-08-17 23:00:43+00:00,2026-08-18 13:05:57+00:00,2026-08-18 13:05:57+00:00,1.07,0.59,0.48,0,2,provider:amazon | area:providers,0,0,0,CONTRIBUTOR,2067,80,0,8,0,0,0,0,0,46523,17615,1885,46523,693411,0.0,0.0,Low,Keep In Normal Delivery Rhythm.
Developer Experience Modernization,Developer Tools,microsoft/vscode,331382,https://github.com/microsoft/vscode/pull/331382,Pull Request,Refactor browser sharing status into main process,closed,2026-08-17 23:00:52+00:00,2026-08-18 00:34:44+00:00,2026-08-18 00:15:40+00:00,1.07,0.05,1.01,1,0,,1,1,0,COLLABORATOR,55,49,0,8,0,0,0,0,0,188912,41710,19952,188912,1367899,0.0,0.0,Low,Keep In Normal Delivery Rhythm.
Data Platform Orchestration,Data Engineering,apache/airflow,71746,https://github.com/apache/airflow/pull/71746,Pull Request,Build pgbouncer-exporter image from a pinned commit rather than a tag,closed,2026-08-17 23:01:10+00:00,2026-08-18 18:17:49+00:00,2026-08-18 18:17:47+00:00,1.07,0.8,0.27,0,3,area:helm-chart | area:production-image | type:improvement,0,0,0,MEMBER,3284,69,0,8,0,0,0,0,0,46523,17615,1885,46523,693411,0.0,0.0,Low,Keep In Normal Delivery Rhythm.
Developer Experience Modernization,Developer Tools,microsoft/vscode,331383,https://github.com/microsoft/vscode/pull/331383,Pull Request,Add BYOK enablement trace logs,closed,2026-08-17 23:03:00+00:00,2026-08-18 00:52:00+00:00,2026-08-18 00:49:56+00:00,1.07,0.07,0.99,0,0,,2,1,0,CONTRIBUTOR,589,30,0,8,0,0,0,0,0,188912,41710,19952,188912,1367899,0.0,0.0,Low,Keep In Normal Delivery Rhythm.
Developer Experience Modernization,Developer Tools,microsoft/vscode,331384,https://github.com/microsoft/vscode/issues/331384,Issue,External sessions not showing up in agents window?,open,2026-08-17 23:06:40+00:00,2026-08-17 23:06:40+00:00,,1.07,1.07,1.07,0,0,,1,0,0,MEMBER,204,50,0,8,0,0,0,0,0,188912,41710,19952,188912,1367899,0.0,0.0,Low,Keep In Normal Delivery Rhythm.
Developer Experience Modernization,Developer Tools,microsoft/vscode,331385,https://github.com/microsoft/vscode/issues/331385,Issue,Enabling External sessions fires 1000 root/sessionAdded events,open,2026-08-17 23:15:44+00:00,2026-08-18 09:41:24+00:00,,1.06,1.06,0.63,1,3,agents-window | agent-host | performance,3,0,0,MEMBER,596,62,0,8,0,0,0,0,0,188912,41710,19952,188912,1367899,0.0,0.0,Low,Keep In Normal Delivery Rhythm.
Language Ecosystem Delivery,Language Platform,rust-lang/rust,161267,https://github.com/rust-lang/rust/issues/161267,Issue,Installing with the --bin flag removes unrelated orphaned bins,closed,2026-08-17 23:18:02+00:00,2026-08-17 23:20:11+00:00,2026-08-17 23:20:09+00:00,1.06,0.0,1.06,1,1,C-bug,0,0,0,NONE,1254,62,0,8,0,1,0,0,0,115595,15431,12711,115595,972236,0.0003,0.0,Low,Keep In Normal Delivery Rhythm.
Developer Experience Modernization,Developer Tools,microsoft/vscode,331386,https://github.com/microsoft/vscode/pull/331386,Pull Request,Enforce Agent Host starter experiment configuration typing,closed,2026-08-17 23:18:42+00:00,2026-08-17 23:49:05+00:00,2026-08-17 23:49:05+00:00,1.06,0.02,1.04,0,0,,2,0,0,CONTRIBUTOR,794,58,0,8,0,0,0,0,0,188912,41710,19952,188912,1367899,0.0,0.0,Low,Keep In Normal Delivery Rhythm.
Developer Experience Modernization,Developer Tools,microsoft/vscode,331387,https://github.com/microsoft/vscode/pull/331387,Pull Request,Improve chat sticky scroll UX and fix accessibility issues,closed,2026-08-17 23:22:25+00:00,2026-08-18 00:25:52+00:00,2026-08-18 00:21:31+00:00,1.06,0.04,1.01,0,0,,0,1,0,CONTRIBUTOR,1264,58,0,8,0,0,0,0,0,188912,41710,19952,188912,1367899,0.0,0.0,Low,Keep In Normal Delivery Rhythm.
Developer Experience Modernization,Developer Tools,microsoft/vscode,331388,https://github.com/microsoft/vscode/issues/331388,Issue,"After entering the search text in omni window, feels its stuck",closed,2026-08-17 23:34:18+00:00,2026-08-18 01:21:13+00:00,2026-08-18 01:19:57+00:00,1.05,0.07,0.97,2,0,,2,1,0,MEMBER,172,62,0,8,0,0,0,0,0,188912,41710,19952,188912,1367899,0.0,0.0,Low,Keep In Normal Delivery Rhythm.
Cloud Native Platform Reliability,Cloud Platform,kubernetes/kubernetes,141427,https://github.com/kubernetes/kubernetes/pull/141427,Pull Request,attachdetach: use delayFunc.Until for reconciler tests,open,2026-08-17 23:39:17+00:00,2026-08-18 03:58:20+00:00,,1.04,1.04,0.86,6,8,sig/storage | size/M | kind/flake | release-note-none | sig/apps | cncf-cla: yes | needs-priority | needs-triage,0,0,0,CONTRIBUTOR,3883,54,0,8,1,0,1,1,0,124580,43868,2952,124580,1510698,0.0146,1.5,Low,Keep In Normal Delivery Rhythm.
Developer Experience Modernization,Developer Tools,microsoft/vscode,331389,https://github.com/microsoft/vscode/issues/331389,Issue,Chat rename tool failures in Claude and Codex,closed,2026-08-17 23:44:47+00:00,2026-08-18 09:05:25+00:00,2026-08-18 09:02:07+00:00,1.04,0.39,0.65,0,1,*duplicate,1,1,0,CONTRIBUTOR,279,45,0,8,0,0,0,0,0,188912,41710,19952,188912,1367899,0.0,0.0,Low,Keep In Normal Delivery Rhythm.
Data Platform Orchestration,Data Engineering,apache/airflow,71747,https://github.com/apache/airflow/issues/71747,Issue,Custom deadline references registered as TYPES.DAGRUN_QUEUED are not re-anchored when a DagRun is cleared,open,2026-08-17 23:47:55+00:00,2026-08-17 23:50:53+00:00,,1.04,1.04,1.04,1,3,kind:bug | area:core | area:deadline-alerts,0,0,0,CONTRIBUTOR,3415,105,0,8,0,1,0,0,0,46523,17615,1885,46523,693411,0.0,0.0,Low,Keep In Normal Delivery Rhythm.
Developer Experience Modernization,Developer Tools,microsoft/vscode,331390,https://github.com/microsoft/vscode/issues/331390,Issue,Rendering twice when asking a question regarding existing sessions.,open,2026-08-17 23:48:45+00:00,2026-08-18 15:10:44+00:00,,1.04,1.04,0.4,4,1,info-needed,1,0,0,MEMBER,473,67,0,8,0,0,0,0,0,188912,41710,19952,188912,1367899,0.0,0.0,Low,Keep In Normal Delivery Rhythm.
Data Platform Orchestration,Data Engineering,apache/airflow,71748,https://github.com/apache/airflow/issues/71748,Issue,KubernetesPodOperator keeps working by pod name after the durable reattach uid check,open,2026-08-17 23:53:15+00:00,2026-08-17 23:55:19+00:00,,1.03,1.03,1.03,0,3,kind:bug | area:providers | provider:cncf-kubernetes,0,0,0,NONE,6095,84,0,8,0,1,0,0,0,46523,17615,1885,46523,693411,0.0,0.0,Low,Keep In Normal Delivery Rhythm.
Developer Experience Modernization,Developer Tools,microsoft/vscode,331391,https://github.com/microsoft/vscode/pull/331391,Pull Request,Fix terminal icon picker input height in auxiliary windows,open,2026-08-17 23:53:48+00:00,2026-08-18 01:35:30+00:00,,1.03,1.03,0.96,0,0,,1,0,0,NONE,1471,58,0,8,0,0,0,0,0,188912,41710,19952,188912,1367899,0.0,0.0,Low,Keep In Normal Delivery Rhythm.
Data Platform Orchestration,Data Engineering,apache/airflow,71749,https://github.com/apache/airflow/pull/71749,Pull Request,Document that clear_on_success also removes the KPO pod identity,open,2026-08-17 23:54:22+00:00,2026-08-17 23:54:25+00:00,,1.03,1.03,1.03,0,3,area:providers | kind:documentation | provider:cncf-kubernetes,0,0,0,NONE,1283,64,0,8,0,0,0,0,0,46523,17615,1885,46523,693411,0.0,0.0,Low,Keep In Normal Delivery Rhythm.
Developer Experience Modernization,Developer Tools,microsoft/vscode,331392,https://github.com/microsoft/vscode/issues/331392,Issue,Copilot in vscode agent host not loading built-in github-mcp-server,open,2026-08-18 00:07:24+00:00,2026-08-18 12:36:06+00:00,,1.02,1.02,0.5,0,0,,1,0,0,MEMBER,858,67,1,8,0,0,0,0,0,188912,41710,19952,188912,1367899,0.0,0.0,Low,Keep In Normal Delivery Rhythm.
Data Platform Orchestration,Data Engineering,apache/airflow,71750,https://github.com/apache/airflow/issues/71750,Issue,"A NULL column silently suppresses the deadline, and the warning blames a missing DagRun",open,2026-08-18 00:07:38+00:00,2026-08-18 05:06:22+00:00,,1.02,1.02,0.82,1,3,kind:bug | area:core | area:deadline-alerts,0,0,0,CONTRIBUTOR,4558,87,1,8,0,1,0,0,0,46523,17615,1885,46523,693411,0.0,0.0,Low,Keep In Normal Delivery Rhythm.
Developer Experience Modernization,Developer Tools,microsoft/vscode,331393,https://github.com/microsoft/vscode/issues/331393,Issue,Disable the pet’s peeking animation,open,2026-08-18 00:12:42+00:00,2026-08-18 00:12:42+00:00,,1.02,1.02,1.02,0,1,feature-request,1,0,0,CONTRIBUTOR,574,35,1,8,0,0,0,0,0,188912,41710,19952,188912,1367899,0.0,0.0,Low,Keep In Normal Delivery Rhythm.
Developer Experience Modernization,Developer Tools,microsoft/vscode,331394,https://github.com/microsoft/vscode/pull/331394,Pull Request,agents window: fix sessions list progress,open,2026-08-18 00:22:15+00:00,2026-08-18 23:13:28+00:00,,1.01,1.01,0.06,2,0,,1,0,0,COLLABORATOR,1628,41,1,8,0,0,0,0,0,188912,41710,19952,188912,1367899,0.0,0.0,Low,Keep In Normal Delivery Rhythm.
Developer Experience Modernization,Developer Tools,microsoft/vscode,331395,https://github.com/microsoft/vscode/pull/331395,Pull Request,[cherry-pick] Disable feedback dropdown for empty input,open,2026-08-18 00:26:21+00:00,2026-08-18 11:33:17+00:00,,1.01,1.01,0.55,1,1,cherry-pick-artifact,1,0,0,CONTRIBUTOR,351,55,1,8,0,0,0,0,0,188912,41710,19952,188912,1367899,0.0,0.0,Low,Keep In Normal Delivery Rhythm.
Developer Experience Modernization,Developer Tools,microsoft/vscode,331396,https://github.com/microsoft/vscode/pull/331396,Pull Request,Report vision support for natively served Claude models,open,2026-08-18 00:33:11+00:00,2026-08-18 18:59:34+00:00,,1.01,1.01,0.24,1,0,,1,0,0,CONTRIBUTOR,1681,55,1,8,0,0,0,0,0,188912,41710,19952,188912,1367899,0.0,0.0,Low,Keep In Normal Delivery Rhythm.
Runtime Platform Stabilization,Runtime Engineering,nodejs/node,65360,https://github.com/nodejs/node/pull/65360,Pull Request,Create chinese-readme.md,closed,2026-08-18 00:33:15+00:00,2026-08-18 12:28:14+00:00,2026-08-18 10:53:36+00:00,1.01,0.43,0.51,1,1,invalid,0,0,0,NONE,20,24,1,8,0,0,0,0,0,119012,36525,1490,119012,1537562,0.0006,0.1,Low,Keep In Normal Delivery Rhythm.
Developer Experience Modernization,Developer Tools,microsoft/vscode,331397,https://github.com/microsoft/vscode/issues/331397,Issue,fix: wrap Luna dictation alias picker endpoint in test mock (build fix for vscode-engineering#3637),closed,2026-08-18 00:33:36+00:00,2026-08-18 01:57:16+00:00,2026-08-18 01:57:16+00:00,1.01,0.06,0.95,1,2,vscode-build | agentic-workflows,1,1,0,CONTRIBUTOR,6609,99,1,8,0,0,0,0,0,188912,41710,19952,188912,1367899,0.0,0.0,Low,Keep In Normal Delivery Rhythm.
Developer Experience Modernization,Developer Tools,microsoft/vscode,331398,https://github.com/microsoft/vscode/issues/331398,Issue,HAHA,closed,2026-08-18 00:37:26+00:00,2026-08-18 00:51:47+00:00,2026-08-18 00:51:47+00:00,1.0,0.01,0.99,1,1,spam,0,0,0,NONE,1069,4,1,8,0,0,0,0,0,188912,41710,19952,188912,1367899,0.0,0.0,Low,Keep In Normal Delivery Rhythm.
Data Platform Orchestration,Data Engineering,apache/airflow,71751,https://github.com/apache/airflow/pull/71751,Pull Request,Keep the Iceberg snapshot watermark when several assets watch a table,open,2026-08-18 00:45:00+00:00,2026-08-18 18:25:36+00:00,,1.0,1.0,0.26,1,2,area:providers | provider:apache-iceberg,0,0,0,CONTRIBUTOR,3964,69,1,8,0,0,0,0,0,46523,17615,1885,46523,693411,0.0,0.0,Low,Keep In Normal Delivery Rhythm.
Developer Experience Modernization,Developer Tools,microsoft/vscode,331399,https://github.com/microsoft/vscode/pull/331399,Pull Request,build: increase CG notice timeout,closed,2026-08-18 00:49:32+00:00,2026-08-18 14:52:19+00:00,2026-08-18 14:50:45+00:00,1.0,0.58,0.41,1,0,,1,1,0,MEMBER,416,33,1,8,0,0,0,0,0,188912,41710,19952,188912,1367899,0.0,0.0,Low,Keep In Normal Delivery Rhythm.
Developer Experience Modernization,Developer Tools,microsoft/vscode,331400,https://github.com/microsoft/vscode/issues/331400,Issue,fix: use fresh service accessor when lazily initializing chat attachment context (fixes #329610),closed,2026-08-18 00:56:24+00:00,2026-08-18 22:19:22+00:00,2026-08-18 22:18:32+00:00,0.99,0.89,0.1,0,4,unreleased | chat | errors-fix | agentic-workflows,1,1,0,CONTRIBUTOR,8389,96,1,8,0,1,0,0,0,188912,41710,19952,188912,1367899,0.0,0.0,Low,Keep In Normal Delivery Rhythm.
Data Platform Orchestration,Data Engineering,apache/airflow,71752,https://github.com/apache/airflow/pull/71752,Pull Request,Add deferrable mode to Databricks SQL warehouse operators,open,2026-08-18 00:58:32+00:00,2026-08-18 01:09:26+00:00,,0.99,0.99,0.98,1,3,area:providers | kind:documentation | provider:databricks,0,0,0,CONTRIBUTOR,4179,57,1,8,0,0,0,0,0,46523,17615,1885,46523,693411,0.0,0.0,Low,Keep In Normal Delivery Rhythm.
Developer Experience Modernization,Developer Tools,microsoft/vscode,331401,https://github.com/microsoft/vscode/pull/331401,Pull Request,Revert chat quota trajectory nudge,open,2026-08-18 00:59:20+00:00,2026-08-18 14:40:00+00:00,,0.99,0.99,0.42,0,0,,1,0,0,CONTRIBUTOR,826,34,1,8,0,0,0,0,0,188912,41710,19952,188912,1367899,0.0,0.0,Low,Keep In Normal Delivery Rhythm.
Developer Experience Modernization,Developer Tools,microsoft/vscode,331402,https://github.com/microsoft/vscode/pull/331402,Pull Request,Refactor hook scanning logic and improve folder picker decision handling,closed,2026-08-18 01:02:35+00:00,2026-08-18 02:31:24+00:00,2026-08-18 02:30:39+00:00,0.99,0.06,0.92,0,0,,1,1,0,CONTRIBUTOR,344,72,1,8,0,0,0,0,0,188912,41710,19952,188912,1367899,0.0,0.0,Low,Keep In Normal Delivery Rhythm.
Runtime Platform Stabilization,Runtime Engineering,nodejs/node,65361,https://github.com/nodejs/node/pull/65361,Pull Request,url: speed up WHATWG URL parsing,open,2026-08-18 01:12:18+00:00,2026-08-18 22:53:26+00:00,,0.98,0.98,0.08,3,3,c++ | whatwg-url | needs-ci,0,0,0,MEMBER,1896,32,1,8,1,0,0,0,0,119012,36525,1490,119012,1537562,0.0001,0.0,Low,Keep In Normal Delivery Rhythm.
Developer Experience Modernization,Developer Tools,microsoft/vscode,331403,https://github.com/microsoft/vscode/issues/331403,Issue,Feedback on Experimental Modern UI,open,2026-08-18 01:15:17+00:00,2026-08-18 10:53:22+00:00,,0.98,0.98,0.58,4,2,ux | modernization,2,0,0,NONE,4431,34,1,8,0,0,0,0,0,188912,41710,19952,188912,1367899,0.0,0.0,Low,Keep In Normal Delivery Rhythm.
Developer Experience Modernization,Developer Tools,microsoft/vscode,331404,https://github.com/microsoft/vscode/issues/331404,Issue,fix: resolve services eagerly for chat symbol attachment context menu (fixes #329610),closed,2026-08-18 01:21:36+00:00,2026-08-18 02:45:22+00:00,2026-08-18 02:45:22+00:00,0.97,0.06,0.91,1,2,errors-fix | agentic-workflows,1,0,0,CONTRIBUTOR,8143,85,1,8,0,1,0,0,0,188912,41710,19952,188912,1367899,0.0,0.0,Low,Keep In Normal Delivery Rhythm.
Developer Experience Modernization,Developer Tools,microsoft/vscode,331405,https://github.com/microsoft/vscode/pull/331405,Pull Request,Fix Luna dictation alias test mock,closed,2026-08-18 01:22:52+00:00,2026-08-18 10:40:57+00:00,2026-08-18 10:40:54+00:00,0.97,0.39,0.58,1,0,,1,1,0,COLLABORATOR,442,34,1,8,0,0,0,0,0,188912,41710,19952,188912,1367899,0.0,0.0,Low,Keep In Normal Delivery Rhythm.
Developer Experience Modernization,Developer Tools,microsoft/vscode,331406,https://github.com/microsoft/vscode/pull/331406,Pull Request,test: improve array helper coverage,closed,2026-08-18 01:24:53+00:00,2026-08-18 01:53:18+00:00,2026-08-18 01:53:18+00:00,0.97,0.02,0.95,0,0,,0,0,0,MEMBER,494,35,1,8,0,0,0,0,0,188912,41710,19952,188912,1367899,0.0,0.0,Low,Keep In Normal Delivery Rhythm.
Developer Experience Modernization,Developer Tools,microsoft/vscode,331407,https://github.com/microsoft/vscode/pull/331407,Pull Request,Update distro commit (main),closed,2026-08-18 01:29:18+00:00,2026-08-18 15:20:52+00:00,2026-08-18 15:20:51+00:00,0.97,0.58,0.39,0,0,,1,1,0,CONTRIBUTOR,212,27,1,8,0,0,0,0,0,188912,41710,19952,188912,1367899,0.0,0.0,Low,Keep In Normal Delivery Rhythm.
Runtime Platform Stabilization,Runtime Engineering,nodejs/node,65362,https://github.com/nodejs/node/pull/65362,Pull Request,build: use build-ci for benchmark merge-commit rebuild,open,2026-08-18 01:36:24+00:00,2026-08-18 03:28:46+00:00,,0.96,0.96,0.88,2,3,meta | fast-track | review wanted,0,0,0,MEMBER,318,54,1,8,0,0,0,0,0,119012,36525,1490,119012,1537562,0.0,0.0,Low,Keep In Normal Delivery Rhythm.
Developer Experience Modernization,Developer Tools,microsoft/vscode,331408,https://github.com/microsoft/vscode/pull/331408,Pull Request,Tell the caller a consumed queued message was sent,open,2026-08-18 01:37:31+00:00,2026-08-18 18:51:25+00:00,,0.96,0.96,0.24,0,0,,1,0,0,CONTRIBUTOR,3450,50,1,8,0,0,0,0,0,188912,41710,19952,188912,1367899,0.0001,0.0,Low,Keep In Normal Delivery Rhythm.
Runtime Platform Stabilization,Runtime Engineering,nodejs/node,65363,https://github.com/nodejs/node/pull/65363,Pull Request,url: speed up URLSearchParams,open,2026-08-18 01:38:01+00:00,2026-08-18 20:35:15+00:00,,0.96,0.96,0.17,3,2,whatwg-url | needs-ci,0,0,0,MEMBER,1925,29,1,8,1,0,0,0,0,119012,36525,1490,119012,1537562,0.0001,0.0,Low,Keep In Normal Delivery Rhythm.
Language Ecosystem Delivery,Language Platform,rust-lang/rust,161268,https://github.com/rust-lang/rust/pull/161268,Pull Request,Fix ordering for `default impl` check in the new solver,open,2026-08-18 01:41:33+00:00,2026-08-18 07:54:41+00:00,,0.96,0.96,0.7,9,5,T-compiler | S-waiting-on-review | perf-regression | perf-regression-triaged | WG-trait-system-refactor,1,0,0,CONTRIBUTOR,644,55,1,8,1,1,0,1,0,115595,15431,12711,115595,972236,0.0,0.0,Low,Keep In Normal Delivery Rhythm.
Runtime Platform Stabilization,Runtime Engineering,nodejs/node,65364,https://github.com/nodejs/node/pull/65364,Pull Request,url: speed up URLPattern,open,2026-08-18 01:50:22+00:00,2026-08-18 20:34:09+00:00,,0.95,0.95,0.17,3,3,c++ | whatwg-url | needs-ci,0,0,0,MEMBER,1629,24,1,8,1,0,0,0,0,119012,36525,1490,119012,1537562,0.0001,0.0,Low,Keep In Normal Delivery Rhythm.
Language Ecosystem Delivery,Language Platform,rust-lang/rust,161269,https://github.com/rust-lang/rust/pull/161269,Pull Request,Remove `impl DebugWithContext for BorrowckDomain`,open,2026-08-18 01:53:05+00:00,2026-08-18 02:39:48+00:00,,0.95,0.95,0.92,1,2,T-compiler | S-waiting-on-review,1,0,0,CONTRIBUTOR,266,49,1,8,1,0,0,0,0,115595,15431,12711,115595,972236,0.0,0.0,Low,Keep In Normal Delivery Rhythm.
Runtime Platform Stabilization,Runtime Engineering,nodejs/node,65365,https://github.com/nodejs/node/pull/65365,Pull Request,test: add Headers coverage and benchmark,open,2026-08-18 01:56:23+00:00,2026-08-18 23:10:03+00:00,,0.95,0.95,0.06,4,3,author ready | needs-ci | dependencies,0,0,0,MEMBER,391,40,1,8,1,0,0,0,0,119012,36525,1490,119012,1537562,0.0,0.0,Low,Keep In Normal Delivery Rhythm.
Developer Experience Modernization,Developer Tools,microsoft/vscode,331409,https://github.com/microsoft/vscode/pull/331409,Pull Request,fix: wrap Luna dictation alias picker endpoint in test mock (build fix for vscode-engineering#3637),closed,2026-08-18 01:56:54+00:00,2026-08-18 16:15:16+00:00,2026-08-18 16:15:16+00:00,0.95,0.6,0.35,2,1,vscode-build,1,0,0,CONTRIBUTOR,3457,99,1,8,0,0,0,0,0,188912,41710,19952,188912,1367899,0.0002,0.0,Low,Keep In Normal Delivery Rhythm.
Language Ecosystem Delivery,Language Platform,rust-lang/rust,161270,https://github.com/rust-lang/rust/pull/161270,Pull Request,[EXPERIMENT] Use `SmallVec` in `GoalStalledOn`,open,2026-08-18 02:02:48+00:00,2026-08-18 05:39:09+00:00,,0.94,0.94,0.79,7,4,T-compiler | S-waiting-on-author | perf-regression | WG-trait-system-refactor,0,0,0,CONTRIBUTOR,229,46,1,8,1,1,0,0,0,115595,15431,12711,115595,972236,0.0,0.0,Low,Keep In Normal Delivery Rhythm.
Language Ecosystem Delivery,Language Platform,rust-lang/rust,161271,https://github.com/rust-lang/rust/pull/161271,Pull Request,doc: document safety requirements for core WTF-8,open,2026-08-18 02:10:26+00:00,2026-08-18 02:11:18+00:00,,0.94,0.94,0.94,1,2,S-waiting-on-review | T-libs,1,0,0,CONTRIBUTOR,459,48,1,8,1,0,0,0,0,115595,15431,12711,115595,972236,0.0,0.0,Low,Keep In Normal Delivery Rhythm.
Developer Experience Modernization,Developer Tools,microsoft/vscode,331410,https://github.com/microsoft/vscode/pull/331410,Pull Request,agentHost: fix /fleet turn ownership after Plan → Interactive,closed,2026-08-18 02:28:45+00:00,2026-08-18 11:23:59+00:00,2026-08-18 11:23:10+00:00,0.93,0.37,0.55,0,0,,1,1,0,CONTRIBUTOR,3580,61,1,8,0,0,0,0,0,188912,41710,19952,188912,1367899,0.0,0.0,Low,Keep In Normal Delivery Rhythm.
Developer Experience Modernization,Developer Tools,microsoft/vscode,331411,https://github.com/microsoft/vscode/issues/331411,Issue,Codex harness does not load Codex-style instructions or MCP servers from all workspace roots,open,2026-08-18 02:32:06+00:00,2026-08-18 02:55:01+00:00,,0.92,0.92,0.91,1,0,,1,0,0,COLLABORATOR,556,92,1,8,0,0,0,0,0,188912,41710,19952,188912,1367899,0.0,0.0,Low,Keep In Normal Delivery Rhythm.
Developer Experience Modernization,Developer Tools,microsoft/vscode,331412,https://github.com/microsoft/vscode/issues/331412,Issue,lỗi âm thanh khi sử dụng visual studio code,open,2026-08-18 02:32:41+00:00,2026-08-18 02:45:34+00:00,,0.92,0.92,0.91,2,2,info-needed | ai-translated,1,0,0,NONE,148,43,1,8,0,0,0,0,0,188912,41710,19952,188912,1367899,0.0,0.0,Low,Keep In Normal Delivery Rhythm.
Data Platform Orchestration,Data Engineering,apache/airflow,71753,https://github.com/apache/airflow/pull/71753,Pull Request,Add Go  SDK capability manifest and compatibility matrix,open,2026-08-18 02:33:07+00:00,2026-08-18 07:28:16+00:00,,0.92,0.92,0.72,0,4,area:dev-tools | area:go-sdk | backport-to-v3-3-test | area:java-sdk,0,0,0,MEMBER,779,56,1,8,0,0,0,0,0,46523,17615,1885,46523,693411,0.0,0.0,Low,Keep In Normal Delivery Rhythm.
Data Platform Orchestration,Data Engineering,apache/airflow,71754,https://github.com/apache/airflow/pull/71754,Pull Request,Add  TypeScript SDK capability manifest and compatibility matrix,open,2026-08-18 02:36:55+00:00,2026-08-18 07:28:35+00:00,,0.92,0.92,0.72,0,5,area:dev-tools | area:go-sdk | backport-to-v3-3-test | area:ts-sdk | area:java-sdk,0,0,0,MEMBER,809,64,1,8,0,0,0,0,0,46523,17615,1885,46523,693411,0.0,0.0,Low,Keep In Normal Delivery Rhythm.
Developer Experience Modernization,Developer Tools,microsoft/vscode,331413,https://github.com/microsoft/vscode/issues/331413,Issue,Claude harness ignores `.claude/settings.json` hooks from non-primary workspace roots,closed,2026-08-18 02:39:40+00:00,2026-08-18 02:53:26+00:00,2026-08-18 02:52:40+00:00,0.92,0.01,0.91,1,0,,1,1,0,COLLABORATOR,706,85,1,8,0,0,0,0,0,188912,41710,19952,188912,1367899,0.0,0.0,Low,Keep In Normal Delivery Rhythm.
Developer Experience Modernization,Developer Tools,microsoft/vscode,331414,https://github.com/microsoft/vscode/pull/331414,Pull Request,fix: resolve services eagerly for chat symbol attachment context menu (fixes #329610),closed,2026-08-18 02:45:19+00:00,2026-08-18 21:42:03+00:00,2026-08-18 21:42:02+00:00,0.91,0.79,0.13,1,2,errors-fix | *error-fix-driving,1,0,0,NONE,4956,85,1,8,0,1,0,0,0,188912,41710,19952,188912,1367899,0.0,0.0,Low,Keep In Normal Delivery Rhythm.
Runtime Platform Stabilization,Runtime Engineering,nodejs/node,65366,https://github.com/nodejs/node/issues/65366,Issue,stream/iter: fused stateless transforms do not normalize output between transforms,open,2026-08-18 02:46:49+00:00,2026-08-18 02:46:49+00:00,,0.91,0.91,0.91,0,1,stream,1,0,0,MEMBER,1362,82,1,8,0,0,0,0,0,119012,36525,1490,119012,1537562,0.0001,0.0,Low,Keep In Normal Delivery Rhythm.
Runtime Platform Stabilization,Runtime Engineering,nodejs/node,65367,https://github.com/nodejs/node/pull/65367,Pull Request,stream: normalize fused stateless transform results,open,2026-08-18 02:48:57+00:00,2026-08-18 20:40:47+00:00,,0.91,0.91,0.17,4,2,stream | needs-ci,0,0,0,MEMBER,316,51,1,8,1,0,0,0,0,119012,36525,1490,119012,1537562,0.0127,1.3,Low,Keep In Normal Delivery Rhythm.
Developer Experience Modernization,Developer Tools,microsoft/vscode,331415,https://github.com/microsoft/vscode/pull/331415,Pull Request,agentHost: expand the legacy enterprise settings bridge,closed,2026-08-18 02:59:43+00:00,2026-08-18 21:55:54+00:00,2026-08-18 21:54:35+00:00,0.9,0.79,0.12,0,0,,1,1,0,MEMBER,4403,55,1,8,0,0,0,0,0,188912,41710,19952,188912,1367899,0.0002,0.0,Low,Keep In Normal Delivery Rhythm.
Language Ecosystem Delivery,Language Platform,rust-lang/rust,161272,https://github.com/rust-lang/rust/pull/161272,Pull Request,Rollup of 9 pull requests,closed,2026-08-18 03:26:57+00:00,2026-08-18 12:06:36+00:00,2026-08-18 09:33:32+00:00,0.89,0.25,0.52,9,5,T-compiler | merged-by-bors | rollup | A-meta | T-libs,0,1,0,MEMBER,887,25,1,8,0,0,0,0,0,115595,15431,12711,115595,972236,0.0,0.0,Low,Keep In Normal Delivery Rhythm.
Language Ecosystem Delivery,Language Platform,rust-lang/rust,161273,https://github.com/rust-lang/rust/pull/161273,Pull Request,Update cargo submodule,open,2026-08-18 03:29:14+00:00,2026-08-18 19:07:26+00:00,,0.88,0.88,0.23,15,1,S-waiting-on-review,0,0,0,MEMBER,413,22,1,8,1,0,0,0,0,115595,15431,12711,115595,972236,0.0,0.0,Low,Keep In Normal Delivery Rhythm.
Runtime Platform Stabilization,Runtime Engineering,nodejs/node,65368,https://github.com/nodejs/node/issues/65368,Issue,sqlite: authorizer can finalize another active statement and change outer statement outcome,open,2026-08-18 03:47:15+00:00,2026-08-18 03:47:15+00:00,,0.87,0.87,0.87,0,1,sqlite,1,0,0,MEMBER,1212,91,1,8,0,0,0,0,0,119012,36525,1490,119012,1537562,0.0003,0.0,Low,Keep In Normal Delivery Rhythm.
Developer Experience Modernization,Developer Tools,microsoft/vscode,331416,https://github.com/microsoft/vscode/pull/331416,Pull Request,fix: use fresh service accessor when lazily initializing chat attachment context (fixes #329610),closed,2026-08-18 03:47:59+00:00,2026-08-18 22:19:22+00:00,2026-08-18 22:18:31+00:00,0.87,0.77,0.1,0,0,,1,1,0,CONTRIBUTOR,2244,96,1,8,0,0,0,0,0,188912,41710,19952,188912,1367899,0.0,0.0,Low,Keep In Normal Delivery Rhythm.
Runtime Platform Stabilization,Runtime Engineering,nodejs/node,65369,https://github.com/nodejs/node/pull/65369,Pull Request,sqlite: reject busy statement finalization in authorizer,open,2026-08-18 03:48:53+00:00,2026-08-18 05:26:06+00:00,,0.87,0.87,0.8,2,4,c++ | needs-ci | request-ci | sqlite,0,0,0,MEMBER,463,56,1,8,1,0,0,0,0,119012,36525,1490,119012,1537562,0.0023,0.2,Low,Keep In Normal Delivery Rhythm.
Data Platform Orchestration,Data Engineering,apache/airflow,71755,https://github.com/apache/airflow/pull/71755,Pull Request,[v3-3-test] Increase padding bottom to make last section clickable. (#71679),closed,2026-08-18 03:57:36+00:00,2026-08-18 17:55:31+00:00,2026-08-18 17:54:34+00:00,0.86,0.58,0.28,1,1,area:UI,0,1,0,CONTRIBUTOR,133,76,1,8,0,0,0,0,0,46523,17615,1885,46523,693411,0.0,0.0,Low,Keep In Normal Delivery Rhythm.
Developer Experience Modernization,Developer Tools,microsoft/vscode,331417,https://github.com/microsoft/vscode/issues/331417,Issue,Issues opening the files or any of the icons in the left panel of the IDE,open,2026-08-18 04:13:37+00:00,2026-08-18 04:23:39+00:00,,0.85,0.85,0.85,0,0,,1,0,0,NONE,1541,73,1,8,0,0,0,0,0,188912,41710,19952,188912,1367899,0.0,0.0,Low,Keep In Normal Delivery Rhythm.
Runtime Platform Stabilization,Runtime Engineering,nodejs/node,65370,https://github.com/nodejs/node/pull/65370,Pull Request,fs: add built-in fs.operation diagnostics channels,open,2026-08-18 04:20:03+00:00,2026-08-18 22:56:35+00:00,,0.85,0.85,0.07,2,3,c++ | lib / src | needs-ci,0,0,0,MEMBER,820,50,1,8,1,0,0,0,0,119012,36525,1490,119012,1537562,0.0022,0.2,Low,Keep In Normal Delivery Rhythm.
Developer Experience Modernization,Developer Tools,microsoft/vscode,331418,https://github.com/microsoft/vscode/pull/331418,Pull Request,agentHost: reselect new-chat folder when its workspace folder is removed,closed,2026-08-18 04:22:24+00:00,2026-08-18 08:52:56+00:00,2026-08-18 08:51:41+00:00,0.85,0.19,0.66,0,0,,1,1,0,CONTRIBUTOR,4133,72,1,8,0,0,0,0,0,188912,41710,19952,188912,1367899,0.0,0.0,Low,Keep In Normal Delivery Rhythm.
Runtime Platform Stabilization,Runtime Engineering,nodejs/node,65371,https://github.com/nodejs/node/pull/65371,Pull Request,test_runner: omit excluded coverage directories on the C++ side,open,2026-08-18 04:34:26+00:00,2026-08-18 16:13:07+00:00,,0.84,0.84,0.35,3,3,c++ | lib / src | needs-ci,0,0,0,MEMBER,323,63,1,8,1,0,0,0,0,119012,36525,1490,119012,1537562,0.0037,0.4,Low,Keep In Normal Delivery Rhythm.
Developer Experience Modernization,Developer Tools,microsoft/vscode,331419,https://github.com/microsoft/vscode/pull/331419,Pull Request,Fix section checkbox state when all items are unchecked,open,2026-08-18 04:40:08+00:00,2026-08-18 19:12:18+00:00,,0.84,0.84,0.23,2,0,,1,0,0,CONTRIBUTOR,2069,55,1,8,0,0,0,0,0,188912,41710,19952,188912,1367899,0.0,0.0,Low,Keep In Normal Delivery Rhythm.
Developer Experience Modernization,Developer Tools,microsoft/vscode,331420,https://github.com/microsoft/vscode/issues/331420,Issue,language model unavailable ,closed,2026-08-18 04:49:02+00:00,2026-08-18 04:57:10+00:00,2026-08-18 04:57:10+00:00,0.83,0.01,0.82,2,0,,0,0,0,NONE,2496,27,1,8,0,0,0,0,0,188912,41710,19952,188912,1367899,0.0001,0.0,Low,Keep In Normal Delivery Rhythm.
Developer Experience Modernization,Developer Tools,microsoft/vscode,331421,https://github.com/microsoft/vscode/issues/331421,Issue,language model unavailable ,closed,2026-08-18 04:49:02+00:00,2026-08-18 04:58:45+00:00,2026-08-18 04:58:45+00:00,0.83,0.01,0.82,2,0,,0,0,0,NONE,2496,27,1,8,0,0,0,0,0,188912,41710,19952,188912,1367899,0.0001,0.0,Low,Keep In Normal Delivery Rhythm.
Cloud Native Platform Reliability,Cloud Platform,kubernetes/kubernetes,141428,https://github.com/kubernetes/kubernetes/pull/141428,Pull Request,Add nextScheduleTime to CronJob status (alpha),open,2026-08-18 04:55:06+00:00,2026-08-18 05:01:25+00:00,,0.82,0.82,0.82,5,12,sig/api-machinery | release-note | size/L | kind/api-change | kind/feature | sig/apps | cncf-cla: yes | needs-ok-to-test | do-not-merge/work-in-progress | area/code-generation | needs-priority | needs-triage,0,0,0,NONE,2255,46,1,8,1,0,1,1,0,124580,43868,2952,124580,1510698,0.0099,1.0,Low,Keep In Normal Delivery Rhythm.
Developer Experience Modernization,Developer Tools,microsoft/vscode,331422,https://github.com/microsoft/vscode/issues/331422,Issue,Splitting Chat Editor results in invalid Chat Input State,closed,2026-08-18 04:59:44+00:00,2026-08-18 21:53:30+00:00,2026-08-18 08:50:02+00:00,0.82,0.16,0.12,0,3,bug | insiders-released | chat,1,1,0,CONTRIBUTOR,300,57,1,8,0,1,0,0,0,188912,41710,19952,188912,1367899,0.0,0.0,Low,Keep In Normal Delivery Rhythm.
Developer Experience Modernization,Developer Tools,microsoft/vscode,331423,https://github.com/microsoft/vscode/issues/331423,Issue,Markdown Editor: expose a command to toggle Editing / Locked mode,open,2026-08-18 05:00:38+00:00,2026-08-18 08:10:27+00:00,,0.82,0.82,0.69,0,0,,2,0,0,NONE,2605,65,1,8,0,0,0,0,0,188912,41710,19952,188912,1367899,0.0,0.0,Low,Keep In Normal Delivery Rhythm.
Developer Experience Modernization,Developer Tools,microsoft/vscode,331424,https://github.com/microsoft/vscode/pull/331424,Pull Request,Preserve session type when splitting a Chat Editor,closed,2026-08-18 05:03:04+00:00,2026-08-18 08:50:54+00:00,2026-08-18 08:50:01+00:00,0.82,0.16,0.66,0,0,,1,1,0,CONTRIBUTOR,2404,50,1,8,0,0,0,0,0,188912,41710,19952,188912,1367899,0.0001,0.0,Low,Keep In Normal Delivery Rhythm.
Data Platform Orchestration,Data Engineering,apache/airflow,71756,https://github.com/apache/airflow/pull/71756,Pull Request,Authenticate only once per task process to external secrets backends,open,2026-08-18 05:05:25+00:00,2026-08-18 05:05:40+00:00,,0.82,0.82,0.82,0,1,area:task-sdk,1,0,0,CONTRIBUTOR,10277,68,1,8,0,0,0,0,0,46523,17615,1885,46523,693411,0.0,0.0,Low,Keep In Normal Delivery Rhythm.
Developer Experience Modernization,Developer Tools,microsoft/vscode,331425,https://github.com/microsoft/vscode/issues/331425,Issue,"[BUG] (Copilot Chat) Custom Endpoint context window size is bloated by +16K in UI & context manager, causing potential backend context overflow",closed,2026-08-18 05:15:01+00:00,2026-08-18 05:24:34+00:00,2026-08-18 05:23:03+00:00,0.81,0.01,0.8,1,0,,1,0,0,NONE,3276,143,1,8,0,0,0,0,0,188912,41710,19952,188912,1367899,0.0012,0.1,Low,Keep In Normal Delivery Rhythm.
Language Ecosystem Delivery,Language Platform,rust-lang/rust,161274,https://github.com/rust-lang/rust/pull/161274,Pull Request,speed up next-solver on some pathological cases,open,2026-08-18 05:18:53+00:00,2026-08-18 19:32:03+00:00,,0.81,0.81,0.22,3,3,T-compiler | S-waiting-on-review | WG-trait-system-refactor,1,0,0,CONTRIBUTOR,3747,47,1,8,1,0,0,0,0,115595,15431,12711,115595,972236,0.0001,0.0,Low,Keep In Normal Delivery Rhythm.
Developer Experience Modernization,Developer Tools,microsoft/vscode,331426,https://github.com/microsoft/vscode/issues/331426,Issue,"[BUG] Custom Endpoint context window size is bloated by +16K in UI & context manager, causing potential backend context overflow",open,2026-08-18 05:22:12+00:00,2026-08-18 05:32:10+00:00,,0.81,0.81,0.8,0,0,,1,0,0,NONE,2256,128,1,8,0,0,0,0,0,188912,41710,19952,188912,1367899,0.0,0.0,Low,Keep In Normal Delivery Rhythm.
Language Ecosystem Delivery,Language Platform,rust-lang/rust,161275,https://github.com/rust-lang/rust/pull/161275,Pull Request,"Refactor `core::cmp::{smallest, largest}` & add `mir-opt` test",open,2026-08-18 05:27:10+00:00,2026-08-18 05:27:15+00:00,,0.8,0.8,0.8,1,3,T-compiler | S-waiting-on-review | T-libs,1,0,0,CONTRIBUTOR,2824,62,1,8,1,0,0,0,0,115595,15431,12711,115595,972236,0.0,0.0,Low,Keep In Normal Delivery Rhythm.
Runtime Platform Stabilization,Runtime Engineering,nodejs/node,65372,https://github.com/nodejs/node/pull/65372,Pull Request,test: simplify worker heap profile rejection assertion,open,2026-08-18 05:30:55+00:00,2026-08-18 07:09:19+00:00,,0.8,0.8,0.73,1,2,test | needs-ci,0,0,0,CONTRIBUTOR,401,54,1,8,1,0,0,0,0,119012,36525,1490,119012,1537562,0.0006,0.1,Low,Keep In Normal Delivery Rhythm.
Runtime Platform Stabilization,Runtime Engineering,nodejs/node,65373,https://github.com/nodejs/node/pull/65373,Pull Request,vfs: reject rename onto a non-empty directory,open,2026-08-18 06:16:27+00:00,2026-08-18 06:20:22+00:00,,0.77,0.77,0.77,0,2,needs-ci | vfs,0,0,0,NONE,482,45,1,8,1,0,0,0,0,119012,36525,1490,119012,1537562,0.0006,0.1,Low,Keep In Normal Delivery Rhythm.
Developer Experience Modernization,Developer Tools,microsoft/vscode,331427,https://github.com/microsoft/vscode/issues/331427,Issue,Settings cog tooltip interferes with menu,closed,2026-08-18 06:17:46+00:00,2026-08-18 21:53:26+00:00,2026-08-18 21:33:59+00:00,0.77,0.64,0.12,2,3,bug | workbench-hover | unreleased,2,1,0,NONE,3972,41,1,8,0,1,0,0,0,188912,41710,19952,188912,1367899,0.0004,0.0,Low,Keep In Normal Delivery Rhythm.
Developer Experience Modernization,Developer Tools,microsoft/vscode,331428,https://github.com/microsoft/vscode/issues/331428,Issue,Copilot retries deterministic inaccessible-image HTTP 400 four times,open,2026-08-18 06:23:07+00:00,2026-08-18 21:34:18+00:00,,0.76,0.76,0.13,0,0,,1,0,0,CONTRIBUTOR,2367,68,1,8,0,0,0,0,0,188912,41710,19952,188912,1367899,0.0,0.0,Low,Keep In Normal Delivery Rhythm.
Developer Experience Modernization,Developer Tools,microsoft/vscode,331429,https://github.com/microsoft/vscode/issues/331429,Issue,Copilot Chat renders internal <vscode_codeblock_uri isEdit subAgentInvocationId=...> tags for subagent edit blocks,open,2026-08-18 06:23:16+00:00,2026-08-18 06:33:13+00:00,,0.76,0.76,0.76,2,0,,1,0,0,MEMBER,3574,114,1,8,0,0,0,0,0,188912,41710,19952,188912,1367899,0.0001,0.0,Low,Keep In Normal Delivery Rhythm.
Developer Experience Modernization,Developer Tools,microsoft/vscode,331430,https://github.com/microsoft/vscode/pull/331430,Pull Request,Recover chats with inaccessible vision history,open,2026-08-18 06:29:36+00:00,2026-08-18 21:34:11+00:00,,0.76,0.76,0.13,0,0,,1,0,0,CONTRIBUTOR,1992,46,1,8,0,0,0,0,0,188912,41710,19952,188912,1367899,0.0,0.0,Low,Keep In Normal Delivery Rhythm.
Language Ecosystem Delivery,Language Platform,rust-lang/rust,161276,https://github.com/rust-lang/rust/issues/161276,Issue,LLVM 24 rejects target feature / ABI mismatch that Rust only warns about,open,2026-08-18 06:35:44+00:00,2026-08-18 07:32:27+00:00,,0.75,0.75,0.72,1,2,A-diagnostics | T-compiler,0,0,0,CONTRIBUTOR,1808,72,1,8,0,0,0,0,0,115595,15431,12711,115595,972236,0.0,0.0,Low,Keep In Normal Delivery Rhythm.
Cloud Native Platform Reliability,Cloud Platform,kubernetes/kubernetes,141429,https://github.com/kubernetes/kubernetes/pull/141429,Pull Request,kubelet: propagate context through Cache and GeneratePodStatus,open,2026-08-18 06:45:17+00:00,2026-08-18 15:39:25+00:00,,0.75,0.75,0.38,5,10,area/kubelet | kind/cleanup | area/logging | sig/node | size/L | release-note-none | cncf-cla: yes | priority/important-longterm | needs-triage | wg/structured-logging,0,0,0,CONTRIBUTOR,676,62,1,8,1,0,1,1,0,124580,43868,2952,124580,1510698,0.0014,0.1,Low,Keep In Normal Delivery Rhythm.
Developer Experience Modernization,Developer Tools,microsoft/vscode,331431,https://github.com/microsoft/vscode/issues/331431,Issue,Copilot completion feedback,open,2026-08-18 07:21:43+00:00,2026-08-18 07:31:50+00:00,,0.72,0.72,0.72,1,1,info-needed,1,0,0,NONE,4291,27,1,8,0,0,0,0,0,188912,41710,19952,188912,1367899,0.0002,0.0,Low,Keep In Normal Delivery Rhythm.
Data Platform Orchestration,Data Engineering,apache/airflow,71757,https://github.com/apache/airflow/pull/71757,Pull Request,Add consolidated Language SDK compatibility matrix,open,2026-08-18 07:21:44+00:00,2026-08-18 07:29:19+00:00,,0.72,0.72,0.72,0,6,area:dev-tools | kind:documentation | area:go-sdk | backport-to-v3-3-test | area:ts-sdk | area:java-sdk,1,0,0,MEMBER,876,50,1,8,0,0,0,0,0,46523,17615,1885,46523,693411,0.0,0.0,Low,Keep In Normal Delivery Rhythm.
Developer Experience Modernization,Developer Tools,microsoft/vscode,331432,https://github.com/microsoft/vscode/pull/331432,Pull Request,sharedProcess: Ignore missing language pack cache,closed,2026-08-18 07:30:17+00:00,2026-08-18 11:18:56+00:00,2026-08-18 11:16:34+00:00,0.72,0.16,0.56,1,0,,1,1,0,COLLABORATOR,927,49,1,8,0,0,0,0,0,188912,41710,19952,188912,1367899,0.0,0.0,Low,Keep In Normal Delivery Rhythm.
Language Ecosystem Delivery,Language Platform,rust-lang/rust,161277,https://github.com/rust-lang/rust/pull/161277,Pull Request,bootstrap: Move all non-module items out of the crate root,open,2026-08-18 07:36:31+00:00,2026-08-18 13:55:02+00:00,,0.71,0.71,0.45,3,4,A-testsuite | T-bootstrap | S-waiting-on-review | A-bootstrap-stamp,1,0,0,MEMBER,678,58,1,8,1,0,0,0,0,115595,15431,12711,115595,972236,0.0,0.0,Low,Keep In Normal Delivery Rhythm.
Data Platform Orchestration,Data Engineering,apache/airflow,71758,https://github.com/apache/airflow/pull/71758,Pull Request,Fix manual Dag runs reporting success without running any task,open,2026-08-18 07:37:11+00:00,2026-08-18 14:51:37+00:00,,0.71,0.71,0.41,3,0,,0,0,0,CONTRIBUTOR,3160,62,1,8,0,0,0,0,0,46523,17615,1885,46523,693411,0.0,0.0,Low,Keep In Normal Delivery Rhythm.
Data Platform Orchestration,Data Engineering,apache/airflow,71759,https://github.com/apache/airflow/pull/71759,Pull Request,Update security model documentation for sensitive API data,open,2026-08-18 07:40:39+00:00,2026-08-18 07:40:44+00:00,,0.71,0.71,0.71,1,1,kind:documentation,0,0,0,NONE,538,58,1,8,0,0,0,0,0,46523,17615,1885,46523,693411,0.0003,0.0,Low,Keep In Normal Delivery Rhythm.
Developer Experience Modernization,Developer Tools,microsoft/vscode,331433,https://github.com/microsoft/vscode/issues/331433,Issue,【Bug】在CSS中写“color: white”时，鼠标悬浮至白色色块后颜色选择面板很容易因为鼠标动了一点而消失,open,2026-08-18 07:48:24+00:00,2026-08-18 10:20:32+00:00,,0.7,0.7,0.6,1,3,bug | editor-color-picker | ai-translated,1,0,0,NONE,0,57,1,8,0,1,0,0,0,188912,41710,19952,188912,1367899,0.0014,0.1,Low,Keep In Normal Delivery Rhythm.
Developer Experience Modernization,Developer Tools,microsoft/vscode,331434,https://github.com/microsoft/vscode/issues/331434,Issue,I dont need this anymore,closed,2026-08-18 07:52:38+00:00,2026-08-18 08:02:27+00:00,2026-08-18 08:02:26+00:00,0.7,0.01,0.69,1,1,spam,0,0,0,NONE,2889,24,1,8,0,0,0,0,0,188912,41710,19952,188912,1367899,0.0,0.0,Low,Keep In Normal Delivery Rhythm.
Cloud Native Platform Reliability,Cloud Platform,kubernetes/kubernetes,141430,https://github.com/kubernetes/kubernetes/pull/141430,Pull Request,scheduler: added error to logUnusableState in batch.go,open,2026-08-18 08:07:24+00:00,2026-08-18 09:59:53+00:00,,0.69,0.69,0.61,4,7,kind/cleanup | sig/scheduling | size/S | release-note-none | cncf-cla: yes | needs-priority | needs-triage,0,0,0,CONTRIBUTOR,3577,54,1,8,1,0,1,1,0,124580,43868,2952,124580,1510698,0.0044,0.4,Low,Keep In Normal Delivery Rhythm.
Developer Experience Modernization,Developer Tools,microsoft/vscode,331435,https://github.com/microsoft/vscode/pull/331435,Pull Request,Disable Alt+click Close Others for single-tab groups,closed,2026-08-18 08:19:52+00:00,2026-08-18 11:36:04+00:00,2026-08-18 11:32:29+00:00,0.68,0.13,0.55,0,0,,2,1,0,CONTRIBUTOR,960,52,1,8,0,0,0,0,0,188912,41710,19952,188912,1367899,0.0,0.0,Low,Keep In Normal Delivery Rhythm.
Developer Experience Modernization,Developer Tools,microsoft/vscode,331436,https://github.com/microsoft/vscode/pull/331436,Pull Request,agentHost: Report billed AI credits per turn,closed,2026-08-18 08:25:19+00:00,2026-08-18 10:55:40+00:00,2026-08-18 10:48:44+00:00,0.68,0.1,0.57,0,0,,1,1,0,CONTRIBUTOR,1351,44,1,8,0,0,0,0,0,188912,41710,19952,188912,1367899,0.0001,0.0,Low,Keep In Normal Delivery Rhythm.
Developer Experience Modernization,Developer Tools,microsoft/vscode,331437,https://github.com/microsoft/vscode/pull/331437,Pull Request,Fix Agent Merge stalling on indeterminate pull request state,closed,2026-08-18 08:25:33+00:00,2026-08-18 08:46:40+00:00,2026-08-18 08:45:47+00:00,0.68,0.01,0.66,0,0,,0,1,0,CONTRIBUTOR,3820,60,1,8,0,0,0,0,0,188912,41710,19952,188912,1367899,0.0,0.0,Low,Keep In Normal Delivery Rhythm.
Language Ecosystem Delivery,Language Platform,rust-lang/rust,161278,https://github.com/rust-lang/rust/pull/161278,Pull Request,Add regression test for normalization failure on erased closure in async block,closed,2026-08-18 08:26:22+00:00,2026-08-18 16:26:13+00:00,2026-08-18 16:06:10+00:00,0.68,0.32,0.34,3,3,T-compiler | S-waiting-on-bors | WG-trait-system-refactor,1,1,0,CONTRIBUTOR,28,78,1,8,1,0,0,0,0,115595,15431,12711,115595,972236,0.0,0.0,Low,Keep In Normal Delivery Rhythm.
Developer Experience Modernization,Developer Tools,microsoft/vscode,331438,https://github.com/microsoft/vscode/pull/331438,Pull Request,agentHost: Exclude subagent chats from billed credit telemetry,closed,2026-08-18 08:26:28+00:00,2026-08-18 09:39:08+00:00,2026-08-18 09:33:52+00:00,0.68,0.05,0.63,0,0,,0,1,0,CONTRIBUTOR,1037,62,1,8,0,0,0,0,0,188912,41710,19952,188912,1367899,0.0,0.0,Low,Keep In Normal Delivery Rhythm.
Developer Experience Modernization,Developer Tools,microsoft/vscode,331439,https://github.com/microsoft/vscode/pull/331439,Pull Request,Hover: restore scrolling for long content,open,2026-08-18 08:32:24+00:00,2026-08-18 12:19:37+00:00,,0.67,0.67,0.52,1,0,,1,0,0,NONE,1951,41,1,8,0,0,0,0,0,188912,41710,19952,188912,1367899,0.0,0.0,Low,Keep In Normal Delivery Rhythm.
Cloud Native Platform Reliability,Cloud Platform,kubernetes/kubernetes,141431,https://github.com/kubernetes/kubernetes/pull/141431,Pull Request,[release-1.36] build(test): pin agnhost base image and set GOTOOLCHAIN,open,2026-08-18 08:34:06+00:00,2026-08-18 15:34:25+00:00,,0.67,0.67,0.38,14,13,area/test | kind/cleanup | size/S | release-note-none | cncf-cla: yes | sig/testing | needs-ok-to-test | sig/release | do-not-merge/cherry-pick-not-approved | needs-priority | do-not-merge/contains-merge-commits | needs-triage | wg/device-management,0,0,0,NONE,749,70,1,8,1,0,1,1,0,124580,43868,2952,124580,1510698,0.0392,3.9,Low,Keep In Normal Delivery Rhythm.
Developer Experience Modernization,Developer Tools,microsoft/vscode,331440,https://github.com/microsoft/vscode/issues/331440,Issue,11111,closed,2026-08-18 08:46:35+00:00,2026-08-18 08:56:59+00:00,2026-08-18 08:56:59+00:00,0.66,0.01,0.66,1,1,spam,0,0,0,NONE,280,5,1,8,0,0,0,0,0,188912,41710,19952,188912,1367899,0.0,0.0,Low,Keep In Normal Delivery Rhythm.
Data Platform Orchestration,Data Engineering,apache/airflow,71760,https://github.com/apache/airflow/pull/71760,Pull Request,i18n(Ko): add missing translations in assets.json (Aug 18),closed,2026-08-18 08:49:21+00:00,2026-08-18 15:17:26+00:00,2026-08-18 15:17:22+00:00,0.66,0.27,0.39,2,3,area:UI | area:translations | translation:ko,0,0,0,CONTRIBUTOR,603,58,1,8,0,0,0,0,0,46523,17615,1885,46523,693411,0.0,0.0,Low,Keep In Normal Delivery Rhythm.
Developer Experience Modernization,Developer Tools,microsoft/vscode,331441,https://github.com/microsoft/vscode/issues/331441,Issue,any folder not open in vs code,open,2026-08-18 08:52:28+00:00,2026-08-18 09:11:41+00:00,,0.66,0.66,0.65,1,1,info-needed,1,0,0,NONE,5257,30,1,8,0,0,0,0,0,188912,41710,19952,188912,1367899,0.0,0.0,Low,Keep In Normal Delivery Rhythm.
Language Ecosystem Delivery,Language Platform,rust-lang/rust,161279,https://github.com/rust-lang/rust/pull/161279,Pull Request,skip when only one side have side_effects for zip,open,2026-08-18 08:56:56+00:00,2026-08-18 20:05:44+00:00,,0.66,0.66,0.19,2,2,S-waiting-on-review | T-libs,1,0,0,CONTRIBUTOR,198,49,1,8,1,0,0,0,0,115595,15431,12711,115595,972236,0.0,0.0,Low,Keep In Normal Delivery Rhythm.
Developer Experience Modernization,Developer Tools,microsoft/vscode,331442,https://github.com/microsoft/vscode/pull/331442,Pull Request,Enforce custom agent subagent allowlists,open,2026-08-18 09:03:33+00:00,2026-08-18 09:16:46+00:00,,0.65,0.65,0.64,0,0,,2,0,0,CONTRIBUTOR,947,40,1,8,0,0,0,0,0,188912,41710,19952,188912,1367899,0.0,0.0,Low,Keep In Normal Delivery Rhythm.
Developer Experience Modernization,Developer Tools,microsoft/vscode,331443,https://github.com/microsoft/vscode/issues/331443,Issue,Button missing a tooltip in the search panel,open,2026-08-18 09:22:19+00:00,2026-08-18 09:44:21+00:00,,0.64,0.64,0.62,0,0,,1,0,0,NONE,1310,44,1,8,0,0,0,0,0,188912,41710,19952,188912,1367899,0.0,0.0,Low,Keep In Normal Delivery Rhythm.
Developer Experience Modernization,Developer Tools,microsoft/vscode,331444,https://github.com/microsoft/vscode/pull/331444,Pull Request,[cherry-pick] Modern UI: Persist reserved tab actions,closed,2026-08-18 09:26:48+00:00,2026-08-18 11:23:33+00:00,2026-08-18 11:19:23+00:00,0.64,0.08,0.55,0,1,release-cherry-pick,1,1,0,CONTRIBUTOR,967,53,1,8,0,0,0,0,0,188912,41710,19952,188912,1367899,0.0,0.0,Low,Keep In Normal Delivery Rhythm.
Language Ecosystem Delivery,Language Platform,rust-lang/rust,161280,https://github.com/rust-lang/rust/pull/161280,Pull Request,make target feature ABI check a hard error on ARM,open,2026-08-18 09:27:34+00:00,2026-08-18 16:49:58+00:00,,0.64,0.64,0.33,8,3,T-compiler | S-waiting-on-review | needs-fcp,1,0,0,MEMBER,1483,49,1,8,1,0,0,0,0,115595,15431,12711,115595,972236,0.0,0.0,Low,Keep In Normal Delivery Rhythm.
Runtime Platform Stabilization,Runtime Engineering,nodejs/node,65374,https://github.com/nodejs/node/pull/65374,Pull Request,src: allow building the snapshot on top of a V8 startup blob,open,2026-08-18 09:27:36+00:00,2026-08-18 19:33:24+00:00,,0.64,0.64,0.21,2,3,c++ | needs-ci | request-ci,0,0,0,MEMBER,2085,60,1,8,1,0,0,0,0,119012,36525,1490,119012,1537562,0.0008,0.1,Low,Keep In Normal Delivery Rhythm.
Developer Experience Modernization,Developer Tools,microsoft/vscode,331445,https://github.com/microsoft/vscode/issues/331445,Issue,短时间不用 回来后 直接卡死崩溃，经常发生,open,2026-08-18 09:28:11+00:00,2026-08-18 09:48:05+00:00,,0.63,0.63,0.62,1,1,ai-translated,1,0,0,NONE,6999,21,1,8,0,0,0,0,0,188912,41710,19952,188912,1367899,0.0,0.0,Low,Keep In Normal Delivery Rhythm.
Language Ecosystem Delivery,Language Platform,rust-lang/rust,161281,https://github.com/rust-lang/rust/pull/161281,Pull Request,Unstable benchmark excluding setup feature,open,2026-08-18 09:31:27+00:00,2026-08-18 09:31:33+00:00,,0.63,0.63,0.63,1,2,S-waiting-on-review | T-libs,1,0,0,CONTRIBUTOR,4018,42,1,8,1,0,0,0,0,115595,15431,12711,115595,972236,0.0001,0.0,Low,Keep In Normal Delivery Rhythm.
Developer Experience Modernization,Developer Tools,microsoft/vscode,331446,https://github.com/microsoft/vscode/pull/331446,Pull Request,Batch Agent Host session catalog updates,open,2026-08-18 09:41:05+00:00,2026-08-18 15:35:53+00:00,,0.63,0.63,0.38,0,0,,2,0,0,CONTRIBUTOR,1060,40,1,8,0,0,0,0,0,188912,41710,19952,188912,1367899,0.0,0.0,Low,Keep In Normal Delivery Rhythm.
Language Ecosystem Delivery,Language Platform,rust-lang/rust,161282,https://github.com/rust-lang/rust/issues/161282,Issue,[ICE]: tuple_fields called on non-tuple: ARG/#0,open,2026-08-18 09:43:10+00:00,2026-08-18 09:49:44+00:00,,0.62,0.62,0.62,0,5,I-ICE | T-compiler | C-bug | requires-internal-features | needs-triage,0,0,0,NONE,7603,47,1,8,1,1,0,1,0,115595,15431,12711,115595,972236,0.0,0.0,Low,Keep In Normal Delivery Rhythm.
Developer Experience Modernization,Developer Tools,microsoft/vscode,331447,https://github.com/microsoft/vscode/pull/331447,Pull Request,Add profile-persistent Screencast Mode setting,open,2026-08-18 09:46:01+00:00,2026-08-18 10:09:49+00:00,,0.62,0.62,0.61,0,0,,2,0,0,CONTRIBUTOR,951,46,1,8,0,0,0,0,0,188912,41710,19952,188912,1367899,0.0001,0.0,Low,Keep In Normal Delivery Rhythm.
Developer Experience Modernization,Developer Tools,microsoft/vscode,331448,https://github.com/microsoft/vscode/pull/331448,Pull Request,markdown: fix: open absolute file links in Markdown editor,open,2026-08-18 09:49:08+00:00,2026-08-18 15:16:26+00:00,,0.62,0.62,0.39,0,0,,1,0,0,CONTRIBUTOR,4148,58,1,8,0,0,0,0,0,188912,41710,19952,188912,1367899,0.0001,0.0,Low,Keep In Normal Delivery Rhythm.
Language Ecosystem Delivery,Language Platform,rust-lang/rust,161283,https://github.com/rust-lang/rust/pull/161283,Pull Request,Tighten the language used for documenting `TargetOptions::llvm_abiname`,open,2026-08-18 09:49:56+00:00,2026-08-18 10:22:33+00:00,,0.62,0.62,0.6,1,2,T-compiler | S-waiting-on-review,1,0,0,CONTRIBUTOR,1513,71,1,8,1,0,0,0,0,115595,15431,12711,115595,972236,0.0,0.0,Low,Keep In Normal Delivery Rhythm.
Developer Experience Modernization,Developer Tools,microsoft/vscode,331449,https://github.com/microsoft/vscode/pull/331449,Pull Request,Fix custom title bar visibility in macOS fullscreen,open,2026-08-18 09:51:27+00:00,2026-08-18 10:39:15+00:00,,0.62,0.62,0.59,0,0,,2,0,0,CONTRIBUTOR,864,51,1,8,0,0,0,0,0,188912,41710,19952,188912,1367899,0.0001,0.0,Low,Keep In Normal Delivery Rhythm.
Data Platform Orchestration,Data Engineering,apache/airflow,71761,https://github.com/apache/airflow/issues/71761,Issue,task with end_date - 404 Not Found The Mapped Task Instance,closed,2026-08-18 09:54:48+00:00,2026-08-18 18:09:19+00:00,2026-08-18 18:09:19+00:00,0.62,0.34,0.27,0,2,kind:bug | needs-triage,0,0,0,CONTRIBUTOR,1098,59,1,8,1,1,0,1,0,46523,17615,1885,46523,693411,0.0,0.0,Low,Keep In Normal Delivery Rhythm.
Language Ecosystem Delivery,Language Platform,rust-lang/rust,161284,https://github.com/rust-lang/rust/pull/161284,Pull Request,Rollup of 4 pull requests,closed,2026-08-18 10:02:39+00:00,2026-08-18 13:09:29+00:00,2026-08-18 11:03:43+00:00,0.61,0.04,0.48,5,3,T-compiler | S-waiting-on-author | rollup,0,0,0,MEMBER,519,25,1,8,1,0,0,0,0,115595,15431,12711,115595,972236,0.0,0.0,Low,Keep In Normal Delivery Rhythm.
Developer Experience Modernization,Developer Tools,microsoft/vscode,331450,https://github.com/microsoft/vscode/pull/331450,Pull Request,sessions: remove gaps above docked file trees,closed,2026-08-18 10:10:39+00:00,2026-08-18 11:06:24+00:00,2026-08-18 11:06:23+00:00,0.61,0.04,0.57,2,0,,1,1,0,MEMBER,792,45,1,8,0,0,0,0,0,188912,41710,19952,188912,1367899,0.0,0.0,Low,Keep In Normal Delivery Rhythm.
Cloud Native Platform Reliability,Cloud Platform,kubernetes/kubernetes,141432,https://github.com/kubernetes/kubernetes/pull/141432,Pull Request,[release-1.35] build(test): pin agnhost base image and set GOTOOLCHAIN,open,2026-08-18 10:15:37+00:00,2026-08-18 12:51:43+00:00,,0.6,0.6,0.49,6,10,area/test | kind/cleanup | size/S | release-note-none | cncf-cla: yes | sig/testing | needs-ok-to-test | do-not-merge/cherry-pick-not-approved | needs-priority | needs-triage,0,1,0,NONE,734,70,1,8,1,0,1,1,0,124580,43868,2952,124580,1510698,0.0054,0.5,Low,Keep In Normal Delivery Rhythm.
Developer Experience Modernization,Developer Tools,microsoft/vscode,331451,https://github.com/microsoft/vscode/pull/331451,Pull Request,Rename `style-override` to `modern-ui`,closed,2026-08-18 10:16:10+00:00,2026-08-18 11:07:53+00:00,2026-08-18 11:06:44+00:00,0.6,0.04,0.57,1,0,,1,1,0,CONTRIBUTOR,2728,38,1,8,0,0,0,0,0,188912,41710,19952,188912,1367899,0.0004,0.0,Low,Keep In Normal Delivery Rhythm.
Data Platform Orchestration,Data Engineering,apache/airflow,71762,https://github.com/apache/airflow/pull/71762,Pull Request,UI: Avoid 404 links for tasks outside run dates,closed,2026-08-18 10:20:58+00:00,2026-08-18 18:12:46+00:00,2026-08-18 18:09:18+00:00,0.6,0.33,0.27,1,2,area:UI | backport-to-v3-3-test,0,1,0,CONTRIBUTOR,914,47,1,8,0,0,0,0,0,46523,17615,1885,46523,693411,0.0,0.0,Low,Keep In Normal Delivery Rhythm.
Runtime Platform Stabilization,Runtime Engineering,nodejs/node,65375,https://github.com/nodejs/node/pull/65375,Pull Request,module: change return type for ModuleWrap::SyntheticModuleEvaluationStepsCallback,open,2026-08-18 10:22:56+00:00,2026-08-18 22:05:07+00:00,,0.6,0.6,0.11,4,5,lib / src | needs-ci | dont-land-on-v22.x | dont-land-on-v24.x | dont-land-on-v26.x,0,0,0,CONTRIBUTOR,2762,81,1,8,1,0,0,0,0,119012,36525,1490,119012,1537562,0.0021,0.2,Low,Keep In Normal Delivery Rhythm.
Data Platform Orchestration,Data Engineering,apache/airflow,71763,https://github.com/apache/airflow/pull/71763,Pull Request,Add airflowctl tasks logs command for retrieving task instance logs,open,2026-08-18 10:23:27+00:00,2026-08-18 10:41:42+00:00,,0.6,0.6,0.58,1,2,area:airflow-ctl | backport-to-airflow-ctl/v0-1-test,0,0,0,NONE,2365,67,1,8,0,0,0,0,0,46523,17615,1885,46523,693411,0.0,0.0,Low,Keep In Normal Delivery Rhythm.
Developer Experience Modernization,Developer Tools,microsoft/vscode,331452,https://github.com/microsoft/vscode/issues/331452,Issue,Agents Window: local Agent Host sessions disappeared after updating VS Code Insiders,closed,2026-08-18 10:23:38+00:00,2026-08-18 21:53:22+00:00,2026-08-18 19:12:30+00:00,0.6,0.37,0.12,1,5,bug | candidate | unreleased | agents-window | agent-host,1,1,0,MEMBER,3652,84,1,8,0,1,0,0,0,188912,41710,19952,188912,1367899,0.0,0.0,Low,Keep In Normal Delivery Rhythm.
Cloud Native Platform Reliability,Cloud Platform,kubernetes/kubernetes,141433,https://github.com/kubernetes/kubernetes/issues/141433,Issue,"A pod using a Dynamic Resource Allocation claim got permanently stuck in CreateContainerError after its node rebooted, with no automatic recovery.",open,2026-08-18 10:25:29+00:00,2026-08-18 18:03:56+00:00,,0.6,0.6,0.28,4,4,kind/bug | sig/scheduling | sig/node | needs-triage,1,0,0,NONE,5609,146,1,8,1,1,0,1,0,124580,43868,2952,124580,1510698,0.0255,2.6,Low,Keep In Normal Delivery Rhythm.
Cloud Native Platform Reliability,Cloud Platform,kubernetes/kubernetes,141434,https://github.com/kubernetes/kubernetes/issues/141434,Issue,[Failing-test]: investigate host memory used while resolving Ubuntu images for DRA node jobs,open,2026-08-18 10:46:10+00:00,2026-08-18 10:46:19+00:00,,0.58,0.58,0.58,1,4,sig/node | kind/failing-test | needs-triage | wg/device-management,1,0,0,MEMBER,3763,92,1,8,1,0,0,1,0,124580,43868,2952,124580,1510698,0.0075,0.8,Low,Keep In Normal Delivery Rhythm.
Cloud Native Platform Reliability,Cloud Platform,kubernetes/kubernetes,141435,https://github.com/kubernetes/kubernetes/issues/141435,Issue,[Failing-test]: ci-kind-dra-1-34 times out before DRA suite can finish,open,2026-08-18 10:48:34+00:00,2026-08-18 11:57:37+00:00,,0.58,0.58,0.53,3,4,sig/node | kind/failing-test | needs-triage | wg/device-management,1,0,0,MEMBER,5459,70,1,8,1,0,0,1,0,124580,43868,2952,124580,1510698,0.0003,0.0,Low,Keep In Normal Delivery Rhythm.
Data Platform Orchestration,Data Engineering,apache/airflow,71764,https://github.com/apache/airflow/pull/71764,Pull Request,[v3-3-test] Stop dag processor from warning on every file path normalized for stats (#71091),open,2026-08-18 10:50:10+00:00,2026-08-18 10:50:13+00:00,,0.58,0.58,0.58,0,1,area:DAG-processing,0,0,0,CONTRIBUTOR,372,92,1,8,0,0,0,0,0,46523,17615,1885,46523,693411,0.0,0.0,Low,Keep In Normal Delivery Rhythm.
Data Platform Orchestration,Data Engineering,apache/airflow,71765,https://github.com/apache/airflow/pull/71765,Pull Request,Keep scheduling remaining tasks when a running Dag is paused,open,2026-08-18 10:50:18+00:00,2026-08-18 17:04:03+00:00,,0.58,0.58,0.32,3,2,area:Scheduler | kind:documentation,0,0,0,NONE,3833,60,1,8,0,0,0,0,0,46523,17615,1885,46523,693411,0.0,0.0,Low,Keep In Normal Delivery Rhythm.
Developer Experience Modernization,Developer Tools,microsoft/vscode,331453,https://github.com/microsoft/vscode/pull/331453,Pull Request,[cherry-pick] agentHost: Report billed AI credits per turn,open,2026-08-18 10:55:14+00:00,2026-08-18 11:32:04+00:00,,0.57,0.57,0.55,0,1,cherry-pick-artifact,1,0,0,CONTRIBUTOR,1860,58,1,8,0,0,0,0,0,188912,41710,19952,188912,1367899,0.0,0.0,Low,Keep In Normal Delivery Rhythm.
Data Platform Orchestration,Data Engineering,apache/airflow,71766,https://github.com/apache/airflow/pull/71766,Pull Request,restrict permissions on teradata credential files written for ssh runs,open,2026-08-18 10:57:47+00:00,2026-08-18 10:57:51+00:00,,0.57,0.57,0.57,0,2,area:providers | provider:teradata,0,0,0,CONTRIBUTOR,970,70,1,8,0,0,0,0,0,46523,17615,1885,46523,693411,0.0,0.0,Low,Keep In Normal Delivery Rhythm.
Language Ecosystem Delivery,Language Platform,rust-lang/rust,161285,https://github.com/rust-lang/rust/pull/161285,Pull Request,Rollup of 6 pull requests,closed,2026-08-18 11:03:43+00:00,2026-08-18 11:32:20+00:00,2026-08-18 11:32:16+00:00,0.57,0.02,0.55,3,3,T-compiler | S-waiting-on-author | rollup,0,0,0,MEMBER,705,25,1,8,1,0,0,0,0,115595,15431,12711,115595,972236,0.0,0.0,Low,Keep In Normal Delivery Rhythm.
Developer Experience Modernization,Developer Tools,microsoft/vscode,331454,https://github.com/microsoft/vscode/issues/331454,Issue,Copilot completion feedback,open,2026-08-18 11:05:10+00:00,2026-08-18 11:27:43+00:00,,0.57,0.57,0.55,0,0,,1,0,0,NONE,3963,27,1,8,0,0,0,0,0,188912,41710,19952,188912,1367899,0.0,0.0,Low,Keep In Normal Delivery Rhythm.
Developer Experience Modernization,Developer Tools,microsoft/vscode,331455,https://github.com/microsoft/vscode/issues/331455,Issue,"Copilot Chat OTel export only emits utility-model spans, never the active chat model (GPT-5/Claude)",open,2026-08-18 11:06:53+00:00,2026-08-18 11:27:45+00:00,,0.57,0.57,0.55,0,0,,1,0,0,NONE,2378,99,1,8,0,0,0,0,0,188912,41710,19952,188912,1367899,0.0,0.0,Low,Keep In Normal Delivery Rhythm.
Developer Experience Modernization,Developer Tools,microsoft/vscode,331456,https://github.com/microsoft/vscode/issues/331456,Issue,what is that,closed,2026-08-18 11:09:34+00:00,2026-08-18 11:32:07+00:00,2026-08-18 11:32:07+00:00,0.56,0.02,0.55,1,1,spam,0,0,0,NONE,1220,12,1,8,0,0,0,0,0,188912,41710,19952,188912,1367899,0.0,0.0,Low,Keep In Normal Delivery Rhythm.
Language Ecosystem Delivery,Language Platform,rust-lang/rust,161286,https://github.com/rust-lang/rust/issues/161286,Issue,Tracking issue for release notes of #141266: Stabilize `substr_range` and `subslice_range`,closed,2026-08-18 11:09:41+00:00,2026-08-18 20:35:25+00:00,2026-08-18 20:35:22+00:00,0.56,0.39,0.17,2,4,T-libs-api | relnotes | T-libs | relnotes-tracking-issue,0,1,0,COLLABORATOR,1557,90,1,8,0,0,0,0,0,115595,15431,12711,115595,972236,0.0,0.0,Low,Keep In Normal Delivery Rhythm.
Data Platform Orchestration,Data Engineering,apache/airflow,71767,https://github.com/apache/airflow/pull/71767,Pull Request,Improve deadline diagnostics for null DagRun fields,open,2026-08-18 11:17:21+00:00,2026-08-18 20:41:55+00:00,,0.56,0.56,0.17,0,2,area:deadline-alerts | area:DAG-processing,0,0,0,CONTRIBUTOR,3072,51,1,8,0,0,0,0,0,46523,17615,1885,46523,693411,0.0,0.0,Low,Keep In Normal Delivery Rhythm.
Language Ecosystem Delivery,Language Platform,rust-lang/rust,161287,https://github.com/rust-lang/rust/pull/161287,Pull Request,Update `icu_list` dependency to 2.3,open,2026-08-18 11:19:52+00:00,2026-08-18 16:29:10+00:00,,0.56,0.56,0.34,6,5,T-compiler | T-bootstrap | S-waiting-on-review | A-translation | A-tidy,1,0,0,CONTRIBUTOR,143,35,1,8,1,0,0,0,0,115595,15431,12711,115595,972236,0.0,0.0,Low,Keep In Normal Delivery Rhythm.
Developer Experience Modernization,Developer Tools,microsoft/vscode,331457,https://github.com/microsoft/vscode/issues/331457,Issue,"terminal-suggest: PATH is resolved once at activation, so a replaced PATH directory stops updating completions until reload",open,2026-08-18 11:26:49+00:00,2026-08-18 15:11:59+00:00,,0.55,0.55,0.4,1,3,bug | confirmation-pending | terminal-suggest,1,0,0,CONTRIBUTOR,5217,123,1,8,0,1,0,0,0,188912,41710,19952,188912,1367899,0.0,0.0,Low,Keep In Normal Delivery Rhythm.
Language Ecosystem Delivery,Language Platform,rust-lang/rust,161288,https://github.com/rust-lang/rust/issues/161288,Issue,`Read::bytes()` does not document `Interrupted` behavior,open,2026-08-18 11:29:57+00:00,2026-08-18 17:56:16+00:00,,0.55,0.55,0.28,0,2,A-docs | T-libs,1,0,0,CONTRIBUTOR,482,56,1,8,0,0,0,0,0,115595,15431,12711,115595,972236,0.0,0.0,Low,Keep In Normal Delivery Rhythm.
Language Ecosystem Delivery,Language Platform,rust-lang/rust,161289,https://github.com/rust-lang/rust/pull/161289,Pull Request,Rollup of 11 pull requests,closed,2026-08-18 11:32:28+00:00,2026-08-18 17:14:05+00:00,2026-08-18 16:06:09+00:00,0.55,0.19,0.31,9,8,A-testsuite | T-compiler | T-infra | merged-by-bors | rollup | perf-regression | WG-trait-system-refactor | A-CI,0,1,0,MEMBER,1195,26,1,8,0,1,0,0,0,115595,15431,12711,115595,972236,0.0,0.0,Low,Keep In Normal Delivery Rhythm.
Language Ecosystem Delivery,Language Platform,rust-lang/rust,161290,https://github.com/rust-lang/rust/pull/161290,Pull Request,Assorted bootstrap LLVM refactors (part 4/N),open,2026-08-18 11:34:42+00:00,2026-08-18 12:05:30+00:00,,0.55,0.55,0.53,1,3,A-testsuite | T-bootstrap | S-waiting-on-author,1,0,0,MEMBER,2174,44,1,8,1,0,0,0,0,115595,15431,12711,115595,972236,0.0001,0.0,Low,Keep In Normal Delivery Rhythm.
Developer Experience Modernization,Developer Tools,microsoft/vscode,331458,https://github.com/microsoft/vscode/pull/331458,Pull Request,base: disable split-action dropdown when its primary action is disabled,closed,2026-08-18 11:35:00+00:00,2026-08-18 14:36:44+00:00,2026-08-18 14:36:02+00:00,0.55,0.13,0.42,0,0,,1,1,0,CONTRIBUTOR,1159,71,1,8,0,0,0,0,0,188912,41710,19952,188912,1367899,0.0,0.0,Low,Keep In Normal Delivery Rhythm.
Developer Experience Modernization,Developer Tools,microsoft/vscode,331459,https://github.com/microsoft/vscode/pull/331459,Pull Request,Modern UI: Increase margin-top for activity bar items,closed,2026-08-18 11:35:29+00:00,2026-08-18 17:47:34+00:00,2026-08-18 17:43:24+00:00,0.55,0.26,0.29,0,0,,1,1,0,CONTRIBUTOR,202,53,1,8,0,0,0,0,0,188912,41710,19952,188912,1367899,0.0,0.0,Low,Keep In Normal Delivery Rhythm.
Language Ecosystem Delivery,Language Platform,rust-lang/rust,161291,https://github.com/rust-lang/rust/pull/161291,Pull Request,Rename `ProjectionPredicate` and `TraitPredicate`,open,2026-08-18 11:39:58+00:00,2026-08-18 13:23:37+00:00,,0.54,0.54,0.47,4,6,T-rustdoc | T-compiler | S-waiting-on-bors | PG-exploit-mitigations | WG-trait-system-refactor | T-clippy,1,0,0,CONTRIBUTOR,651,49,1,8,1,0,0,0,0,115595,15431,12711,115595,972236,0.0,0.0,Low,Keep In Normal Delivery Rhythm.
Developer Experience Modernization,Developer Tools,microsoft/vscode,331460,https://github.com/microsoft/vscode/issues/331460,Issue,The VS Code icon does not appear in the Windows 10 taskbar.,open,2026-08-18 11:40:03+00:00,2026-08-18 12:16:25+00:00,,0.54,0.54,0.52,1,0,,1,0,0,NONE,1264,59,1,8,0,0,0,0,0,188912,41710,19952,188912,1367899,0.0,0.0,Low,Keep In Normal Delivery Rhythm.
Runtime Platform Stabilization,Runtime Engineering,nodejs/node,65376,https://github.com/nodejs/node/pull/65376,Pull Request,fs: implement copyFileSync in C++,open,2026-08-18 11:41:18+00:00,2026-08-18 14:57:50+00:00,,0.54,0.54,0.41,2,3,c++ | lib / src | needs-ci,0,0,0,MEMBER,2024,33,1,8,1,0,0,0,0,119012,36525,1490,119012,1537562,0.0002,0.0,Low,Keep In Normal Delivery Rhythm.
Runtime Platform Stabilization,Runtime Engineering,nodejs/node,65377,https://github.com/nodejs/node/pull/65377,Pull Request,test: use common/child_process spawnSync helpers,open,2026-08-18 11:43:55+00:00,2026-08-18 23:09:48+00:00,,0.54,0.54,0.06,3,2,test | needs-ci,0,0,0,CONTRIBUTOR,498,48,1,8,1,0,0,0,0,119012,36525,1490,119012,1537562,0.0022,0.2,Low,Keep In Normal Delivery Rhythm.
Developer Experience Modernization,Developer Tools,microsoft/vscode,331461,https://github.com/microsoft/vscode/pull/331461,Pull Request,build(deps): bump @vscode/markdown-editor from 0.0.2-74 to 0.0.2-81 in /extensions/markdown-language-features,open,2026-08-18 11:44:24+00:00,2026-08-18 11:48:23+00:00,,0.54,0.54,0.54,0,2,javascript | dependencies,1,0,0,CONTRIBUTOR,1900,109,1,8,0,0,0,0,0,188912,41710,19952,188912,1367899,0.0,0.0,Low,Keep In Normal Delivery Rhythm.
Language Ecosystem Delivery,Language Platform,rust-lang/rust,161292,https://github.com/rust-lang/rust/pull/161292,Pull Request,Add safety comments in alloc::Wtf8,open,2026-08-18 11:44:39+00:00,2026-08-18 16:37:57+00:00,,0.54,0.54,0.34,1,2,S-waiting-on-review | T-libs,1,0,0,CONTRIBUTOR,1603,34,1,8,1,0,0,0,0,115595,15431,12711,115595,972236,0.0,0.0,Low,Keep In Normal Delivery Rhythm.
Cloud Native Platform Reliability,Cloud Platform,kubernetes/kubernetes,141436,https://github.com/kubernetes/kubernetes/pull/141436,Pull Request,pkg/storage/cacher: backoff on re-init instead of 1s flat rate,open,2026-08-18 11:51:07+00:00,2026-08-18 11:55:05+00:00,,0.54,0.54,0.53,5,8,priority/backlog | kind/cleanup | area/apiserver | sig/api-machinery | size/S | release-note-none | cncf-cla: yes | needs-triage,0,0,0,MEMBER,3769,62,1,8,1,0,1,1,0,124580,43868,2952,124580,1510698,0.0007,0.1,Low,Keep In Normal Delivery Rhythm.
Language Ecosystem Delivery,Language Platform,rust-lang/rust,161293,https://github.com/rust-lang/rust/pull/161293,Pull Request,add relnotes 1.98.0,open,2026-08-18 11:51:08+00:00,2026-08-18 18:02:53+00:00,,0.54,0.54,0.28,2,2,S-waiting-on-review | T-release,1,0,0,MEMBER,37,19,1,8,1,0,0,0,0,115595,15431,12711,115595,972236,0.0,0.0,Low,Keep In Normal Delivery Rhythm.
Developer Experience Modernization,Developer Tools,microsoft/vscode,331462,https://github.com/microsoft/vscode/issues/331462,Issue,Agents window: Toggling aux sidebar visibility is changing last focused sidebar panel,open,2026-08-18 11:51:47+00:00,2026-08-18 12:23:04+00:00,,0.54,0.54,0.51,2,0,,1,0,0,CONTRIBUTOR,541,85,1,8,0,0,0,0,0,188912,41710,19952,188912,1367899,0.0,0.0,Low,Keep In Normal Delivery Rhythm.
Developer Experience Modernization,Developer Tools,microsoft/vscode,331463,https://github.com/microsoft/vscode/issues/331463,Issue,Command+A is not working on debug console,open,2026-08-18 12:06:41+00:00,2026-08-18 21:27:49+00:00,,0.52,0.52,0.14,1,1,info-needed,1,0,0,NONE,1148,41,1,8,0,0,0,0,0,188912,41710,19952,188912,1367899,0.0,0.0,Low,Keep In Normal Delivery Rhythm.
Developer Experience Modernization,Developer Tools,microsoft/vscode,331464,https://github.com/microsoft/vscode/issues/331464,Issue,Agent Host issue - keeps asking to sign in to Github although signed in,open,2026-08-18 12:07:09+00:00,2026-08-18 12:22:23+00:00,,0.52,0.52,0.51,0,0,,1,0,0,NONE,6553,71,1,8,0,0,0,0,0,188912,41710,19952,188912,1367899,0.0,0.0,Low,Keep In Normal Delivery Rhythm.
Runtime Platform Stabilization,Runtime Engineering,nodejs/node,65378,https://github.com/nodejs/node/pull/65378,Pull Request,fs: fix realpath of namespaced drive paths,open,2026-08-18 12:21:19+00:00,2026-08-18 14:04:23+00:00,,0.51,0.51,0.44,1,3,fs | windows | needs-ci,0,0,0,MEMBER,2515,42,1,8,1,0,0,0,0,119012,36525,1490,119012,1537562,0.0043,0.4,Low,Keep In Normal Delivery Rhythm.
Runtime Platform Stabilization,Runtime Engineering,nodejs/node,65379,https://github.com/nodejs/node/pull/65379,Pull Request,util: strip whole CSI sequences per ECMA-48,open,2026-08-18 12:24:36+00:00,2026-08-18 12:24:49+00:00,,0.51,0.51,0.51,0,2,util | needs-ci,0,0,0,NONE,7337,43,1,8,1,0,0,0,0,119012,36525,1490,119012,1537562,0.0,0.0,Low,Keep In Normal Delivery Rhythm.
Developer Experience Modernization,Developer Tools,microsoft/vscode,331465,https://github.com/microsoft/vscode/pull/331465,Pull Request,Limit the surface which renders promo notifications,closed,2026-08-18 12:28:52+00:00,2026-08-18 14:44:07+00:00,2026-08-18 14:40:13+00:00,0.51,0.09,0.42,0,0,,1,1,0,MEMBER,344,51,1,8,0,0,0,0,0,188912,41710,19952,188912,1367899,0.0,0.0,Low,Keep In Normal Delivery Rhythm.
Language Ecosystem Delivery,Language Platform,rust-lang/rust,161294,https://github.com/rust-lang/rust/pull/161294,Pull Request,add crashtests [6/N],open,2026-08-18 12:30:05+00:00,2026-08-18 12:34:18+00:00,,0.51,0.51,0.51,2,2,T-compiler | S-waiting-on-review,1,0,0,CONTRIBUTOR,376,20,1,8,1,0,0,0,0,115595,15431,12711,115595,972236,0.0,0.0,Low,Keep In Normal Delivery Rhythm.
Language Ecosystem Delivery,Language Platform,rust-lang/rust,161295,https://github.com/rust-lang/rust/pull/161295,Pull Request,std: don't panic on long-elapsed deadlines for `sleep_until`,open,2026-08-18 12:31:02+00:00,2026-08-18 12:31:07+00:00,,0.51,0.51,0.51,1,2,S-waiting-on-review | T-libs,1,0,0,MEMBER,346,60,1,8,1,0,0,0,0,115595,15431,12711,115595,972236,0.0002,0.0,Low,Keep In Normal Delivery Rhythm.
Developer Experience Modernization,Developer Tools,microsoft/vscode,331466,https://github.com/microsoft/vscode/issues/331466,Issue,Electron 43 update,open,2026-08-18 12:32:45+00:00,2026-08-18 12:32:45+00:00,,0.51,0.51,0.51,0,2,feature-request | electron,1,0,0,COLLABORATOR,50,18,1,8,0,0,0,0,0,188912,41710,19952,188912,1367899,0.0,0.0,Low,Keep In Normal Delivery Rhythm.
Language Ecosystem Delivery,Language Platform,rust-lang/rust,161296,https://github.com/rust-lang/rust/pull/161296,Pull Request,Enable overflow checks in `rustc_thread_pool`,open,2026-08-18 12:42:48+00:00,2026-08-18 15:46:34+00:00,,0.5,0.5,0.37,6,2,T-bootstrap | S-waiting-on-bors,1,0,0,CONTRIBUTOR,108,45,1,8,1,0,0,0,0,115595,15431,12711,115595,972236,0.0,0.0,Low,Keep In Normal Delivery Rhythm.
Cloud Native Platform Reliability,Cloud Platform,kubernetes/kubernetes,141437,https://github.com/kubernetes/kubernetes/pull/141437,Pull Request,client-go: use stable hashes for exec auth cache keys,open,2026-08-18 12:49:13+00:00,2026-08-18 19:34:25+00:00,,0.5,0.5,0.21,9,9,kind/bug | sig/api-machinery | size/L | release-note-none | sig/auth | cncf-cla: yes | ok-to-test | needs-priority | needs-triage,0,0,0,CONTRIBUTOR,4213,53,1,8,1,1,1,1,0,124580,43868,2952,124580,1510698,0.0361,3.6,Low,Keep In Normal Delivery Rhythm.
Language Ecosystem Delivery,Language Platform,rust-lang/rust,161297,https://github.com/rust-lang/rust/pull/161297,Pull Request,std: use UNIX's `Instant` and `SystemTime` on Hermit,open,2026-08-18 12:52:01+00:00,2026-08-18 21:03:19+00:00,,0.49,0.49,0.15,3,3,S-waiting-on-bors | T-libs | O-hermit,1,0,0,MEMBER,252,52,1,8,1,0,0,0,0,115595,15431,12711,115595,972236,0.0,0.0,Low,Keep In Normal Delivery Rhythm.
Developer Experience Modernization,Developer Tools,microsoft/vscode,331467,https://github.com/microsoft/vscode/pull/331467,Pull Request,Refine header border and separator styles for modern UI,closed,2026-08-18 12:53:12+00:00,2026-08-18 14:44:01+00:00,2026-08-18 14:39:40+00:00,0.49,0.07,0.42,0,0,,1,1,0,CONTRIBUTOR,375,55,1,8,0,0,0,0,0,188912,41710,19952,188912,1367899,0.0,0.0,Low,Keep In Normal Delivery Rhythm.
Language Ecosystem Delivery,Language Platform,rust-lang/rust,161298,https://github.com/rust-lang/rust/pull/161298,Pull Request,remove rustc_error_messages dependency,open,2026-08-18 12:58:15+00:00,2026-08-18 17:02:30+00:00,,0.49,0.49,0.32,6,2,T-compiler | S-waiting-on-bors,1,0,0,CONTRIBUTOR,1254,38,1,8,1,0,0,0,0,115595,15431,12711,115595,972236,0.0,0.0,Low,Keep In Normal Delivery Rhythm.
Developer Experience Modernization,Developer Tools,microsoft/vscode,331468,https://github.com/microsoft/vscode/pull/331468,Pull Request,change delay to 12 hrs by default,closed,2026-08-18 13:01:59+00:00,2026-08-18 14:44:04+00:00,2026-08-18 14:39:36+00:00,0.49,0.07,0.42,0,0,,1,1,0,MEMBER,0,33,1,8,0,0,0,0,0,188912,41710,19952,188912,1367899,0.0,0.0,Low,Keep In Normal Delivery Rhythm.
Runtime Platform Stabilization,Runtime Engineering,nodejs/node,65380,https://github.com/nodejs/node/pull/65380,Pull Request,Update README.md,closed,2026-08-18 13:08:21+00:00,2026-08-18 16:15:27+00:00,2026-08-18 13:09:34+00:00,0.48,0.0,0.35,1,1,invalid,0,0,0,NONE,1978,16,1,8,0,0,0,0,0,119012,36525,1490,119012,1537562,0.0002,0.0,Low,Keep In Normal Delivery Rhythm.
Cloud Native Platform Reliability,Cloud Platform,kubernetes/kubernetes,141438,https://github.com/kubernetes/kubernetes/pull/141438,Pull Request,Fix duplicate ServiceAccount storage construction and add regression test,open,2026-08-18 13:11:06+00:00,2026-08-18 13:15:32+00:00,,0.48,0.48,0.48,6,8,kind/cleanup | sig/api-machinery | size/L | release-note-none | cncf-cla: yes | needs-ok-to-test | needs-priority | needs-triage,0,0,0,NONE,3514,73,1,8,1,0,1,1,0,124580,43868,2952,124580,1510698,0.0308,3.1,Low,Keep In Normal Delivery Rhythm.
Runtime Platform Stabilization,Runtime Engineering,nodejs/node,65381,https://github.com/nodejs/node/pull/65381,Pull Request,Update README.md,closed,2026-08-18 13:11:54+00:00,2026-08-18 14:55:02+00:00,2026-08-18 14:55:02+00:00,0.48,0.07,0.41,0,1,invalid,0,0,0,NONE,1978,16,1,8,0,0,0,0,0,119012,36525,1490,119012,1537562,0.0001,0.0,Low,Keep In Normal Delivery Rhythm.
Developer Experience Modernization,Developer Tools,microsoft/vscode,331469,https://github.com/microsoft/vscode/issues/331469,Issue,Agents Window: Fully support grid and split interactions in the single-pane layout,open,2026-08-18 13:12:52+00:00,2026-08-18 13:12:53+00:00,,0.48,0.48,0.48,0,2,feature-request | agents-window,1,1,0,MEMBER,954,82,1,8,0,0,0,0,0,188912,41710,19952,188912,1367899,0.0,0.0,Low,Keep In Normal Delivery Rhythm.
Developer Experience Modernization,Developer Tools,microsoft/vscode,331470,https://github.com/microsoft/vscode/issues/331470,Issue,Agents Window: Disable unsupported grid and split interactions in the single-pane layout,open,2026-08-18 13:13:07+00:00,2026-08-18 13:13:08+00:00,,0.48,0.48,0.48,0,2,bug | agents-window,1,1,0,MEMBER,818,88,1,8,0,1,0,0,0,188912,41710,19952,188912,1367899,0.0,0.0,Low,Keep In Normal Delivery Rhythm.
Cloud Native Platform Reliability,Cloud Platform,kubernetes/kubernetes,141439,https://github.com/kubernetes/kubernetes/issues/141439,Issue,kubelet: `dropCacheFor` does not invalidate name-keyed trust bundle cache entries when the ClusterTrustBundle has a `spec.signerName`,open,2026-08-18 13:13:20+00:00,2026-08-18 15:24:58+00:00,,0.48,0.48,0.39,2,5,kind/bug | area/kubelet | sig/node | sig/auth | needs-triage,0,0,0,NONE,13672,133,1,8,1,1,0,1,0,124580,43868,2952,124580,1510698,0.0067,0.7,Low,Keep In Normal Delivery Rhythm.
Data Platform Orchestration,Data Engineering,apache/airflow,71768,https://github.com/apache/airflow/issues/71768,Issue,Bug with the advanced logging configuration documentation with remote logging and custom logging config class for airflow version 3.2.2,open,2026-08-18 13:15:17+00:00,2026-08-18 13:17:23+00:00,,0.48,0.48,0.48,1,4,kind:bug | area:logging | kind:documentation | needs-triage,0,0,0,NONE,4589,135,1,8,1,1,0,1,0,46523,17615,1885,46523,693411,0.0,0.0,Low,Keep In Normal Delivery Rhythm.
Language Ecosystem Delivery,Language Platform,rust-lang/rust,161299,https://github.com/rust-lang/rust/pull/161299,Pull Request,Remove a bunch of unnecessary explicit lifetimes,open,2026-08-18 13:17:42+00:00,2026-08-18 13:42:41+00:00,,0.48,0.48,0.46,2,3,T-rustdoc | T-compiler | S-waiting-on-review,1,0,0,CONTRIBUTOR,354,48,1,8,1,0,0,0,0,115595,15431,12711,115595,972236,0.0,0.0,Low,Keep In Normal Delivery Rhythm.
Developer Experience Modernization,Developer Tools,microsoft/vscode,331471,https://github.com/microsoft/vscode/pull/331471,Pull Request,sessions: Open GitHub items in GitHub extension,closed,2026-08-18 13:18:35+00:00,2026-08-18 14:23:08+00:00,2026-08-18 14:23:06+00:00,0.47,0.04,0.43,1,0,,1,1,0,MEMBER,715,47,1,8,0,0,0,0,0,188912,41710,19952,188912,1367899,0.0,0.0,Low,Keep In Normal Delivery Rhythm.
Developer Experience Modernization,Developer Tools,microsoft/vscode,331472,https://github.com/microsoft/vscode/pull/331472,Pull Request,Reconcile external sessions in a single catalog pass,closed,2026-08-18 13:21:45+00:00,2026-08-18 17:19:10+00:00,2026-08-18 16:47:44+00:00,0.47,0.14,0.31,0,0,,1,1,0,CONTRIBUTOR,2787,52,1,8,0,0,0,0,0,188912,41710,19952,188912,1367899,0.0001,0.0,Low,Keep In Normal Delivery Rhythm.
Developer Experience Modernization,Developer Tools,microsoft/vscode,331473,https://github.com/microsoft/vscode/issues/331473,Issue,Dark 2026: ordinary variables are visually indistinguishable from plain text - looks like syntax highlighting is not applied,open,2026-08-18 13:34:24+00:00,2026-08-18 13:44:46+00:00,,0.46,0.46,0.46,0,0,,1,0,0,CONTRIBUTOR,2266,124,1,8,0,0,0,0,0,188912,41710,19952,188912,1367899,0.0,0.0,Low,Keep In Normal Delivery Rhythm.
Developer Experience Modernization,Developer Tools,microsoft/vscode,331474,https://github.com/microsoft/vscode/pull/331474,Pull Request,agentHost: retry legacy migration when a provider cannot enumerate yet,open,2026-08-18 13:37:53+00:00,2026-08-18 15:13:31+00:00,,0.46,0.46,0.4,0,0,,1,0,0,MEMBER,4294,70,1,8,0,0,0,0,0,188912,41710,19952,188912,1367899,0.0001,0.0,Low,Keep In Normal Delivery Rhythm.
Language Ecosystem Delivery,Language Platform,rust-lang/rust,161300,https://github.com/rust-lang/rust/issues/161300,Issue,"""Read more"" link is missing when first paragraph is followed by horizontal rule",open,2026-08-18 13:41:35+00:00,2026-08-18 13:41:39+00:00,,0.46,0.46,0.46,0,3,T-rustdoc | C-bug | needs-triage,0,0,0,CONTRIBUTOR,1770,79,1,8,1,1,0,1,0,115595,15431,12711,115595,972236,0.0,0.0,Low,Keep In Normal Delivery Rhythm.
Developer Experience Modernization,Developer Tools,microsoft/vscode,331475,https://github.com/microsoft/vscode/issues/331475,Issue,Custom agents with `user-invocable: false` are shown in the agent dropdown after VS Code startup,open,2026-08-18 13:42:13+00:00,2026-08-18 13:54:05+00:00,,0.46,0.46,0.45,0,0,,1,0,0,NONE,1974,96,1,8,0,0,0,0,0,188912,41710,19952,188912,1367899,0.0,0.0,Low,Keep In Normal Delivery Rhythm.
Data Platform Orchestration,Data Engineering,apache/airflow,71769,https://github.com/apache/airflow/pull/71769,Pull Request,Cache latest-DAG lookups in clear_task_instances,open,2026-08-18 13:44:40+00:00,2026-08-18 14:48:09+00:00,,0.46,0.46,0.41,0,0,,0,0,0,CONTRIBUTOR,2106,48,1,8,0,0,0,0,0,46523,17615,1885,46523,693411,0.0,0.0,Low,Keep In Normal Delivery Rhythm.
Data Platform Orchestration,Data Engineering,apache/airflow,71770,https://github.com/apache/airflow/pull/71770,Pull Request,Propagate OpenLineage context to Databricks job runs,open,2026-08-18 13:46:55+00:00,2026-08-18 14:03:26+00:00,,0.46,0.46,0.44,0,4,area:providers | kind:documentation | provider:databricks | provider:openlineage,0,0,0,CONTRIBUTOR,1745,52,1,8,0,0,0,0,0,46523,17615,1885,46523,693411,0.0,0.0,Low,Keep In Normal Delivery Rhythm.
Language Ecosystem Delivery,Language Platform,rust-lang/rust,161301,https://github.com/rust-lang/rust/pull/161301,Pull Request,libcore: expose volatile atomic operations,open,2026-08-18 13:47:35+00:00,2026-08-18 21:43:07+00:00,,0.45,0.45,0.12,5,2,S-waiting-on-review | T-libs,1,0,0,MEMBER,526,42,1,8,1,0,0,0,0,115595,15431,12711,115595,972236,0.0001,0.0,Low,Keep In Normal Delivery Rhythm.
Cloud Native Platform Reliability,Cloud Platform,kubernetes/kubernetes,141440,https://github.com/kubernetes/kubernetes/pull/141440,Pull Request,Wait for podcertificate server and client deployment,closed,2026-08-18 13:49:42+00:00,2026-08-18 14:41:10+00:00,2026-08-18 14:41:10+00:00,0.45,0.04,0.42,7,12,area/test | kind/cleanup | lgtm | size/XS | kind/flake | release-note-none | sig/auth | approved | cncf-cla: yes | sig/testing | needs-priority | needs-triage,1,1,0,MEMBER,434,52,1,8,1,0,1,1,0,124580,43868,2952,124580,1510698,0.0012,0.1,Low,Keep In Normal Delivery Rhythm.
Data Platform Orchestration,Data Engineering,apache/airflow,71771,https://github.com/apache/airflow/pull/71771,Pull Request,Persist a sweep of Dag parse results in one pass,open,2026-08-18 14:03:42+00:00,2026-08-18 21:04:27+00:00,,0.44,0.44,0.15,0,0,,0,0,0,CONTRIBUTOR,6409,48,1,8,0,0,0,0,0,46523,17615,1885,46523,693411,0.0,0.0,Low,Keep In Normal Delivery Rhythm.
Data Platform Orchestration,Data Engineering,apache/airflow,71772,https://github.com/apache/airflow/issues/71772,Issue,Issues upgrading from Airflow 3.3.0 to 3.3.1,open,2026-08-18 14:07:11+00:00,2026-08-18 14:16:26+00:00,,0.44,0.44,0.43,1,2,kind:bug | needs-triage,0,0,0,CONTRIBUTOR,7445,44,1,8,1,1,0,1,0,46523,17615,1885,46523,693411,0.0,0.0,Low,Keep In Normal Delivery Rhythm.
Language Ecosystem Delivery,Language Platform,rust-lang/rust,161302,https://github.com/rust-lang/rust/pull/161302,Pull Request,Add regression test for inconsistent import resolution from issue 147208,open,2026-08-18 14:08:05+00:00,2026-08-18 14:12:13+00:00,,0.44,0.44,0.44,1,2,T-compiler | S-waiting-on-review,1,0,0,NONE,28,72,1,8,1,0,0,0,0,115595,15431,12711,115595,972236,0.0027,0.3,Low,Keep In Normal Delivery Rhythm.
Runtime Platform Stabilization,Runtime Engineering,nodejs/node,65382,https://github.com/nodejs/node/pull/65382,Pull Request,build: add simdutf dir to include path in GN build,open,2026-08-18 14:12:33+00:00,2026-08-18 22:57:16+00:00,,0.44,0.44,0.07,1,1,embedding,0,0,0,MEMBER,849,50,1,8,0,0,0,0,0,119012,36525,1490,119012,1537562,0.005,0.5,Low,Keep In Normal Delivery Rhythm.
Language Ecosystem Delivery,Language Platform,rust-lang/rust,161303,https://github.com/rust-lang/rust/issues/161303,Issue,Recommendation for reporting cause either in `Error::source` or `Display` is problematic,open,2026-08-18 14:17:08+00:00,2026-08-18 17:57:38+00:00,,0.43,0.43,0.28,1,2,A-docs | T-libs,0,0,0,CONTRIBUTOR,3263,88,1,8,0,0,0,0,0,115595,15431,12711,115595,972236,0.0,0.0,Low,Keep In Normal Delivery Rhythm.
Language Ecosystem Delivery,Language Platform,rust-lang/rust,161304,https://github.com/rust-lang/rust/pull/161304,Pull Request,Rename test so it matches the issue,open,2026-08-18 14:17:30+00:00,2026-08-18 14:22:42+00:00,,0.43,0.43,0.43,2,2,T-compiler | S-waiting-on-bors,1,0,0,CONTRIBUTOR,18,35,1,8,1,0,0,0,0,115595,15431,12711,115595,972236,0.0,0.0,Low,Keep In Normal Delivery Rhythm.
Language Ecosystem Delivery,Language Platform,rust-lang/rust,161305,https://github.com/rust-lang/rust/pull/161305,Pull Request,Use the entire type of a dropped local to compute variance (edge direction) for Polonius alpha,open,2026-08-18 14:22:14+00:00,2026-08-18 20:29:38+00:00,,0.43,0.43,0.18,1,2,T-compiler | S-waiting-on-review,2,0,0,CONTRIBUTOR,2302,94,1,8,1,0,0,0,0,115595,15431,12711,115595,972236,0.0,0.0,Low,Keep In Normal Delivery Rhythm.
Developer Experience Modernization,Developer Tools,microsoft/vscode,331476,https://github.com/microsoft/vscode/pull/331476,Pull Request,Update tab hover styles and add test for tab action fading,closed,2026-08-18 14:26:13+00:00,2026-08-18 14:45:29+00:00,2026-08-18 14:44:10+00:00,0.43,0.01,0.41,1,0,,1,1,0,CONTRIBUTOR,332,58,1,8,0,0,0,0,0,188912,41710,19952,188912,1367899,0.0,0.0,Low,Keep In Normal Delivery Rhythm.
Language Ecosystem Delivery,Language Platform,rust-lang/rust,161306,https://github.com/rust-lang/rust/pull/161306,Pull Request,abby: always store nextgen region constraints in canonical form,open,2026-08-18 14:30:27+00:00,2026-08-18 16:03:46+00:00,,0.43,0.43,0.36,1,3,T-compiler | S-waiting-on-author | WG-trait-system-refactor,0,0,0,MEMBER,659,63,1,8,1,0,0,0,0,115595,15431,12711,115595,972236,0.0,0.0,Low,Keep In Normal Delivery Rhythm.
Developer Experience Modernization,Developer Tools,microsoft/vscode,331477,https://github.com/microsoft/vscode/issues/331477,Issue,Agents window: disable-model-invocation: true prevents manual slash invocation of Agent Skills,open,2026-08-18 14:42:38+00:00,2026-08-18 17:20:21+00:00,,0.42,0.42,0.31,0,1,agents-window,1,0,0,NONE,5139,94,1,8,0,0,0,0,0,188912,41710,19952,188912,1367899,0.0,0.0,Low,Keep In Normal Delivery Rhythm.
Language Ecosystem Delivery,Language Platform,rust-lang/rust,161307,https://github.com/rust-lang/rust/pull/161307,Pull Request,make ARM maintainers pingable,open,2026-08-18 14:42:42+00:00,2026-08-18 14:42:48+00:00,,0.42,0.42,0.42,2,2,S-waiting-on-review | A-meta,1,0,0,MEMBER,337,29,1,8,1,0,0,0,0,115595,15431,12711,115595,972236,0.0,0.0,Low,Keep In Normal Delivery Rhythm.
Developer Experience Modernization,Developer Tools,microsoft/vscode,331478,https://github.com/microsoft/vscode/issues/331478,Issue,Modern UI glitch,open,2026-08-18 14:47:29+00:00,2026-08-18 14:58:15+00:00,,0.41,0.41,0.41,1,1,modernization,1,0,0,CONTRIBUTOR,391,16,1,8,0,0,0,0,0,188912,41710,19952,188912,1367899,0.0,0.0,Low,Keep In Normal Delivery Rhythm.
Developer Experience Modernization,Developer Tools,microsoft/vscode,331479,https://github.com/microsoft/vscode/pull/331479,Pull Request,Modern UI: Enhance notification center styling,closed,2026-08-18 14:48:15+00:00,2026-08-18 15:23:25+00:00,2026-08-18 15:22:35+00:00,0.41,0.02,0.39,0,0,,1,1,0,CONTRIBUTOR,236,46,1,8,0,0,0,0,0,188912,41710,19952,188912,1367899,0.0,0.0,Low,Keep In Normal Delivery Rhythm.
Runtime Platform Stabilization,Runtime Engineering,nodejs/node,65383,https://github.com/nodejs/node/pull/65383,Pull Request,diagnostics_channel: return a disposable from subscribe,open,2026-08-18 14:51:24+00:00,2026-08-18 16:39:34+00:00,,0.41,0.41,0.34,1,2,needs-ci | diagnostics_channel,0,0,0,MEMBER,656,55,1,8,1,0,0,0,0,119012,36525,1490,119012,1537562,0.0007,0.1,Low,Keep In Normal Delivery Rhythm.
Runtime Platform Stabilization,Runtime Engineering,nodejs/node,65384,https://github.com/nodejs/node/pull/65384,Pull Request,Split oversized test file test/parallel/test-fs-promises-file-handle-writer.js (1117 lines ->170 lines ),open,2026-08-18 14:52:58+00:00,2026-08-19 00:33:37+00:00,,0.41,0.41,0.01,2,2,test | needs-ci,0,0,0,NONE,1129,104,1,8,1,0,0,0,0,119012,36525,1490,119012,1537562,0.013,1.3,Low,Keep In Normal Delivery Rhythm.
Developer Experience Modernization,Developer Tools,microsoft/vscode,331480,https://github.com/microsoft/vscode/issues/331480,Issue,Double click in Chat view clears currently opened editor session,open,2026-08-18 14:54:18+00:00,2026-08-18 15:20:21+00:00,,0.41,0.41,0.39,1,2,bug | chat,2,0,0,COLLABORATOR,382,64,1,8,0,1,0,0,0,188912,41710,19952,188912,1367899,0.0,0.0,Low,Keep In Normal Delivery Rhythm.
Data Platform Orchestration,Data Engineering,apache/airflow,71773,https://github.com/apache/airflow/pull/71773,Pull Request,[v3-3-test] Fix cleared tasks getting stuck when a Dag run has no version (#71696),open,2026-08-18 14:56:20+00:00,2026-08-18 14:56:24+00:00,,0.41,0.41,0.41,0,5,area:API | kind:documentation | area:UI | area:translations | translation:default,0,0,0,CONTRIBUTOR,662,82,1,8,0,0,0,0,0,46523,17615,1885,46523,693411,0.0001,0.0,Low,Keep In Normal Delivery Rhythm.
Data Platform Orchestration,Data Engineering,apache/airflow,71774,https://github.com/apache/airflow/pull/71774,Pull Request,Document the dedicated pydantic-ai vendor connection types,open,2026-08-18 14:57:48+00:00,2026-08-18 14:57:53+00:00,,0.41,0.41,0.41,0,3,area:providers | kind:documentation | provider:common-ai,0,0,0,MEMBER,2699,58,1,8,0,0,0,0,0,46523,17615,1885,46523,693411,0.0,0.0,Low,Keep In Normal Delivery Rhythm.
Developer Experience Modernization,Developer Tools,microsoft/vscode,331481,https://github.com/microsoft/vscode/pull/331481,Pull Request,"Agents - refactor ""New Session"" and ""New Session From"" actions into a split button",closed,2026-08-18 14:59:10+00:00,2026-08-18 17:47:36+00:00,2026-08-18 17:43:07+00:00,0.41,0.11,0.29,0,0,,1,1,0,MEMBER,344,82,1,8,0,0,0,0,0,188912,41710,19952,188912,1367899,0.0,0.0,Low,Keep In Normal Delivery Rhythm.
Language Ecosystem Delivery,Language Platform,rust-lang/rust,161308,https://github.com/rust-lang/rust/pull/161308,Pull Request,Add regression test for rustc diagnostic to recognize variables in match guards,open,2026-08-18 15:07:35+00:00,2026-08-18 15:08:06+00:00,,0.4,0.4,0.4,1,2,T-compiler | S-waiting-on-review,1,0,0,NONE,27,79,1,8,1,0,0,0,0,115595,15431,12711,115595,972236,0.0008,0.1,Low,Keep In Normal Delivery Rhythm.
Developer Experience Modernization,Developer Tools,microsoft/vscode,331482,https://github.com/microsoft/vscode/pull/331482,Pull Request,Revert reliance on owning window for omni chat,closed,2026-08-18 15:10:24+00:00,2026-08-18 17:32:13+00:00,2026-08-18 17:32:13+00:00,0.4,0.1,0.3,0,0,,2,0,0,CONTRIBUTOR,1321,46,1,8,0,0,0,0,0,188912,41710,19952,188912,1367899,0.0,0.0,Low,Keep In Normal Delivery Rhythm.
Developer Experience Modernization,Developer Tools,microsoft/vscode,331483,https://github.com/microsoft/vscode/issues/331483,Issue,Multi-row tab layout should reserve space for modification icons,open,2026-08-18 15:10:49+00:00,2026-08-18 15:23:27+00:00,,0.4,0.4,0.39,0,1,workbench-tabs,1,0,0,NONE,1052,64,1,8,0,0,0,0,0,188912,41710,19952,188912,1367899,0.0,0.0,Low,Keep In Normal Delivery Rhythm.
Developer Experience Modernization,Developer Tools,microsoft/vscode,331484,https://github.com/microsoft/vscode/issues/331484,Issue,"API and possibility to fully color the tabs (focused, unfocused, opacity, text, background)",open,2026-08-18 15:11:26+00:00,2026-08-18 15:23:17+00:00,,0.4,0.4,0.39,0,0,,1,0,0,NONE,4780,91,1,8,0,0,0,0,0,188912,41710,19952,188912,1367899,0.0,0.0,Low,Keep In Normal Delivery Rhythm.
Data Platform Orchestration,Data Engineering,apache/airflow,71775,https://github.com/apache/airflow/pull/71775,Pull Request,Fix comma-separated selected_fields in BigQuery to SQL transfers,open,2026-08-18 15:15:54+00:00,2026-08-18 15:15:58+00:00,,0.39,0.39,0.39,0,2,provider:google | area:providers,0,0,0,MEMBER,3341,64,1,8,0,0,0,0,0,46523,17615,1885,46523,693411,0.0,0.0,Low,Keep In Normal Delivery Rhythm.
Runtime Platform Stabilization,Runtime Engineering,nodejs/node,65385,https://github.com/nodejs/node/pull/65385,Pull Request,typings: add typing for permission binding,open,2026-08-18 15:22:30+00:00,2026-08-18 22:52:29+00:00,,0.39,0.39,0.08,0,1,typings,0,0,0,NONE,2040,42,1,8,0,0,0,0,0,119012,36525,1490,119012,1537562,0.0002,0.0,Low,Keep In Normal Delivery Rhythm.
Developer Experience Modernization,Developer Tools,microsoft/vscode,331485,https://github.com/microsoft/vscode/pull/331485,Pull Request,Modern UI: Update pane header colors and separator behavior for modern UI,closed,2026-08-18 15:24:11+00:00,2026-08-18 18:33:06+00:00,2026-08-18 18:32:17+00:00,0.39,0.13,0.26,0,0,,1,1,0,CONTRIBUTOR,200,73,1,8,0,0,0,0,0,188912,41710,19952,188912,1367899,0.0,0.0,Low,Keep In Normal Delivery Rhythm.
Language Ecosystem Delivery,Language Platform,rust-lang/rust,161309,https://github.com/rust-lang/rust/pull/161309,Pull Request,`allow(non_camel_case_types)` in `minicore.rs`,open,2026-08-18 15:25:55+00:00,2026-08-18 15:25:59+00:00,,0.39,0.39,0.39,0,3,T-compiler | S-waiting-on-review | A-test-infra-minicore,1,0,0,CONTRIBUTOR,170,46,1,8,1,0,0,0,0,115595,15431,12711,115595,972236,0.0,0.0,Low,Keep In Normal Delivery Rhythm.
Cloud Native Platform Reliability,Cloud Platform,kubernetes/kubernetes,141441,https://github.com/kubernetes/kubernetes/pull/141441,Pull Request,test/scheduler_perf: add starvation benchmark workloads for async sch…,closed,2026-08-18 15:26:55+00:00,2026-08-18 15:31:20+00:00,2026-08-18 15:28:12+00:00,0.39,0.0,0.38,5,11,area/test | sig/scheduling | size/L | cncf-cla: yes | sig/testing | needs-ok-to-test | do-not-merge/release-note-label-needed | do-not-merge/work-in-progress | needs-priority | needs-triage | do-not-merge/needs-kind,0,0,0,NONE,3761,70,1,8,1,0,1,1,0,124580,43868,2952,124580,1510698,0.0083,0.8,Low,Keep In Normal Delivery Rhythm.
Developer Experience Modernization,Developer Tools,microsoft/vscode,331486,https://github.com/microsoft/vscode/pull/331486,Pull Request,sessions: fix: clear stale Agent Host input-needed status,open,2026-08-18 15:31:39+00:00,2026-08-18 17:12:32+00:00,,0.38,0.38,0.31,0,0,,1,0,0,CONTRIBUTOR,1864,57,1,8,0,0,0,0,0,188912,41710,19952,188912,1367899,0.0,0.0,Low,Keep In Normal Delivery Rhythm.
Developer Experience Modernization,Developer Tools,microsoft/vscode,331487,https://github.com/microsoft/vscode/issues/331487,Issue,Rename chat tool in editor window does not seem to have effect,open,2026-08-18 15:35:28+00:00,2026-08-18 16:17:59+00:00,,0.38,0.38,0.35,0,2,bug | chat,1,0,0,COLLABORATOR,1201,62,1,8,0,1,0,0,0,188912,41710,19952,188912,1367899,0.0,0.0,Low,Keep In Normal Delivery Rhythm.
Data Platform Orchestration,Data Engineering,apache/airflow,71776,https://github.com/apache/airflow/issues/71776,Issue,DatabricksSubmitRunOperator fails when auto-injecting DAG params that contain None (nullable Param defaults),open,2026-08-18 15:36:17+00:00,2026-08-18 15:38:21+00:00,,0.38,0.38,0.38,0,4,kind:bug | area:providers | provider:databricks | needs-triage,0,0,0,CONTRIBUTOR,4731,108,1,8,1,1,0,1,0,46523,17615,1885,46523,693411,0.0,0.0,Low,Keep In Normal Delivery Rhythm.
Developer Experience Modernization,Developer Tools,microsoft/vscode,331488,https://github.com/microsoft/vscode/pull/331488,Pull Request,Use Agent Host configuration for proxy settings,open,2026-08-18 15:36:50+00:00,2026-08-18 17:12:30+00:00,,0.38,0.38,0.31,0,0,,1,0,0,COLLABORATOR,636,47,1,8,0,0,0,0,0,188912,41710,19952,188912,1367899,0.0,0.0,Low,Keep In Normal Delivery Rhythm.
Developer Experience Modernization,Developer Tools,microsoft/vscode,331489,https://github.com/microsoft/vscode/issues/331489,Issue,Start Over in chat in editor window does not show progress in sessions list,open,2026-08-18 15:38:05+00:00,2026-08-18 15:38:05+00:00,,0.38,0.38,0.38,0,2,bug | chat,1,0,0,COLLABORATOR,390,75,1,8,0,1,0,0,0,188912,41710,19952,188912,1367899,0.0,0.0,Low,Keep In Normal Delivery Rhythm.
Language Ecosystem Delivery,Language Platform,rust-lang/rust,161310,https://github.com/rust-lang/rust/pull/161310,Pull Request,Add regression test for extern crate alias shadowed by a module of the same name,open,2026-08-18 15:38:48+00:00,2026-08-18 15:38:53+00:00,,0.38,0.38,0.38,1,2,T-compiler | S-waiting-on-review,1,0,0,CONTRIBUTOR,27,80,1,8,1,0,0,0,0,115595,15431,12711,115595,972236,0.0004,0.0,Low,Keep In Normal Delivery Rhythm.
Cloud Native Platform Reliability,Cloud Platform,kubernetes/kubernetes,141442,https://github.com/kubernetes/kubernetes/pull/141442,Pull Request,test/scheduler_perf: add dedicated benchmark suites for async scheduling,open,2026-08-18 15:42:15+00:00,2026-08-18 15:43:27+00:00,,0.38,0.38,0.37,5,11,area/test | sig/scheduling | size/L | cncf-cla: yes | sig/testing | needs-ok-to-test | do-not-merge/release-note-label-needed | do-not-merge/work-in-progress | needs-priority | needs-triage | do-not-merge/needs-kind,0,0,0,NONE,3809,72,1,8,1,0,1,1,0,124580,43868,2952,124580,1510698,0.0168,1.7,Low,Keep In Normal Delivery Rhythm.
Data Platform Orchestration,Data Engineering,apache/airflow,71777,https://github.com/apache/airflow/pull/71777,Pull Request,Fix google provider BQ openlineage checks,open,2026-08-18 15:52:24+00:00,2026-08-18 15:52:27+00:00,,0.37,0.37,0.37,0,2,provider:google | area:providers,0,0,0,CONTRIBUTOR,2288,41,1,8,0,0,0,0,0,46523,17615,1885,46523,693411,0.0,0.0,Low,Keep In Normal Delivery Rhythm.
Runtime Platform Stabilization,Runtime Engineering,nodejs/node,65386,https://github.com/nodejs/node/pull/65386,Pull Request,tools: keep multi-commit PRs in the commit queue,closed,2026-08-18 15:54:33+00:00,2026-08-18 16:32:20+00:00,2026-08-18 16:32:15+00:00,0.37,0.03,0.34,3,2,meta | tools,0,0,0,MEMBER,1037,48,1,8,0,0,0,0,0,119012,36525,1490,119012,1537562,0.0019,0.2,Low,Keep In Normal Delivery Rhythm.
Developer Experience Modernization,Developer Tools,microsoft/vscode,331490,https://github.com/microsoft/vscode/pull/331490,Pull Request,Improve CSS selector performance and maintainability,open,2026-08-18 15:54:56+00:00,2026-08-18 19:39:18+00:00,,0.37,0.37,0.21,0,0,,1,0,0,CONTRIBUTOR,2450,52,1,8,0,0,0,0,0,188912,41710,19952,188912,1367899,0.0,0.0,Low,Keep In Normal Delivery Rhythm.
Developer Experience Modernization,Developer Tools,microsoft/vscode,331491,https://github.com/microsoft/vscode/pull/331491,Pull Request,Remove BYOK environment variable and update related configurations,closed,2026-08-18 15:56:48+00:00,2026-08-18 23:34:48+00:00,2026-08-18 23:33:58+00:00,0.37,0.32,0.05,0,0,,1,1,0,MEMBER,965,66,1,8,0,0,0,0,0,188912,41710,19952,188912,1367899,0.0,0.0,Low,Keep In Normal Delivery Rhythm.
Developer Experience Modernization,Developer Tools,microsoft/vscode,331492,https://github.com/microsoft/vscode/pull/331492,Pull Request,sessions: support deep session and chat links,closed,2026-08-18 15:57:12+00:00,2026-08-18 17:21:32+00:00,2026-08-18 17:21:30+00:00,0.36,0.06,0.31,1,0,,1,1,0,MEMBER,597,45,1,8,0,0,0,0,0,188912,41710,19952,188912,1367899,0.0,0.0,Low,Keep In Normal Delivery Rhythm.
Runtime Platform Stabilization,Runtime Engineering,nodejs/node,65387,https://github.com/nodejs/node/pull/65387,Pull Request,"Revert ""fs: fix close listener leak in FileHandle streams""",open,2026-08-18 15:57:32+00:00,2026-08-18 20:53:31+00:00,,0.36,0.36,0.16,6,4,fs | fast-track | author ready | needs-ci,0,0,0,CONTRIBUTOR,394,58,1,8,1,0,0,0,0,119012,36525,1490,119012,1537562,0.0003,0.0,Low,Keep In Normal Delivery Rhythm.
Developer Experience Modernization,Developer Tools,microsoft/vscode,331493,https://github.com/microsoft/vscode/issues/331493,Issue,Chat session history randomly disappears from the Chat panel when the workspace folder is on a NAS (UNC path),open,2026-08-18 15:58:05+00:00,2026-08-18 16:14:28+00:00,,0.36,0.36,0.35,0,0,,1,0,0,NONE,1950,109,1,8,0,0,0,0,0,188912,41710,19952,188912,1367899,0.0,0.0,Low,Keep In Normal Delivery Rhythm.
Cloud Native Platform Reliability,Cloud Platform,kubernetes/kubernetes,141443,https://github.com/kubernetes/kubernetes/pull/141443,Pull Request,kubelet: log only volume names in podActions to fix data race,open,2026-08-18 15:59:02+00:00,2026-08-18 19:20:57+00:00,,0.36,0.36,0.22,8,10,kind/bug | area/kubelet | lgtm | sig/node | size/M | release-note-none | cncf-cla: yes | ok-to-test | needs-priority | needs-triage,1,0,0,NONE,1413,61,1,8,1,1,1,1,0,124580,43868,2952,124580,1510698,0.0369,3.7,Low,Keep In Normal Delivery Rhythm.
Developer Experience Modernization,Developer Tools,microsoft/vscode,331494,https://github.com/microsoft/vscode/issues/331494,Issue,Provide a way to return to the regular editor from the new Markdown experience,open,2026-08-18 16:00:28+00:00,2026-08-18 16:00:28+00:00,,0.36,0.36,0.36,0,1,feature-request,1,0,0,CONTRIBUTOR,584,78,1,8,0,0,0,0,0,188912,41710,19952,188912,1367899,0.0,0.0,Low,Keep In Normal Delivery Rhythm.
Cloud Native Platform Reliability,Cloud Platform,kubernetes/kubernetes,141444,https://github.com/kubernetes/kubernetes/pull/141444,Pull Request,Make maxBatchAge configurable in tests,open,2026-08-18 16:08:42+00:00,2026-08-18 16:09:52+00:00,,0.36,0.36,0.36,4,11,area/test | kind/cleanup | sig/scheduling | size/L | kind/flake | release-note-none | approved | cncf-cla: yes | sig/testing | needs-priority | needs-triage,0,0,0,MEMBER,3311,38,1,8,1,0,1,1,0,124580,43868,2952,124580,1510698,0.0085,0.9,Low,Keep In Normal Delivery Rhythm.
Developer Experience Modernization,Developer Tools,microsoft/vscode,331495,https://github.com/microsoft/vscode/pull/331495,Pull Request,"Use ""No workspace"" label for automation quick-chat target",closed,2026-08-18 16:11:07+00:00,2026-08-18 19:17:09+00:00,2026-08-18 19:14:45+00:00,0.36,0.13,0.23,1,0,,1,1,0,MEMBER,440,57,1,8,0,0,0,0,0,188912,41710,19952,188912,1367899,0.0,0.0,Low,Keep In Normal Delivery Rhythm.
Developer Experience Modernization,Developer Tools,microsoft/vscode,331496,https://github.com/microsoft/vscode/pull/331496,Pull Request,Modern UI: Adjust padding for status bar items,open,2026-08-18 16:11:26+00:00,2026-08-18 16:28:09+00:00,,0.35,0.35,0.34,0,0,,1,0,0,CONTRIBUTOR,116,46,1,8,0,0,0,0,0,188912,41710,19952,188912,1367899,0.0,0.0,Low,Keep In Normal Delivery Rhythm.
Language Ecosystem Delivery,Language Platform,rust-lang/rust,161311,https://github.com/rust-lang/rust/pull/161311,Pull Request,Rollup of 8 pull requests,closed,2026-08-18 16:11:47+00:00,2026-08-18 19:58:49+00:00,2026-08-18 19:58:46+00:00,0.35,0.16,0.2,8,15,O-windows | T-rustdoc | A-attributes | T-compiler | T-bootstrap | O-wasm | S-waiting-on-author | rollup | T-libs | O-unix | PG-exploit-mitigations | WG-trait-system-refactor | O-wasi | T-rust-analyzer | T-clippy,0,0,0,MEMBER,859,25,1,8,1,0,0,0,0,115595,15431,12711,115595,972236,0.0,0.0,Low,Keep In Normal Delivery Rhythm.
Developer Experience Modernization,Developer Tools,microsoft/vscode,331497,https://github.com/microsoft/vscode/issues/331497,Issue,"Requests to run outside sandbox are STILL clipped, rendering the feature useless",open,2026-08-18 16:14:33+00:00,2026-08-18 16:28:37+00:00,,0.35,0.35,0.34,0,0,,1,0,0,NONE,1790,80,1,8,0,0,0,0,0,188912,41710,19952,188912,1367899,0.0,0.0,Low,Keep In Normal Delivery Rhythm.
Developer Experience Modernization,Developer Tools,microsoft/vscode,331498,https://github.com/microsoft/vscode/issues/331498,Issue,.,closed,2026-08-18 16:15:12+00:00,2026-08-18 16:28:36+00:00,2026-08-18 16:27:52+00:00,0.35,0.01,0.34,0,0,,1,0,0,NONE,1,1,1,8,0,0,0,0,0,188912,41710,19952,188912,1367899,0.0001,0.0,Low,Keep In Normal Delivery Rhythm.
Language Ecosystem Delivery,Language Platform,rust-lang/rust,161312,https://github.com/rust-lang/rust/pull/161312,Pull Request,"libtest: Allow passing --test-threads and --color multiple times, with later arguments overriding earlier",open,2026-08-18 16:18:40+00:00,2026-08-18 22:19:33+00:00,,0.35,0.35,0.1,3,5,S-waiting-on-review | proposed-final-comment-period | disposition-merge | T-libs | T-testing-devex,1,0,0,MEMBER,309,105,1,8,1,0,0,0,0,115595,15431,12711,115595,972236,0.0001,0.0,Low,Keep In Normal Delivery Rhythm.
Developer Experience Modernization,Developer Tools,microsoft/vscode,331499,https://github.com/microsoft/vscode/pull/331499,Pull Request,base: Improve paging test coverage,closed,2026-08-18 16:19:30+00:00,2026-08-18 16:24:26+00:00,2026-08-18 16:21:09+00:00,0.35,0.0,0.35,0,0,,0,0,0,MEMBER,381,34,1,8,0,0,0,0,0,188912,41710,19952,188912,1367899,0.0,0.0,Low,Keep In Normal Delivery Rhythm.
Developer Experience Modernization,Developer Tools,microsoft/vscode,331500,https://github.com/microsoft/vscode/issues/331500,Issue,Built-in Mermaid Markdown preview appears broken in VS Code 1.133.0 (Windows),closed,2026-08-18 16:19:57+00:00,2026-08-18 16:25:38+00:00,2026-08-18 16:25:38+00:00,0.35,0.0,0.35,1,0,,0,0,0,NONE,1069,77,1,8,0,0,0,0,0,188912,41710,19952,188912,1367899,0.0001,0.0,Low,Keep In Normal Delivery Rhythm.
Data Platform Orchestration,Data Engineering,apache/airflow,71778,https://github.com/apache/airflow/pull/71778,Pull Request,Support a regex for the API's CORS allowed origins,open,2026-08-18 16:20:04+00:00,2026-08-18 16:20:13+00:00,,0.35,0.35,0.35,0,3,area:API | kind:documentation | area:ConfigTemplates,0,0,0,MEMBER,971,50,1,8,0,0,0,0,0,46523,17615,1885,46523,693411,0.0,0.0,Low,Keep In Normal Delivery Rhythm.
Data Platform Orchestration,Data Engineering,apache/airflow,71779,https://github.com/apache/airflow/pull/71779,Pull Request,Add deadline order_by option to Dag runs list API,open,2026-08-18 16:23:36+00:00,2026-08-18 16:23:41+00:00,,0.35,0.35,0.35,0,2,area:API | area:UI,0,0,0,MEMBER,822,49,1,8,0,0,0,0,0,46523,17615,1885,46523,693411,0.0,0.0,Low,Keep In Normal Delivery Rhythm.
Developer Experience Modernization,Developer Tools,microsoft/vscode,331501,https://github.com/microsoft/vscode/pull/331501,Pull Request,list: preserve selection during shift-click,closed,2026-08-18 16:25:48+00:00,2026-08-18 22:59:41+00:00,2026-08-18 22:58:11+00:00,0.34,0.27,0.07,1,0,,1,1,0,MEMBER,469,43,1,8,0,0,0,0,0,188912,41710,19952,188912,1367899,0.0,0.0,Low,Keep In Normal Delivery Rhythm.
Data Platform Orchestration,Data Engineering,apache/airflow,71780,https://github.com/apache/airflow/pull/71780,Pull Request,Show the JSON parse-error message on the Variable form warning,open,2026-08-18 16:27:15+00:00,2026-08-18 16:27:19+00:00,,0.34,0.34,0.34,0,1,area:UI,0,0,0,MEMBER,1563,62,1,8,0,0,0,0,0,46523,17615,1885,46523,693411,0.0,0.0,Low,Keep In Normal Delivery Rhythm.
Runtime Platform Stabilization,Runtime Engineering,nodejs/node,65388,https://github.com/nodejs/node/pull/65388,Pull Request,tools: reduce bundle size of `benchmarkTools.nix`,open,2026-08-18 16:28:17+00:00,2026-08-18 16:37:08+00:00,,0.34,0.34,0.34,2,2,meta | tools,0,0,0,CONTRIBUTOR,2922,49,1,8,0,0,0,0,0,119012,36525,1490,119012,1537562,0.0017,0.2,Low,Keep In Normal Delivery Rhythm.
Data Platform Orchestration,Data Engineering,apache/airflow,71781,https://github.com/apache/airflow/pull/71781,Pull Request,[v3-3-test] Serve logs from scheduler if any executor is LocalExecutor (#71283),closed,2026-08-18 16:29:31+00:00,2026-08-18 16:59:48+00:00,2026-08-18 16:58:43+00:00,0.34,0.02,0.32,1,1,area:CLI,0,1,0,CONTRIBUTOR,162,79,1,8,0,0,0,0,0,46523,17615,1885,46523,693411,0.0,0.0,Low,Keep In Normal Delivery Rhythm.
Developer Experience Modernization,Developer Tools,microsoft/vscode,331502,https://github.com/microsoft/vscode/issues/331502,Issue,Hide chat tips when promo banner is present,closed,2026-08-18 16:30:33+00:00,2026-08-18 17:24:33+00:00,2026-08-18 17:24:33+00:00,0.34,0.04,0.3,1,2,bug | chat-tools,1,0,0,MEMBER,1568,43,1,8,0,1,0,0,0,188912,41710,19952,188912,1367899,0.0001,0.0,Low,Keep In Normal Delivery Rhythm.
Cloud Native Platform Reliability,Cloud Platform,kubernetes/kubernetes,141445,https://github.com/kubernetes/kubernetes/issues/141445,Issue,Reduce useless duplicate reading of certificate data,open,2026-08-18 16:32:00+00:00,2026-08-18 16:32:09+00:00,,0.34,0.34,0.34,2,3,kind/feature | needs-sig | needs-triage,0,0,0,NONE,1332,52,1,8,1,0,0,1,0,124580,43868,2952,124580,1510698,0.0031,0.3,Low,Keep In Normal Delivery Rhythm.
Developer Experience Modernization,Developer Tools,microsoft/vscode,331503,https://github.com/microsoft/vscode/pull/331503,Pull Request,Add active session context to voice requests,closed,2026-08-18 16:37:20+00:00,2026-08-18 19:56:38+00:00,2026-08-18 19:56:36+00:00,0.34,0.14,0.2,0,0,,1,1,0,COLLABORATOR,465,44,1,8,0,0,0,0,0,188912,41710,19952,188912,1367899,0.0,0.0,Low,Keep In Normal Delivery Rhythm.
Developer Experience Modernization,Developer Tools,microsoft/vscode,331504,https://github.com/microsoft/vscode/issues/331504,Issue,No reset date or usage info in Agents Window,closed,2026-08-18 16:38:12+00:00,2026-08-18 21:53:19+00:00,2026-08-18 21:22:31+00:00,0.34,0.2,0.12,1,2,bug | unreleased,1,1,0,MEMBER,91,44,1,8,0,1,0,0,0,188912,41710,19952,188912,1367899,0.0,0.0,Low,Keep In Normal Delivery Rhythm.
Data Platform Orchestration,Data Engineering,apache/airflow,71782,https://github.com/apache/airflow/pull/71782,Pull Request,Skip Dag params with no value when forwarding them to Databricks,open,2026-08-18 16:40:33+00:00,2026-08-18 16:40:38+00:00,,0.33,0.33,0.33,0,3,area:providers | kind:documentation | provider:databricks,0,0,0,CONTRIBUTOR,848,64,1,8,0,0,0,0,0,46523,17615,1885,46523,693411,0.0,0.0,Low,Keep In Normal Delivery Rhythm.
Runtime Platform Stabilization,Runtime Engineering,nodejs/node,65389,https://github.com/nodejs/node/pull/65389,Pull Request,"build,src: make --use-largepages a no-op",open,2026-08-18 16:42:00+00:00,2026-08-18 22:57:35+00:00,,0.33,0.33,0.07,3,2,lib / src | needs-ci,0,0,0,MEMBER,2571,40,1,8,1,0,0,0,0,119012,36525,1490,119012,1537562,0.0008,0.1,Low,Keep In Normal Delivery Rhythm.
Developer Experience Modernization,Developer Tools,microsoft/vscode,331505,https://github.com/microsoft/vscode/pull/331505,Pull Request,Support info message and fix deprecations,closed,2026-08-18 16:43:01+00:00,2026-08-18 20:23:00+00:00,2026-08-18 20:21:14+00:00,0.33,0.15,0.18,0,0,,1,1,0,MEMBER,344,41,1,8,0,0,0,0,0,188912,41710,19952,188912,1367899,0.0,0.0,Low,Keep In Normal Delivery Rhythm.
Developer Experience Modernization,Developer Tools,microsoft/vscode,331506,https://github.com/microsoft/vscode/pull/331506,Pull Request,agentHost: Prevent session catalog data loss,closed,2026-08-18 16:44:23+00:00,2026-08-18 18:24:46+00:00,2026-08-18 18:24:45+00:00,0.33,0.07,0.26,0,1,candidate,1,1,0,MEMBER,815,44,1,8,0,0,0,0,0,188912,41710,19952,188912,1367899,0.0,0.0,Low,Keep In Normal Delivery Rhythm.
Cloud Native Platform Reliability,Cloud Platform,kubernetes/kubernetes,141446,https://github.com/kubernetes/kubernetes/pull/141446,Pull Request,kubelet/cm: add unit tests for ResourceConfig CPU and memory helpers,open,2026-08-18 16:46:31+00:00,2026-08-18 16:56:59+00:00,,0.33,0.33,0.32,6,9,area/kubelet | kind/cleanup | sig/node | size/L | release-note-none | cncf-cla: yes | needs-ok-to-test | needs-priority | needs-triage,0,0,0,NONE,1287,68,1,8,1,0,1,1,0,124580,43868,2952,124580,1510698,0.0348,3.5,Low,Keep In Normal Delivery Rhythm.
Language Ecosystem Delivery,Language Platform,rust-lang/rust,161313,https://github.com/rust-lang/rust/pull/161313,Pull Request,[stable] prepare Rust 1.98.0,closed,2026-08-18 16:49:54+00:00,2026-08-18 23:42:11+00:00,2026-08-18 23:42:07+00:00,0.33,0.29,0.04,17,6,A-testsuite | T-compiler | T-infra | T-release | merged-by-bors | A-CI,1,1,0,MEMBER,275,28,1,8,0,0,0,0,0,115595,15431,12711,115595,972236,0.0,0.0,Low,Keep In Normal Delivery Rhythm.
Language Ecosystem Delivery,Language Platform,rust-lang/rust,161314,https://github.com/rust-lang/rust/pull/161314,Pull Request,Fix SIMD ABI check for Arm MVE,open,2026-08-18 16:53:31+00:00,2026-08-18 20:04:16+00:00,,0.33,0.33,0.19,2,4,O-Arm | T-compiler | S-waiting-on-review | A-target-feature,1,0,0,MEMBER,2631,30,1,8,1,0,0,0,0,115595,15431,12711,115595,972236,0.0001,0.0,Low,Keep In Normal Delivery Rhythm.
Developer Experience Modernization,Developer Tools,microsoft/vscode,331507,https://github.com/microsoft/vscode/issues/331507,Issue,stuck on working...,open,2026-08-18 17:01:23+00:00,2026-08-18 17:21:44+00:00,,0.32,0.32,0.31,2,1,info-needed,1,0,0,NONE,2147,19,1,8,0,0,0,0,0,188912,41710,19952,188912,1367899,0.0001,0.0,Low,Keep In Normal Delivery Rhythm.
Developer Experience Modernization,Developer Tools,microsoft/vscode,331508,https://github.com/microsoft/vscode/issues/331508,Issue,Multi-root: a folder's customization is unreachable when another folder defines the same name,open,2026-08-18 17:09:03+00:00,2026-08-18 17:09:04+00:00,,0.31,0.31,0.31,0,0,,1,0,0,MEMBER,4760,93,1,8,0,0,0,0,0,188912,41710,19952,188912,1367899,0.0,0.0,Low,Keep In Normal Delivery Rhythm.
Data Platform Orchestration,Data Engineering,apache/airflow,71783,https://github.com/apache/airflow/pull/71783,Pull Request,Add test to catch operators missing from common-ai docs index,open,2026-08-18 17:12:16+00:00,2026-08-18 18:03:52+00:00,,0.31,0.31,0.28,0,2,area:providers | provider:common-ai,0,0,0,CONTRIBUTOR,1089,61,1,8,0,0,0,0,0,46523,17615,1885,46523,693411,0.0001,0.0,Low,Keep In Normal Delivery Rhythm.
Developer Experience Modernization,Developer Tools,microsoft/vscode,331509,https://github.com/microsoft/vscode/pull/331509,Pull Request,Update chat in editor titles after rename tool,open,2026-08-18 17:14:31+00:00,2026-08-18 22:37:11+00:00,,0.31,0.31,0.09,2,2,bug | chat,1,0,0,COLLABORATOR,671,46,1,8,0,1,0,0,0,188912,41710,19952,188912,1367899,0.0,0.0,Low,Keep In Normal Delivery Rhythm.
Developer Experience Modernization,Developer Tools,microsoft/vscode,331510,https://github.com/microsoft/vscode/pull/331510,Pull Request,agentHost: Reject unavailable session catalogs,closed,2026-08-18 17:20:42+00:00,2026-08-18 19:14:37+00:00,2026-08-18 19:12:29+00:00,0.31,0.08,0.23,0,0,,0,1,0,CONTRIBUTOR,958,46,1,8,0,0,0,0,0,188912,41710,19952,188912,1367899,0.0,0.0,Low,Keep In Normal Delivery Rhythm.
Developer Experience Modernization,Developer Tools,microsoft/vscode,331511,https://github.com/microsoft/vscode/issues/331511,Issue,Keep/Undo covers up the new text,open,2026-08-18 17:39:14+00:00,2026-08-18 17:56:27+00:00,,0.29,0.29,0.28,1,0,,1,0,0,NONE,4773,32,1,8,0,0,0,0,0,188912,41710,19952,188912,1367899,0.0,0.0,Low,Keep In Normal Delivery Rhythm.
Developer Experience Modernization,Developer Tools,microsoft/vscode,331512,https://github.com/microsoft/vscode/pull/331512,Pull Request,Polish mock policy schema table layout,closed,2026-08-18 17:39:45+00:00,2026-08-18 22:00:06+00:00,2026-08-18 21:58:14+00:00,0.29,0.18,0.11,0,0,,1,1,0,MEMBER,531,38,1,8,0,0,0,0,0,188912,41710,19952,188912,1367899,0.0,0.0,Low,Keep In Normal Delivery Rhythm.
Data Platform Orchestration,Data Engineering,apache/airflow,71784,https://github.com/apache/airflow/pull/71784,Pull Request,Fail loudly when a UI dev server dies in breeze dev mode,open,2026-08-18 17:42:37+00:00,2026-08-18 17:47:07+00:00,,0.29,0.29,0.29,0,2,area:dev-tools | backport-to-v3-3-test,0,0,0,CONTRIBUTOR,1144,56,1,8,0,0,0,0,0,46523,17615,1885,46523,693411,0.0,0.0,Low,Keep In Normal Delivery Rhythm.
Developer Experience Modernization,Developer Tools,microsoft/vscode,331513,https://github.com/microsoft/vscode/issues/331513,Issue,Show automations that failed to commit a session in the session list history,open,2026-08-18 17:43:20+00:00,2026-08-18 17:44:06+00:00,,0.29,0.29,0.29,0,3,feature-request | agents-window | automations,1,0,0,MEMBER,576,76,1,8,0,0,0,0,0,188912,41710,19952,188912,1367899,0.0,0.0,Low,Keep In Normal Delivery Rhythm.
Developer Experience Modernization,Developer Tools,microsoft/vscode,331514,https://github.com/microsoft/vscode/pull/331514,Pull Request,Add standalone Copilot source build pipeline,open,2026-08-18 17:51:09+00:00,2026-08-18 23:49:34+00:00,,0.29,0.29,0.04,1,0,,1,0,0,MEMBER,1004,44,1,8,0,0,0,0,0,188912,41710,19952,188912,1367899,0.0001,0.0,Low,Keep In Normal Delivery Rhythm.
Developer Experience Modernization,Developer Tools,microsoft/vscode,331515,https://github.com/microsoft/vscode/pull/331515,Pull Request,Show chat session progress after Start Over,open,2026-08-18 17:52:52+00:00,2026-08-18 21:58:51+00:00,,0.28,0.28,0.11,1,2,bug | chat,1,0,0,COLLABORATOR,635,43,1,8,0,1,0,0,0,188912,41710,19952,188912,1367899,0.0,0.0,Low,Keep In Normal Delivery Rhythm.
Language Ecosystem Delivery,Language Platform,rust-lang/rust,161315,https://github.com/rust-lang/rust/pull/161315,Pull Request,Relax codgen test variable regex,open,2026-08-18 17:54:15+00:00,2026-08-18 18:09:19+00:00,,0.28,0.28,0.27,2,3,T-compiler | S-waiting-on-bors | llvm-main,1,0,0,CONTRIBUTOR,319,32,1,8,1,0,0,0,0,115595,15431,12711,115595,972236,0.0,0.0,Low,Keep In Normal Delivery Rhythm.
Data Platform Orchestration,Data Engineering,apache/airflow,71785,https://github.com/apache/airflow/pull/71785,Pull Request,[v3-3-test] Scope /assets/events to the Dags the caller may read (#71741),closed,2026-08-18 17:57:03+00:00,2026-08-18 18:58:59+00:00,2026-08-18 18:58:01+00:00,0.28,0.04,0.24,1,1,area:API,0,1,0,CONTRIBUTOR,1811,73,1,8,0,0,0,0,0,46523,17615,1885,46523,693411,0.0,0.0,Low,Keep In Normal Delivery Rhythm.
Runtime Platform Stabilization,Runtime Engineering,nodejs/node,65390,https://github.com/nodejs/node/pull/65390,Pull Request,deps: update simdutf to 9.1.0 and transcode UTF-8 writes in a single pass,closed,2026-08-18 17:57:16+00:00,2026-08-18 23:50:58+00:00,2026-08-18 20:50:51+00:00,0.28,0.12,0.04,7,3,c++ | lib / src | needs-ci,0,0,0,MEMBER,1083,73,1,8,1,0,0,0,0,119012,36525,1490,119012,1537562,0.0003,0.0,Low,Keep In Normal Delivery Rhythm.
Developer Experience Modernization,Developer Tools,microsoft/vscode,331516,https://github.com/microsoft/vscode/pull/331516,Pull Request,Fix new chat from session list double-click,open,2026-08-18 17:58:39+00:00,2026-08-18 21:59:13+00:00,,0.28,0.28,0.11,0,2,bug | chat,1,0,0,COLLABORATOR,472,43,1,8,0,1,0,0,0,188912,41710,19952,188912,1367899,0.0,0.0,Low,Keep In Normal Delivery Rhythm.
Developer Experience Modernization,Developer Tools,microsoft/vscode,331517,https://github.com/microsoft/vscode/issues/331517,Issue,Hard to tell which automation started which run,open,2026-08-18 17:58:57+00:00,2026-08-18 17:59:44+00:00,,0.28,0.28,0.28,0,3,bug | agents-window | automations,1,0,0,MEMBER,2939,47,1,8,0,1,0,0,0,188912,41710,19952,188912,1367899,0.0002,0.0,Low,Keep In Normal Delivery Rhythm.
Language Ecosystem Delivery,Language Platform,rust-lang/rust,161316,https://github.com/rust-lang/rust/issues/161316,Issue,Clippify the standard library ,open,2026-08-18 17:59:44+00:00,2026-08-19 00:27:03+00:00,,0.28,0.28,0.01,1,1,T-libs,0,0,0,MEMBER,354,30,1,8,0,0,0,0,0,115595,15431,12711,115595,972236,0.0,0.0,Low,Keep In Normal Delivery Rhythm.
Data Platform Orchestration,Data Engineering,apache/airflow,71786,https://github.com/apache/airflow/pull/71786,Pull Request,Fix Logs tab scroll view,open,2026-08-18 18:05:27+00:00,2026-08-18 18:05:57+00:00,,0.28,0.28,0.28,0,0,,0,0,0,CONTRIBUTOR,1653,24,1,8,0,0,0,0,0,46523,17615,1885,46523,693411,0.0,0.0,Low,Keep In Normal Delivery Rhythm.
Language Ecosystem Delivery,Language Platform,rust-lang/rust,161317,https://github.com/rust-lang/rust/pull/161317,Pull Request,WIP: LLVM 24: configure float-abi via module flag,open,2026-08-18 18:06:05+00:00,2026-08-18 18:35:15+00:00,,0.28,0.28,0.26,0,4,A-LLVM | T-compiler | S-waiting-on-author | llvm-main,0,0,0,CONTRIBUTOR,1094,49,1,8,1,0,0,0,0,115595,15431,12711,115595,972236,0.0001,0.0,Low,Keep In Normal Delivery Rhythm.
Developer Experience Modernization,Developer Tools,microsoft/vscode,331518,https://github.com/microsoft/vscode/pull/331518,Pull Request,Add cross-session delegation and notifications,closed,2026-08-18 18:07:05+00:00,2026-08-18 22:36:06+00:00,2026-08-18 22:36:04+00:00,0.27,0.19,0.09,0,0,,1,1,0,COLLABORATOR,2412,46,1,8,0,0,0,0,0,188912,41710,19952,188912,1367899,0.0002,0.0,Low,Keep In Normal Delivery Rhythm.
Developer Experience Modernization,Developer Tools,microsoft/vscode,331519,https://github.com/microsoft/vscode/pull/331519,Pull Request,Support separate background colors and splash screens for workbench and sessions windows,open,2026-08-18 18:07:10+00:00,2026-08-18 18:14:54+00:00,,0.27,0.27,0.27,0,0,,1,0,0,CONTRIBUTOR,3709,88,1,8,0,0,0,0,0,188912,41710,19952,188912,1367899,0.0,0.0,Low,Keep In Normal Delivery Rhythm.
Data Platform Orchestration,Data Engineering,apache/airflow,71787,https://github.com/apache/airflow/pull/71787,Pull Request,[chart/v1-2x-test] Add terminationGracePeriodSeconds support for PgBouncer in Helm chart (#71237),closed,2026-08-18 18:08:41+00:00,2026-08-18 20:38:32+00:00,2026-08-18 20:38:31+00:00,0.27,0.1,0.17,0,1,area:helm-chart,0,1,0,CONTRIBUTOR,909,97,1,8,0,0,0,0,0,46523,17615,1885,46523,693411,0.0,0.0,Low,Keep In Normal Delivery Rhythm.
Developer Experience Modernization,Developer Tools,microsoft/vscode,331520,https://github.com/microsoft/vscode/pull/331520,Pull Request,Update distro commit (main),closed,2026-08-18 18:09:29+00:00,2026-08-18 19:17:09+00:00,2026-08-18 19:14:51+00:00,0.27,0.05,0.23,0,0,,1,1,0,CONTRIBUTOR,212,27,1,8,0,0,0,0,0,188912,41710,19952,188912,1367899,0.0,0.0,Low,Keep In Normal Delivery Rhythm.
Developer Experience Modernization,Developer Tools,microsoft/vscode,331521,https://github.com/microsoft/vscode/issues/331521,Issue,Agent sessions: coordinate independently scoped child sessions,open,2026-08-18 18:10:09+00:00,2026-08-18 22:03:08+00:00,,0.27,0.27,0.11,0,1,feature-request,2,0,0,COLLABORATOR,3257,62,1,8,0,0,0,0,0,188912,41710,19952,188912,1367899,0.0,0.0,Low,Keep In Normal Delivery Rhythm.
Data Platform Orchestration,Data Engineering,apache/airflow,71788,https://github.com/apache/airflow/pull/71788,Pull Request,[v3-3-test] Fix datetime pickers unusable on Firefox and Safari (#71627),open,2026-08-18 18:12:09+00:00,2026-08-18 18:33:14+00:00,,0.27,0.27,0.26,0,3,area:UI | area:translations | translation:default,0,0,0,CONTRIBUTOR,644,72,1,8,0,0,0,0,0,46523,17615,1885,46523,693411,0.0001,0.0,Low,Keep In Normal Delivery Rhythm.
Data Platform Orchestration,Data Engineering,apache/airflow,71789,https://github.com/apache/airflow/pull/71789,Pull Request,[v3-3-test] Improve-arabic-translations (#71519),open,2026-08-18 18:14:00+00:00,2026-08-18 18:35:11+00:00,,0.27,0.27,0.26,0,3,area:UI | area:translations | translation:ar,0,0,0,CONTRIBUTOR,125,48,1,8,0,0,0,0,0,46523,17615,1885,46523,693411,0.0,0.0,Low,Keep In Normal Delivery Rhythm.
Data Platform Orchestration,Data Engineering,apache/airflow,71790,https://github.com/apache/airflow/pull/71790,Pull Request,[v3-3-test] Complete French UI translations (#71666),open,2026-08-18 18:14:19+00:00,2026-08-18 18:33:57+00:00,,0.27,0.27,0.26,0,3,area:UI | area:translations | translation:fr,0,0,0,CONTRIBUTOR,125,52,1,8,0,0,0,0,0,46523,17615,1885,46523,693411,0.0,0.0,Low,Keep In Normal Delivery Rhythm.
Developer Experience Modernization,Developer Tools,microsoft/vscode,331522,https://github.com/microsoft/vscode/pull/331522,Pull Request,Remove Omni Chat,closed,2026-08-18 18:16:19+00:00,2026-08-18 22:46:14+00:00,2026-08-18 22:46:12+00:00,0.27,0.19,0.08,3,0,,1,1,0,COLLABORATOR,694,16,1,8,0,0,0,0,0,188912,41710,19952,188912,1367899,0.0001,0.0,Low,Keep In Normal Delivery Rhythm.
Developer Experience Modernization,Developer Tools,microsoft/vscode,331523,https://github.com/microsoft/vscode/pull/331523,Pull Request,Chat: Hide debug log export without an active session,closed,2026-08-18 18:21:32+00:00,2026-08-18 20:09:14+00:00,2026-08-18 20:07:02+00:00,0.26,0.07,0.19,0,0,,0,1,0,MEMBER,505,53,1,8,0,0,0,0,0,188912,41710,19952,188912,1367899,0.0,0.0,Low,Keep In Normal Delivery Rhythm.
Developer Experience Modernization,Developer Tools,microsoft/vscode,331524,https://github.com/microsoft/vscode/pull/331524,Pull Request,[cherry-pick] agentHost: Prevent session catalog data loss,open,2026-08-18 18:28:47+00:00,2026-08-18 19:12:33+00:00,,0.26,0.26,0.23,0,1,cherry-pick-artifact,1,0,0,CONTRIBUTOR,861,58,1,8,0,0,0,0,0,188912,41710,19952,188912,1367899,0.0001,0.0,Low,Keep In Normal Delivery Rhythm.
Developer Experience Modernization,Developer Tools,microsoft/vscode,331525,https://github.com/microsoft/vscode/pull/331525,Pull Request,Improve workspace resolution in agent session tools,closed,2026-08-18 18:32:20+00:00,2026-08-18 21:31:03+00:00,2026-08-18 21:31:01+00:00,0.26,0.12,0.13,2,0,,1,1,0,COLLABORATOR,3026,51,1,8,0,0,0,0,0,188912,41710,19952,188912,1367899,0.0003,0.0,Low,Keep In Normal Delivery Rhythm.
Developer Experience Modernization,Developer Tools,microsoft/vscode,331526,https://github.com/microsoft/vscode/issues/331526,Issue,Agent host cannot read project-scope customizations in a remote window: slash commands are missing until the first turn,open,2026-08-18 18:32:30+00:00,2026-08-18 21:23:32+00:00,,0.26,0.26,0.14,0,1,agent-host,2,0,0,CONTRIBUTOR,2615,119,1,8,0,0,0,0,0,188912,41710,19952,188912,1367899,0.0,0.0,Low,Keep In Normal Delivery Rhythm.
Developer Experience Modernization,Developer Tools,microsoft/vscode,331527,https://github.com/microsoft/vscode/pull/331527,Pull Request,Read project customizations on the host's own filesystem,open,2026-08-18 18:32:58+00:00,2026-08-18 21:22:26+00:00,,0.26,0.26,0.14,1,0,,2,0,0,CONTRIBUTOR,3250,56,1,8,0,0,0,0,0,188912,41710,19952,188912,1367899,0.0,0.0,Low,Keep In Normal Delivery Rhythm.
Developer Experience Modernization,Developer Tools,microsoft/vscode,331528,https://github.com/microsoft/vscode/issues/331528,Issue,Promo banner close action shows underline on hover,open,2026-08-18 18:34:25+00:00,2026-08-18 18:34:25+00:00,,0.26,0.26,0.26,0,0,,1,0,0,CONTRIBUTOR,402,50,1,8,0,0,0,0,0,188912,41710,19952,188912,1367899,0.0,0.0,Low,Keep In Normal Delivery Rhythm.
Developer Experience Modernization,Developer Tools,microsoft/vscode,331529,https://github.com/microsoft/vscode/pull/331529,Pull Request,Fix agent host user data customization migration,open,2026-08-18 18:37:17+00:00,2026-08-18 22:30:35+00:00,,0.25,0.25,0.09,1,0,,1,0,0,MEMBER,837,48,1,8,0,0,0,0,0,188912,41710,19952,188912,1367899,0.0,0.0,Low,Keep In Normal Delivery Rhythm.
Cloud Native Platform Reliability,Cloud Platform,kubernetes/kubernetes,141447,https://github.com/kubernetes/kubernetes/issues/141447,Issue,Test failure  - ec2-master-scale-performance 5k load test,open,2026-08-18 18:39:35+00:00,2026-08-19 00:36:40+00:00,,0.25,0.25,0.0,5,3,kind/flake | needs-sig | needs-triage,0,0,0,CONTRIBUTOR,455,57,1,8,1,0,0,1,0,124580,43868,2952,124580,1510698,0.0001,0.0,Low,Keep In Normal Delivery Rhythm.
Developer Experience Modernization,Developer Tools,microsoft/vscode,331530,https://github.com/microsoft/vscode/pull/331530,Pull Request,Shake pet dizzy,open,2026-08-18 18:42:45+00:00,2026-08-18 18:48:49+00:00,,0.25,0.25,0.25,0,0,,1,0,0,MEMBER,344,15,1,8,0,0,0,0,0,188912,41710,19952,188912,1367899,0.0,0.0,Low,Keep In Normal Delivery Rhythm.
Developer Experience Modernization,Developer Tools,microsoft/vscode,331531,https://github.com/microsoft/vscode/issues/331531,Issue,Intellisense: AI Inline suggestions block LSP suggestions-  they should race instead,open,2026-08-18 18:44:17+00:00,2026-08-18 18:56:48+00:00,,0.25,0.25,0.24,0,0,,1,0,0,NONE,661,84,1,8,0,0,0,0,0,188912,41710,19952,188912,1367899,0.0,0.0,Low,Keep In Normal Delivery Rhythm.
Data Platform Orchestration,Data Engineering,apache/airflow,71791,https://github.com/apache/airflow/pull/71791,Pull Request,[v3-3-test] Stop variables export/import from silently corrupting values (#70944),open,2026-08-18 18:45:21+00:00,2026-08-18 18:45:25+00:00,,0.25,0.25,0.25,0,1,area:CLI,0,0,0,CONTRIBUTOR,1444,81,1,8,0,0,0,0,0,46523,17615,1885,46523,693411,0.0,0.0,Low,Keep In Normal Delivery Rhythm.
Language Ecosystem Delivery,Language Platform,rust-lang/rust,161318,https://github.com/rust-lang/rust/pull/161318,Pull Request,Doc: clarify how `Read::bytes` handling Interrupted errors,open,2026-08-18 18:48:12+00:00,2026-08-18 19:34:58+00:00,,0.25,0.25,0.21,3,2,S-waiting-on-bors | T-libs,1,0,0,MEMBER,1285,58,1,8,1,0,0,0,0,115595,15431,12711,115595,972236,0.0,0.0,Low,Keep In Normal Delivery Rhythm.
Data Platform Orchestration,Data Engineering,apache/airflow,71792,https://github.com/apache/airflow/pull/71792,Pull Request,UI - french-  less literal translation of keywords,open,2026-08-18 18:57:00+00:00,2026-08-18 19:06:52+00:00,,0.24,0.24,0.23,0,3,area:UI | area:translations | translation:fr,0,0,0,CONTRIBUTOR,576,50,1,8,0,0,0,0,0,46523,17615,1885,46523,693411,0.0,0.0,Low,Keep In Normal Delivery Rhythm.
Language Ecosystem Delivery,Language Platform,rust-lang/rust,161319,https://github.com/rust-lang/rust/pull/161319,Pull Request,Register all clauses of DefKind::Fn as obligations,open,2026-08-18 18:57:51+00:00,2026-08-18 18:57:57+00:00,,0.24,0.24,0.24,1,2,T-compiler | S-waiting-on-author,1,0,0,NONE,1418,50,1,8,1,0,0,0,0,115595,15431,12711,115595,972236,0.0,0.0,Low,Keep In Normal Delivery Rhythm.
Developer Experience Modernization,Developer Tools,microsoft/vscode,331532,https://github.com/microsoft/vscode/issues/331532,Issue,Agent plugins: reconcile partial storage and source migrations,open,2026-08-18 18:57:59+00:00,2026-08-18 19:14:26+00:00,,0.24,0.24,0.23,0,0,,1,0,0,NONE,2226,62,1,8,0,0,0,0,0,188912,41710,19952,188912,1367899,0.0,0.0,Low,Keep In Normal Delivery Rhythm.
Developer Experience Modernization,Developer Tools,microsoft/vscode,331533,https://github.com/microsoft/vscode/pull/331533,Pull Request,Reconcile partially migrated agent plugin storage,open,2026-08-18 18:58:18+00:00,2026-08-18 20:09:32+00:00,,0.24,0.24,0.19,0,0,,1,0,0,NONE,1280,49,1,8,0,0,0,0,0,188912,41710,19952,188912,1367899,0.0,0.0,Low,Keep In Normal Delivery Rhythm.
Developer Experience Modernization,Developer Tools,microsoft/vscode,331534,https://github.com/microsoft/vscode/issues/331534,Issue,"""The PR workflow skill is unavailable in this checkout""",open,2026-08-18 18:59:20+00:00,2026-08-18 19:06:37+00:00,,0.24,0.24,0.23,0,0,,1,0,0,MEMBER,4453,55,1,8,0,0,0,0,0,188912,41710,19952,188912,1367899,0.0,0.0,Low,Keep In Normal Delivery Rhythm.
Developer Experience Modernization,Developer Tools,microsoft/vscode,331535,https://github.com/microsoft/vscode/issues/331535,Issue,MCP: Configure Model Access > Enable ALL models (vs. individually),open,2026-08-18 19:01:37+00:00,2026-08-18 19:17:00+00:00,,0.24,0.24,0.23,0,0,,1,0,0,NONE,5606,66,1,8,0,0,0,0,0,188912,41710,19952,188912,1367899,0.0,0.0,Low,Keep In Normal Delivery Rhythm.
Data Platform Orchestration,Data Engineering,apache/airflow,71793,https://github.com/apache/airflow/pull/71793,Pull Request,Optionally emit Dag tags as structured log context on task logs,open,2026-08-18 19:02:40+00:00,2026-08-18 19:03:02+00:00,,0.24,0.24,0.24,0,2,area:task-sdk | area:ConfigTemplates,0,0,0,CONTRIBUTOR,2364,63,1,8,0,0,0,0,0,46523,17615,1885,46523,693411,0.0,0.0,Low,Keep In Normal Delivery Rhythm.
Developer Experience Modernization,Developer Tools,microsoft/vscode,331536,https://github.com/microsoft/vscode/pull/331536,Pull Request,Fix the quota data missing from the agent window,closed,2026-08-18 19:05:59+00:00,2026-08-18 21:24:03+00:00,2026-08-18 21:22:30+00:00,0.23,0.09,0.14,0,0,,1,1,0,MEMBER,399,48,1,8,0,0,0,0,0,188912,41710,19952,188912,1367899,0.0,0.0,Low,Keep In Normal Delivery Rhythm.
Data Platform Orchestration,Data Engineering,apache/airflow,71794,https://github.com/apache/airflow/pull/71794,Pull Request,Prepare providers release 2026-08-18,open,2026-08-18 19:08:19+00:00,2026-08-18 22:23:39+00:00,,0.23,0.23,0.1,1,57,provider:google | provider:microsoft-azure | provider:amazon | area:providers | kind:documentation | provider:cncf-kubernetes | provider:snowflake | provider:common-sql | provider:databricks | provider:docker | provider:openlineage | provider:celery | provider:hashicorp | provider:elasticsearch | provider:tableau | provider:discord | provider:http | provider:jdbc | provider:ftp | provider:microsoft-psrp | provider:microsoft-winrm | provider:arangodb | provider:asana | provider:datadog | provider:dbt-cloud | provider:dingding | provider:exasol | provider:github | provider:imap | provider:jenkins | provider:postgres | provider:apache-kafka | provider:apache-hive | provider:apache-spark | provider:mysql | provider:apache-livy | provider:oracle | provider:microsoft-mssql | provider:apache-hdfs | provider:influxdb | provider:grpc | provider:samba | provider:cohere | provider:fab | provider:sendgrid | provider:apache-iceberg | provider:common-compat | provider:standard | provider:edge | provider:git | provider:keycloak | allow provider dependency bump | skip common compat check | provider:common-ai | provider:akeyless | provider:clickhousedb | provider:anthropic,0,0,0,MEMBER,1536,36,1,8,1,0,0,0,0,46523,17615,1885,46523,693411,0.0,0.0,Low,Keep In Normal Delivery Rhythm.
Developer Experience Modernization,Developer Tools,microsoft/vscode,331537,https://github.com/microsoft/vscode/issues/331537,Issue,Chat input suggest description box goes under sidebar editor,open,2026-08-18 19:08:44+00:00,2026-08-18 19:08:44+00:00,,0.23,0.23,0.23,0,0,,1,0,0,MEMBER,131,60,1,8,0,0,0,0,0,188912,41710,19952,188912,1367899,0.0003,0.0,Low,Keep In Normal Delivery Rhythm.
Data Platform Orchestration,Data Engineering,apache/airflow,71795,https://github.com/apache/airflow/issues/71795,Issue,`airflow sync-perm --include-dags` can fail due to a single misconfigured DAG,open,2026-08-18 19:09:51+00:00,2026-08-18 19:13:11+00:00,,0.23,0.23,0.23,0,3,kind:bug | area:auth | needs-triage,0,0,0,NONE,1497,77,1,8,1,1,0,1,0,46523,17615,1885,46523,693411,0.0,0.0,Low,Keep In Normal Delivery Rhythm.
Developer Experience Modernization,Developer Tools,microsoft/vscode,331538,https://github.com/microsoft/vscode/issues/331538,Issue,Copilot external ingest falls back to memory when workspace storage directory is absent,open,2026-08-18 19:10:23+00:00,2026-08-18 19:26:08+00:00,,0.23,0.23,0.22,0,0,,1,0,0,NONE,1516,87,1,8,0,0,0,0,0,188912,41710,19952,188912,1367899,0.0,0.0,Low,Keep In Normal Delivery Rhythm.
Developer Experience Modernization,Developer Tools,microsoft/vscode,331539,https://github.com/microsoft/vscode/pull/331539,Pull Request,Ensure Copilot external ingest storage exists,open,2026-08-18 19:11:33+00:00,2026-08-18 21:09:20+00:00,,0.23,0.23,0.15,0,0,,1,0,0,NONE,944,45,1,8,0,0,0,0,0,188912,41710,19952,188912,1367899,0.0,0.0,Low,Keep In Normal Delivery Rhythm.
Developer Experience Modernization,Developer Tools,microsoft/vscode,331540,https://github.com/microsoft/vscode/pull/331540,Pull Request,Lower silent language model resolution noise,open,2026-08-18 19:20:10+00:00,2026-08-18 21:09:18+00:00,,0.22,0.22,0.15,0,0,,1,0,0,NONE,706,44,1,8,0,0,0,0,0,188912,41710,19952,188912,1367899,0.0,0.0,Low,Keep In Normal Delivery Rhythm.
Developer Experience Modernization,Developer Tools,microsoft/vscode,331541,https://github.com/microsoft/vscode/issues/331541,Issue,Allow creator sessions to answer child input requests,open,2026-08-18 19:24:09+00:00,2026-08-18 19:38:18+00:00,,0.22,0.22,0.21,0,2,feature-request | agents,1,0,0,COLLABORATOR,1346,53,1,8,0,0,0,0,0,188912,41710,19952,188912,1367899,0.0,0.0,Low,Keep In Normal Delivery Rhythm.
Data Platform Orchestration,Data Engineering,apache/airflow,71796,https://github.com/apache/airflow/pull/71796,Pull Request,Close spanish translation gap,open,2026-08-18 19:30:46+00:00,2026-08-18 19:31:06+00:00,,0.22,0.22,0.22,0,3,area:UI | area:translations | translation:es,0,0,0,CONTRIBUTOR,1522,29,1,8,0,0,0,0,0,46523,17615,1885,46523,693411,0.0,0.0,Low,Keep In Normal Delivery Rhythm.
Language Ecosystem Delivery,Language Platform,rust-lang/rust,161320,https://github.com/rust-lang/rust/pull/161320,Pull Request,Only suggest `RUST_MIN_STACK` if maybe stack overflow,open,2026-08-18 19:30:56+00:00,2026-08-18 19:31:01+00:00,,0.22,0.22,0.22,1,2,T-compiler | S-waiting-on-review,1,0,0,MEMBER,81,53,1,8,1,0,0,0,0,115595,15431,12711,115595,972236,0.0,0.0,Low,Keep In Normal Delivery Rhythm.
Developer Experience Modernization,Developer Tools,microsoft/vscode,331542,https://github.com/microsoft/vscode/issues/331542,Issue,`code --status` reports impossible process memory on macOS,open,2026-08-18 19:31:53+00:00,2026-08-18 19:46:41+00:00,,0.22,0.22,0.21,0,0,,1,0,0,NONE,1058,58,1,8,0,0,0,0,0,188912,41710,19952,188912,1367899,0.0,0.0,Low,Keep In Normal Delivery Rhythm.
Developer Experience Modernization,Developer Tools,microsoft/vscode,331543,https://github.com/microsoft/vscode/pull/331543,Pull Request,Fix process memory in status diagnostics,open,2026-08-18 19:32:20+00:00,2026-08-18 21:09:16+00:00,,0.22,0.22,0.15,0,0,,1,0,0,NONE,496,40,1,8,0,0,0,0,0,188912,41710,19952,188912,1367899,0.0,0.0,Low,Keep In Normal Delivery Rhythm.
Developer Experience Modernization,Developer Tools,microsoft/vscode,331544,https://github.com/microsoft/vscode/pull/331544,Pull Request,Notify creators when delegated sessions need attention,closed,2026-08-18 19:35:06+00:00,2026-08-18 21:44:06+00:00,2026-08-18 21:44:04+00:00,0.21,0.09,0.12,0,0,,1,1,0,COLLABORATOR,2100,54,1,8,0,0,0,0,0,188912,41710,19952,188912,1367899,0.0,0.0,Low,Keep In Normal Delivery Rhythm.
Developer Experience Modernization,Developer Tools,microsoft/vscode,331545,https://github.com/microsoft/vscode/pull/331545,Pull Request,Agents - move section chevron to the left and reveal it on hover,open,2026-08-18 19:37:26+00:00,2026-08-18 21:15:15+00:00,,0.21,0.21,0.14,1,0,,1,0,0,MEMBER,344,64,1,8,0,0,0,0,0,188912,41710,19952,188912,1367899,0.0001,0.0,Low,Keep In Normal Delivery Rhythm.
Developer Experience Modernization,Developer Tools,microsoft/vscode,331546,https://github.com/microsoft/vscode/issues/331546,Issue,Remote tunnel service status client can take over tunnel ownership,open,2026-08-18 19:43:48+00:00,2026-08-18 19:53:50+00:00,,0.21,0.21,0.2,0,0,,1,0,0,NONE,2350,66,1,8,0,0,0,0,0,188912,41710,19952,188912,1367899,0.0,0.0,Low,Keep In Normal Delivery Rhythm.
Developer Experience Modernization,Developer Tools,microsoft/vscode,331547,https://github.com/microsoft/vscode/pull/331547,Pull Request,Fix remote tunnel service status attachment,open,2026-08-18 19:44:11+00:00,2026-08-18 21:09:13+00:00,,0.21,0.21,0.15,0,0,,1,0,0,NONE,837,43,1,8,0,0,0,0,0,188912,41710,19952,188912,1367899,0.0,0.0,Low,Keep In Normal Delivery Rhythm.
Runtime Platform Stabilization,Runtime Engineering,nodejs/node,65391,https://github.com/nodejs/node/pull/65391,Pull Request,doc: fix broken TLS security level example,open,2026-08-18 19:44:45+00:00,2026-08-18 19:44:56+00:00,,0.21,0.21,0.21,0,2,tls | doc,0,0,0,CONTRIBUTOR,1857,42,1,8,0,0,0,0,0,119012,36525,1490,119012,1537562,0.0,0.0,Low,Keep In Normal Delivery Rhythm.
Developer Experience Modernization,Developer Tools,microsoft/vscode,331548,https://github.com/microsoft/vscode/issues/331548,Issue,DEDD4E7 Key ID,closed,2026-08-18 19:44:52+00:00,2026-08-18 19:58:50+00:00,2026-08-18 19:58:50+00:00,0.21,0.01,0.2,1,1,spam,0,0,0,NONE,1069,14,1,8,0,0,0,0,0,188912,41710,19952,188912,1367899,0.0,0.0,Low,Keep In Normal Delivery Rhythm.
Developer Experience Modernization,Developer Tools,microsoft/vscode,331549,https://github.com/microsoft/vscode/pull/331549,Pull Request,Add agent session OS notifications,closed,2026-08-18 19:47:19+00:00,2026-08-18 21:41:47+00:00,2026-08-18 21:41:45+00:00,0.21,0.08,0.13,0,0,,1,1,0,COLLABORATOR,620,34,1,8,0,0,0,0,0,188912,41710,19952,188912,1367899,0.0,0.0,Low,Keep In Normal Delivery Rhythm.
Language Ecosystem Delivery,Language Platform,rust-lang/rust,161321,https://github.com/rust-lang/rust/pull/161321,Pull Request,Update books,open,2026-08-18 19:50:04+00:00,2026-08-18 21:27:27+00:00,,0.2,0.2,0.14,10,2,beta-nominated | S-waiting-on-bors,1,0,0,COLLABORATOR,1170,12,1,8,1,0,0,0,0,115595,15431,12711,115595,972236,0.0,0.0,Low,Keep In Normal Delivery Rhythm.
Developer Experience Modernization,Developer Tools,microsoft/vscode,331550,https://github.com/microsoft/vscode/pull/331550,Pull Request,chore: onboard build pipelines onto CFSClean,open,2026-08-18 19:52:13+00:00,2026-08-18 23:06:12+00:00,,0.2,0.2,0.07,0,0,,1,1,0,COLLABORATOR,349,44,1,8,0,0,0,0,0,188912,41710,19952,188912,1367899,0.0,0.0,Low,Keep In Normal Delivery Rhythm.
Data Platform Orchestration,Data Engineering,apache/airflow,71797,https://github.com/apache/airflow/issues/71797,Issue,File downloads are not allowed using external_views,open,2026-08-18 19:57:34+00:00,2026-08-18 19:59:43+00:00,,0.2,0.2,0.2,1,2,kind:bug | area:UI,0,0,0,NONE,850,51,1,8,0,1,0,0,0,46523,17615,1885,46523,693411,0.0,0.0,Low,Keep In Normal Delivery Rhythm.
Language Ecosystem Delivery,Language Platform,rust-lang/rust,161322,https://github.com/rust-lang/rust/pull/161322,Pull Request,Rollup of 13 pull requests,open,2026-08-18 19:58:18+00:00,2026-08-18 23:04:27+00:00,,0.2,0.2,0.07,4,15,O-windows | T-rustdoc | A-attributes | T-compiler | T-bootstrap | O-wasm | S-waiting-on-bors | rollup | T-libs | O-unix | PG-exploit-mitigations | WG-trait-system-refactor | O-wasi | T-rust-analyzer | T-clippy,0,0,0,MEMBER,1236,26,1,8,1,0,0,0,0,115595,15431,12711,115595,972236,0.0001,0.0,Low,Keep In Normal Delivery Rhythm.
Data Platform Orchestration,Data Engineering,apache/airflow,71798,https://github.com/apache/airflow/pull/71798,Pull Request,Keep sync-perm going when a Dag has bad access_control,open,2026-08-18 20:00:06+00:00,2026-08-18 20:13:00+00:00,,0.2,0.2,0.19,1,2,area:providers | provider:fab,0,0,0,NONE,935,54,1,8,0,0,0,0,0,46523,17615,1885,46523,693411,0.0,0.0,Low,Keep In Normal Delivery Rhythm.
Language Ecosystem Delivery,Language Platform,rust-lang/rust,161323,https://github.com/rust-lang/rust/issues/161323,Issue,splat-fn-ptr-ptr-tuple.rs fails under miri and crashes under LLVM 24,open,2026-08-18 20:05:03+00:00,2026-08-18 21:48:45+00:00,,0.19,0.19,0.12,2,3,C-bug | needs-triage | F-splat,0,0,0,CONTRIBUTOR,1399,68,1,8,1,1,0,1,0,115595,15431,12711,115595,972236,0.0,0.0,Low,Keep In Normal Delivery Rhythm.
Data Platform Orchestration,Data Engineering,apache/airflow,71799,https://github.com/apache/airflow/pull/71799,Pull Request,Fix asset events test for Dag runs without start date,closed,2026-08-18 20:20:09+00:00,2026-08-18 21:52:12+00:00,2026-08-18 21:52:12+00:00,0.18,0.06,0.12,0,1,area:API,0,0,0,CONTRIBUTOR,2621,53,1,8,0,0,0,0,0,46523,17615,1885,46523,693411,0.0,0.0,Low,Keep In Normal Delivery Rhythm.
Developer Experience Modernization,Developer Tools,microsoft/vscode,331551,https://github.com/microsoft/vscode/pull/331551,Pull Request,agentHost: report completed model calls per turn,open,2026-08-18 20:22:23+00:00,2026-08-18 23:29:59+00:00,,0.18,0.18,0.05,1,0,,1,0,0,COLLABORATOR,2924,48,1,8,0,0,0,0,0,188912,41710,19952,188912,1367899,0.0001,0.0,Low,Keep In Normal Delivery Rhythm.
Runtime Platform Stabilization,Runtime Engineering,nodejs/node,65392,https://github.com/nodejs/node/pull/65392,Pull Request,fs: implement glob natively,open,2026-08-18 20:25:15+00:00,2026-08-18 20:29:48+00:00,,0.18,0.18,0.18,2,6,fs | discuss | meta | performance | needs-ci | dependencies,0,0,0,MEMBER,4113,27,1,8,1,0,0,0,0,119012,36525,1490,119012,1537562,0.0007,0.1,Low,Keep In Normal Delivery Rhythm.
Data Platform Orchestration,Data Engineering,apache/airflow,71800,https://github.com/apache/airflow/pull/71800,Pull Request,Shut down the replaced MeterProvider in get_otel_logger(),open,2026-08-18 20:29:12+00:00,2026-08-18 20:33:43+00:00,,0.18,0.18,0.17,1,0,,0,0,0,NONE,2864,57,1,8,0,0,0,0,0,46523,17615,1885,46523,693411,0.0,0.0,Low,Keep In Normal Delivery Rhythm.
Developer Experience Modernization,Developer Tools,microsoft/vscode,331552,https://github.com/microsoft/vscode/pull/331552,Pull Request,chore: bump @github/copilot to 1.0.81-1,open,2026-08-18 20:32:38+00:00,2026-08-19 00:19:55+00:00,,0.17,0.17,0.02,7,1,copilot-sdk-auto-upgrade,2,0,0,CONTRIBUTOR,6905,39,1,8,0,0,0,0,0,188912,41710,19952,188912,1367899,0.0,0.0,Low,Keep In Normal Delivery Rhythm.
Developer Experience Modernization,Developer Tools,microsoft/vscode,331553,https://github.com/microsoft/vscode/issues/331553,Issue,Support deferred workspace binding for folderless agent sessions,open,2026-08-18 20:43:15+00:00,2026-08-18 21:00:08+00:00,,0.17,0.17,0.15,0,2,feature-request | agents-window,2,1,0,COLLABORATOR,2551,64,1,8,0,0,0,0,0,188912,41710,19952,188912,1367899,0.0,0.0,Low,Keep In Normal Delivery Rhythm.
Cloud Native Platform Reliability,Cloud Platform,kubernetes/kubernetes,141448,https://github.com/kubernetes/kubernetes/pull/141448,Pull Request,apiserver/cacher: label terminated watchers with a reason,open,2026-08-18 20:48:27+00:00,2026-08-18 20:49:39+00:00,,0.16,0.16,0.16,4,11,area/apiserver | sig/api-machinery | release-note | size/M | kind/feature | cncf-cla: yes | sig/instrumentation | needs-ok-to-test | do-not-merge/work-in-progress | needs-priority | needs-triage,0,0,0,NONE,2103,57,1,8,1,0,1,1,0,124580,43868,2952,124580,1510698,0.0012,0.1,Low,Keep In Normal Delivery Rhythm.
Cloud Native Platform Reliability,Cloud Platform,kubernetes/kubernetes,141449,https://github.com/kubernetes/kubernetes/pull/141449,Pull Request,apiserver/cacher: extract the interval streaming loop,open,2026-08-18 20:48:29+00:00,2026-08-18 20:50:20+00:00,,0.16,0.16,0.16,4,10,kind/cleanup | area/apiserver | sig/api-machinery | size/M | release-note-none | cncf-cla: yes | needs-ok-to-test | do-not-merge/work-in-progress | needs-priority | needs-triage,0,0,0,NONE,1124,53,1,8,1,0,1,1,0,124580,43868,2952,124580,1510698,0.8554,85.5,High,"Escalate Blocker, Confirm Owner, And Add Executive Visibility This Week."
Cloud Native Platform Reliability,Cloud Platform,kubernetes/kubernetes,141450,https://github.com/kubernetes/kubernetes/pull/141450,Pull Request,apiserver/cacher: stall and resume watchers instead of terminating them (WatchCacheStallResume),open,2026-08-18 20:48:31+00:00,2026-08-18 20:50:59+00:00,,0.16,0.16,0.16,4,11,area/apiserver | sig/api-machinery | release-note | size/XXL | kind/feature | cncf-cla: yes | sig/instrumentation | needs-ok-to-test | do-not-merge/work-in-progress | needs-priority | needs-triage,0,0,0,NONE,5986,95,1,8,1,0,1,1,0,124580,43868,2952,124580,1510698,0.001,0.1,Low,Keep In Normal Delivery Rhythm.
Cloud Native Platform Reliability,Cloud Platform,kubernetes/kubernetes,141451,https://github.com/kubernetes/kubernetes/pull/141451,Pull Request,apiserver/cacher: stalled watchers gauge and optional cull for WatchCacheStallResume,open,2026-08-18 20:48:33+00:00,2026-08-18 20:49:40+00:00,,0.16,0.16,0.16,5,11,area/apiserver | sig/api-machinery | release-note | size/XXL | kind/feature | cncf-cla: yes | sig/instrumentation | needs-ok-to-test | do-not-merge/work-in-progress | needs-priority | needs-triage,0,0,0,NONE,2562,84,1,8,1,0,1,1,0,124580,43868,2952,124580,1510698,0.0099,1.0,Low,Keep In Normal Delivery Rhythm.
Cloud Native Platform Reliability,Cloud Platform,kubernetes/kubernetes,141452,https://github.com/kubernetes/kubernetes/pull/141452,Pull Request,test/integration: watch survives a slow reader with WatchCacheStallResume,open,2026-08-18 20:48:35+00:00,2026-08-18 20:51:39+00:00,,0.16,0.16,0.16,4,13,area/test | area/apiserver | sig/api-machinery | size/XXL | kind/feature | release-note-none | cncf-cla: yes | sig/instrumentation | sig/testing | needs-ok-to-test | do-not-merge/work-in-progress | needs-priority | needs-triage,0,0,0,NONE,1433,73,1,8,1,0,1,1,0,124580,43868,2952,124580,1510698,0.017,1.7,Low,Keep In Normal Delivery Rhythm.
Developer Experience Modernization,Developer Tools,microsoft/vscode,331554,https://github.com/microsoft/vscode/issues/331554,Issue,Show delegated child chats/sessions in the Agent Sessions UI,open,2026-08-18 20:52:00+00:00,2026-08-18 22:15:05+00:00,,0.16,0.16,0.1,0,2,feature-request | agents-window,1,1,0,COLLABORATOR,2187,60,1,8,0,0,0,0,0,188912,41710,19952,188912,1367899,0.0,0.0,Low,Keep In Normal Delivery Rhythm.
Language Ecosystem Delivery,Language Platform,rust-lang/rust,161324,https://github.com/rust-lang/rust/issues/161324,Issue,[ICE]: broken MIR in Item(..) (after phase change to runtime-optimized) at ..,open,2026-08-18 21:04:04+00:00,2026-08-18 21:04:07+00:00,,0.15,0.15,0.15,0,4,I-ICE | T-compiler | C-bug | needs-triage,0,0,0,NONE,8281,77,1,8,1,1,0,1,0,115595,15431,12711,115595,972236,0.0,0.0,Low,Keep In Normal Delivery Rhythm.
Developer Experience Modernization,Developer Tools,microsoft/vscode,331555,https://github.com/microsoft/vscode/pull/331555,Pull Request,Fix flaky agent host E2E tests on Windows,closed,2026-08-18 21:07:24+00:00,2026-08-18 21:29:47+00:00,2026-08-18 21:27:58+00:00,0.15,0.01,0.13,0,0,,0,1,0,MEMBER,806,41,1,8,0,0,0,0,0,188912,41710,19952,188912,1367899,0.0,0.0,Low,Keep In Normal Delivery Rhythm.
Language Ecosystem Delivery,Language Platform,rust-lang/rust,161325,https://github.com/rust-lang/rust/pull/161325,Pull Request,Bump bootstrap to 1.99.0-beta.1,open,2026-08-18 21:08:12+00:00,2026-08-18 21:08:18+00:00,,0.15,0.15,0.15,2,6,T-compiler | T-bootstrap | S-waiting-on-review | T-release | T-libs | O-unix,1,0,0,MEMBER,101,31,1,8,1,0,0,0,0,115595,15431,12711,115595,972236,0.0,0.0,Low,Keep In Normal Delivery Rhythm.
Language Ecosystem Delivery,Language Platform,rust-lang/rust,161326,https://github.com/rust-lang/rust/issues/161326,Issue,Crater runs for 1.99,open,2026-08-18 21:12:12+00:00,2026-08-18 22:51:25+00:00,,0.15,0.15,0.08,7,4,S-waiting-on-crater | T-release | needs-triage | C-crater,0,0,0,MEMBER,162,20,1,8,1,0,0,1,0,115595,15431,12711,115595,972236,0.0,0.0,Low,Keep In Normal Delivery Rhythm.
Developer Experience Modernization,Developer Tools,microsoft/vscode,331556,https://github.com/microsoft/vscode/pull/331556,Pull Request,Fix hover race,closed,2026-08-18 21:13:31+00:00,2026-08-18 21:35:44+00:00,2026-08-18 21:33:58+00:00,0.15,0.01,0.13,0,0,,1,1,0,MEMBER,397,14,1,8,0,0,0,0,0,188912,41710,19952,188912,1367899,0.0,0.0,Low,Keep In Normal Delivery Rhythm.
Developer Experience Modernization,Developer Tools,microsoft/vscode,331557,https://github.com/microsoft/vscode/pull/331557,Pull Request,Fix Agent Host startup with invalid telemetry level,closed,2026-08-18 21:14:42+00:00,2026-08-18 22:15:25+00:00,2026-08-18 22:13:48+00:00,0.14,0.04,0.1,0,0,,0,1,0,MEMBER,915,51,1,8,0,0,0,0,0,188912,41710,19952,188912,1367899,0.0,0.0,Low,Keep In Normal Delivery Rhythm.
Data Platform Orchestration,Data Engineering,apache/airflow,71801,https://github.com/apache/airflow/issues/71801,Issue,Allow Variable.get_variable_from_secrets to reuse a caller's session,open,2026-08-18 21:14:51+00:00,2026-08-18 21:16:55+00:00,,0.14,0.14,0.14,0,2,kind:feature | area:core,0,0,0,CONTRIBUTOR,403,68,1,8,0,0,0,0,0,46523,17615,1885,46523,693411,0.0,0.0,Low,Keep In Normal Delivery Rhythm.
Data Platform Orchestration,Data Engineering,apache/airflow,71802,https://github.com/apache/airflow/pull/71802,Pull Request,Add SerializedVariableInterval for deadline alerts,open,2026-08-18 21:23:41+00:00,2026-08-18 21:28:07+00:00,,0.14,0.14,0.14,0,3,area:deadline-alerts | area:DAG-processing | area:task-sdk,0,0,0,CONTRIBUTOR,1823,50,1,8,0,0,0,0,0,46523,17615,1885,46523,693411,0.0,0.0,Low,Keep In Normal Delivery Rhythm.
Data Platform Orchestration,Data Engineering,apache/airflow,71803,https://github.com/apache/airflow/pull/71803,Pull Request,UI: Allow file downloads from plugin external view iframes,open,2026-08-18 21:24:51+00:00,2026-08-18 21:24:55+00:00,,0.14,0.14,0.14,0,1,area:UI,0,0,0,CONTRIBUTOR,748,58,1,8,0,0,0,0,0,46523,17615,1885,46523,693411,0.0002,0.0,Low,Keep In Normal Delivery Rhythm.
Developer Experience Modernization,Developer Tools,microsoft/vscode,331558,https://github.com/microsoft/vscode/pull/331558,Pull Request,Add UI scenario validation skill,closed,2026-08-18 21:25:19+00:00,2026-08-18 23:16:52+00:00,2026-08-18 23:15:42+00:00,0.14,0.08,0.06,1,0,,1,1,0,CONTRIBUTOR,1276,32,1,8,0,0,0,0,0,188912,41710,19952,188912,1367899,0.0,0.0,Low,Keep In Normal Delivery Rhythm.
Language Ecosystem Delivery,Language Platform,rust-lang/rust,161327,https://github.com/rust-lang/rust/issues/161327,Issue,References to closures have worse error messages when they don't implement the right `Fn*` trait,open,2026-08-18 21:30:40+00:00,2026-08-18 21:32:14+00:00,,0.13,0.13,0.13,0,2,A-diagnostics | T-compiler,0,0,0,MEMBER,3411,96,1,8,0,0,0,0,0,115595,15431,12711,115595,972236,0.0,0.0,Low,Keep In Normal Delivery Rhythm.
Developer Experience Modernization,Developer Tools,microsoft/vscode,331559,https://github.com/microsoft/vscode/pull/331559,Pull Request,Remove Agents window startup A/A experiment trigger,open,2026-08-18 21:42:40+00:00,2026-08-18 23:11:39+00:00,,0.12,0.12,0.06,0,1,triage-needed,1,0,0,CONTRIBUTOR,856,51,1,8,0,0,0,1,0,188912,41710,19952,188912,1367899,0.0001,0.0,Low,Keep In Normal Delivery Rhythm.
Developer Experience Modernization,Developer Tools,microsoft/vscode,331560,https://github.com/microsoft/vscode/pull/331560,Pull Request,agentHost: avoid Codex initialization notification race,open,2026-08-18 21:46:59+00:00,2026-08-18 23:11:36+00:00,,0.12,0.12,0.06,0,1,triage-needed,1,0,0,NONE,873,55,1,8,0,0,0,1,0,188912,41710,19952,188912,1367899,0.0001,0.0,Low,Keep In Normal Delivery Rhythm.
Developer Experience Modernization,Developer Tools,microsoft/vscode,331561,https://github.com/microsoft/vscode/pull/331561,Pull Request,agentHost: enable built-in GitHub MCP servers,open,2026-08-18 21:57:23+00:00,2026-08-18 23:58:49+00:00,,0.11,0.11,0.03,1,0,,1,0,0,MEMBER,858,45,1,8,0,0,0,0,0,188912,41710,19952,188912,1367899,0.0,0.0,Low,Keep In Normal Delivery Rhythm.
Language Ecosystem Delivery,Language Platform,rust-lang/rust,161328,https://github.com/rust-lang/rust/pull/161328,Pull Request,Enforce even more library clippy lints in CI,open,2026-08-18 21:59:00+00:00,2026-08-19 00:23:17+00:00,,0.11,0.11,0.01,14,3,T-bootstrap | S-waiting-on-review | T-libs,1,0,0,MEMBER,594,44,1,8,1,0,0,0,0,115595,15431,12711,115595,972236,0.0002,0.0,Low,Keep In Normal Delivery Rhythm.
Developer Experience Modernization,Developer Tools,microsoft/vscode,331562,https://github.com/microsoft/vscode/issues/331562,Issue,Settings icon shows notification badge even when Update button is visible,open,2026-08-18 21:59:15+00:00,2026-08-18 21:59:27+00:00,,0.11,0.11,0.11,0,2,bug | install-update,1,0,0,COLLABORATOR,1304,73,1,8,0,1,0,0,0,188912,41710,19952,188912,1367899,0.0,0.0,Low,Keep In Normal Delivery Rhythm.
Developer Experience Modernization,Developer Tools,microsoft/vscode,331563,https://github.com/microsoft/vscode/issues/331563,Issue,Ctrl+Click not working for Graph diffs,open,2026-08-18 21:59:19+00:00,2026-08-18 22:11:33+00:00,,0.11,0.11,0.1,2,0,,1,0,0,NONE,3727,38,1,8,0,0,0,0,0,188912,41710,19952,188912,1367899,0.0,0.0,Low,Keep In Normal Delivery Rhythm.
Developer Experience Modernization,Developer Tools,microsoft/vscode,331564,https://github.com/microsoft/vscode/pull/331564,Pull Request,Markdown: mark language server worker as ESM,open,2026-08-18 22:02:42+00:00,2026-08-18 23:11:34+00:00,,0.11,0.11,0.06,0,1,triage-needed,1,0,0,NONE,831,44,1,8,0,0,0,1,0,188912,41710,19952,188912,1367899,0.0,0.0,Low,Keep In Normal Delivery Rhythm.
Language Ecosystem Delivery,Language Platform,rust-lang/rust,161329,https://github.com/rust-lang/rust/pull/161329,Pull Request,Add regression tests for a few fixed issues with E-needs-test,open,2026-08-18 22:04:04+00:00,2026-08-18 22:38:38+00:00,,0.11,0.11,0.09,3,2,T-compiler | S-waiting-on-review,1,0,0,CONTRIBUTOR,482,61,1,8,1,0,0,0,0,115595,15431,12711,115595,972236,0.0,0.0,Low,Keep In Normal Delivery Rhythm.
Developer Experience Modernization,Developer Tools,microsoft/vscode,331565,https://github.com/microsoft/vscode/pull/331565,Pull Request,chat: add a render-only Permissions area to the Customizations editor,open,2026-08-18 22:08:57+00:00,2026-08-18 23:09:37+00:00,,0.11,0.11,0.06,0,0,,1,0,0,MEMBER,4175,69,1,8,0,0,0,0,0,188912,41710,19952,188912,1367899,0.0001,0.0,Low,Keep In Normal Delivery Rhythm.
Cloud Native Platform Reliability,Cloud Platform,kubernetes/kubernetes,141453,https://github.com/kubernetes/kubernetes/pull/141453,Pull Request,Set the timeAdded of node taints at admission,open,2026-08-18 22:10:26+00:00,2026-08-18 22:38:50+00:00,,0.11,0.11,0.09,4,11,sig/scheduling | sig/node | release-note | size/L | kind/api-change | kind/feature | sig/apps | cncf-cla: yes | area/code-generation | needs-priority | needs-triage,0,0,0,CONTRIBUTOR,2791,45,1,8,1,0,1,1,0,124580,43868,2952,124580,1510698,0.1754,17.5,Low,Keep In Normal Delivery Rhythm.
Language Ecosystem Delivery,Language Platform,rust-lang/rust,161330,https://github.com/rust-lang/rust/pull/161330,Pull Request,Add regression test for nested RPIT not an iterator ICE,open,2026-08-18 22:15:36+00:00,2026-08-18 23:12:13+00:00,,0.1,0.1,0.06,2,2,T-compiler | S-waiting-on-review,1,0,0,CONTRIBUTOR,28,55,1,8,1,0,0,0,0,115595,15431,12711,115595,972236,0.0001,0.0,Low,Keep In Normal Delivery Rhythm.
Developer Experience Modernization,Developer Tools,microsoft/vscode,331566,https://github.com/microsoft/vscode/issues/331566,Issue,"Agent file tools incorrectly prompt ""Allow reading file outside of workspace?"" for the current workspace in WSL",open,2026-08-18 22:17:48+00:00,2026-08-18 22:40:07+00:00,,0.1,0.1,0.09,1,0,,1,0,0,MEMBER,2883,111,1,8,0,0,0,0,0,188912,41710,19952,188912,1367899,0.0,0.0,Low,Keep In Normal Delivery Rhythm.
Language Ecosystem Delivery,Language Platform,rust-lang/rust,161331,https://github.com/rust-lang/rust/pull/161331,Pull Request,Bitset simplifications,open,2026-08-18 22:21:35+00:00,2026-08-19 00:19:27+00:00,,0.1,0.1,0.02,2,2,T-compiler | S-waiting-on-review,1,0,0,CONTRIBUTOR,110,22,1,8,1,0,0,0,0,115595,15431,12711,115595,972236,0.0,0.0,Low,Keep In Normal Delivery Rhythm.
Data Platform Orchestration,Data Engineering,apache/airflow,71804,https://github.com/apache/airflow/pull/71804,Pull Request,Stop forked children exporting the OTel pipeline they inherited,open,2026-08-18 22:24:43+00:00,2026-08-18 22:24:43+00:00,,0.1,0.1,0.1,0,0,,0,0,0,CONTRIBUTOR,2501,63,1,8,0,0,0,0,0,46523,17615,1885,46523,693411,0.0,0.0,Low,Keep In Normal Delivery Rhythm.
Developer Experience Modernization,Developer Tools,microsoft/vscode,331567,https://github.com/microsoft/vscode/issues/331567,Issue,Fill more gaps with sessions,open,2026-08-18 22:25:35+00:00,2026-08-18 22:26:00+00:00,,0.1,0.1,0.09,0,2,feature-request | agents-window,1,1,0,COLLABORATOR,579,28,1,8,0,0,0,0,0,188912,41710,19952,188912,1367899,0.0,0.0,Low,Keep In Normal Delivery Rhythm.
Developer Experience Modernization,Developer Tools,microsoft/vscode,331568,https://github.com/microsoft/vscode/issues/331568,Issue,A pasted image renders as a broken thumbnail when its attachment has no contentType,open,2026-08-18 22:26:43+00:00,2026-08-18 22:37:31+00:00,,0.09,0.09,0.09,0,0,,1,0,0,CONTRIBUTOR,1716,83,1,8,0,0,0,0,0,188912,41710,19952,188912,1367899,0.0,0.0,Low,Keep In Normal Delivery Rhythm.
Developer Experience Modernization,Developer Tools,microsoft/vscode,331569,https://github.com/microsoft/vscode/pull/331569,Pull Request,Render an embedded attachment that has no content type,open,2026-08-18 22:27:13+00:00,2026-08-19 00:31:06+00:00,,0.09,0.09,0.01,0,0,,1,0,0,CONTRIBUTOR,2457,54,1,8,0,0,0,0,0,188912,41710,19952,188912,1367899,0.0,0.0,Low,Keep In Normal Delivery Rhythm.
Developer Experience Modernization,Developer Tools,microsoft/vscode,331570,https://github.com/microsoft/vscode/issues/331570,Issue,THE MODELES IS NOT SHOWING AND THE CHAT NOT REPOND,open,2026-08-18 22:34:14+00:00,2026-08-18 22:46:05+00:00,,0.09,0.09,0.08,2,1,info-needed,1,0,0,NONE,2062,50,1,8,0,0,0,0,0,188912,41710,19952,188912,1367899,0.0,0.0,Low,Keep In Normal Delivery Rhythm.
Language Ecosystem Delivery,Language Platform,rust-lang/rust,161332,https://github.com/rust-lang/rust/pull/161332,Pull Request,Some `GlobalCtxt`/`Session` cleanups,open,2026-08-18 22:37:47+00:00,2026-08-18 23:37:09+00:00,,0.09,0.09,0.05,5,6,A-LLVM | T-rustdoc | T-compiler | S-waiting-on-author | S-waiting-on-perf | A-query-system,0,0,0,CONTRIBUTOR,30,36,1,8,1,0,0,0,0,115595,15431,12711,115595,972236,0.0,0.0,Low,Keep In Normal Delivery Rhythm.
Developer Experience Modernization,Developer Tools,microsoft/vscode,331571,https://github.com/microsoft/vscode/pull/331571,Pull Request,Reject null in vObjAny(),open,2026-08-18 22:39:25+00:00,2026-08-19 00:25:13+00:00,,0.09,0.09,0.01,1,1,triage-needed,1,0,0,NONE,3730,24,1,8,0,0,0,1,0,188912,41710,19952,188912,1367899,0.0,0.0,Low,Keep In Normal Delivery Rhythm.
Cloud Native Platform Reliability,Cloud Platform,kubernetes/kubernetes,141454,https://github.com/kubernetes/kubernetes/pull/141454,Pull Request,Allocator pool buffer cap at 256 KB,open,2026-08-18 22:53:24+00:00,2026-08-19 00:31:37+00:00,,0.08,0.08,0.01,5,10,area/test | area/apiserver | sig/api-machinery | size/L | kind/feature | release-note-none | cncf-cla: yes | sig/testing | needs-priority | needs-triage,0,0,0,CONTRIBUTOR,745,35,1,8,1,0,1,1,0,124580,43868,2952,124580,1510698,0.0017,0.2,Low,Keep In Normal Delivery Rhythm.
Developer Experience Modernization,Developer Tools,microsoft/vscode,331572,https://github.com/microsoft/vscode/issues/331572,Issue,chat sessions are gone,open,2026-08-18 22:54:30+00:00,2026-08-19 00:03:08+00:00,,0.08,0.08,0.03,0,0,,1,0,0,NONE,2076,22,1,8,0,0,0,0,0,188912,41710,19952,188912,1367899,0.0,0.0,Low,Keep In Normal Delivery Rhythm.
Developer Experience Modernization,Developer Tools,microsoft/vscode,331573,https://github.com/microsoft/vscode/pull/331573,Pull Request,agentHost: Collect and package debug logs on the host,open,2026-08-18 22:55:29+00:00,2026-08-19 00:33:19+00:00,,0.07,0.07,0.01,0,0,,1,0,0,MEMBER,2891,53,1,8,0,0,0,0,0,188912,41710,19952,188912,1367899,0.0,0.0,Low,Keep In Normal Delivery Rhythm.
Developer Experience Modernization,Developer Tools,microsoft/vscode,331574,https://github.com/microsoft/vscode/pull/331574,Pull Request,Render evidence chapters from the automation harness,open,2026-08-18 22:57:58+00:00,2026-08-19 00:21:09+00:00,,0.07,0.07,0.01,1,0,,1,0,0,CONTRIBUTOR,2453,52,1,8,0,0,0,0,0,188912,41710,19952,188912,1367899,0.0,0.0,Low,Keep In Normal Delivery Rhythm.
Language Ecosystem Delivery,Language Platform,rust-lang/rust,161333,https://github.com/rust-lang/rust/pull/161333,Pull Request,compiler: Account for default_sanitizers when comparing target modifiers,open,2026-08-18 23:08:57+00:00,2026-08-18 23:09:20+00:00,,0.07,0.07,0.06,2,2,T-compiler | S-waiting-on-review,1,0,0,CONTRIBUTOR,1751,72,1,8,1,0,0,0,0,115595,15431,12711,115595,972236,0.0,0.0,Low,Keep In Normal Delivery Rhythm.
Language Ecosystem Delivery,Language Platform,rust-lang/rust,161334,https://github.com/rust-lang/rust/pull/161334,Pull Request,Fix soundness issues in std::sys::pal::sgx::waitqueue::unsafe_list,open,2026-08-18 23:11:52+00:00,2026-08-18 23:11:56+00:00,,0.06,0.06,0.06,0,3,S-waiting-on-review | T-libs | O-SGX,1,0,0,CONTRIBUTOR,2794,66,1,8,1,0,0,0,0,115595,15431,12711,115595,972236,0.0,0.0,Low,Keep In Normal Delivery Rhythm.
Data Platform Orchestration,Data Engineering,apache/airflow,71805,https://github.com/apache/airflow/pull/71805,Pull Request,Test team scoping of plugin UI views in multi-team mode,open,2026-08-18 23:13:19+00:00,2026-08-18 23:19:31+00:00,,0.06,0.06,0.06,0,1,area:API,0,0,0,CONTRIBUTOR,3029,55,1,8,0,0,0,0,0,46523,17615,1885,46523,693411,0.0,0.0,Low,Keep In Normal Delivery Rhythm.
Developer Experience Modernization,Developer Tools,microsoft/vscode,331575,https://github.com/microsoft/vscode/pull/331575,Pull Request,MCP: Recognize Workspace Config Under Settings,open,2026-08-18 23:20:09+00:00,2026-08-18 23:28:30+00:00,,0.06,0.06,0.05,1,3,bug | chat-mcp-management | mcp,1,0,0,COLLABORATOR,599,46,1,8,0,1,0,0,0,188912,41710,19952,188912,1367899,0.0,0.0,Low,Keep In Normal Delivery Rhythm.
Developer Experience Modernization,Developer Tools,microsoft/vscode,331576,https://github.com/microsoft/vscode/pull/331576,Pull Request,Fix Update tooltip vertical clipping,open,2026-08-18 23:23:10+00:00,2026-08-18 23:34:36+00:00,,0.06,0.06,0.05,0,2,bug | install-update,1,0,0,COLLABORATOR,436,36,1,8,0,1,0,0,0,188912,41710,19952,188912,1367899,0.0,0.0,Low,Keep In Normal Delivery Rhythm.
Cloud Native Platform Reliability,Cloud Platform,kubernetes/kubernetes,141455,https://github.com/kubernetes/kubernetes/issues/141455,Issue,Deprecate /openapi/v2 Endpoint,open,2026-08-18 23:24:10+00:00,2026-08-18 23:40:06+00:00,,0.05,0.05,0.04,2,3,sig/api-machinery | kind/deprecation | needs-triage,0,0,0,CONTRIBUTOR,1288,30,1,8,1,0,0,1,0,124580,43868,2952,124580,1510698,0.0004,0.0,Low,Keep In Normal Delivery Rhythm.
Developer Experience Modernization,Developer Tools,microsoft/vscode,331577,https://github.com/microsoft/vscode/pull/331577,Pull Request,Disable reasoning for Luna dictation cleanup,open,2026-08-18 23:33:15+00:00,2026-08-19 00:26:56+00:00,,0.05,0.05,0.01,0,0,,1,1,0,COLLABORATOR,293,44,1,8,0,0,0,0,0,188912,41710,19952,188912,1367899,0.0,0.0,Low,Keep In Normal Delivery Rhythm.
Developer Experience Modernization,Developer Tools,microsoft/vscode,331578,https://github.com/microsoft/vscode/issues/331578,Issue,Support configuring the utility model with the Agent Host Copilot Harness,open,2026-08-18 23:33:59+00:00,2026-08-18 23:33:59+00:00,,0.05,0.05,0.05,0,0,,1,0,0,MEMBER,227,73,1,8,0,0,0,0,0,188912,41710,19952,188912,1367899,0.0001,0.0,Low,Keep In Normal Delivery Rhythm.
Cloud Native Platform Reliability,Cloud Platform,kubernetes/kubernetes,141456,https://github.com/kubernetes/kubernetes/pull/141456,Pull Request,Allocator pool buffer cap at 128KB,open,2026-08-18 23:38:50+00:00,2026-08-19 00:32:13+00:00,,0.04,0.04,0.01,5,10,area/test | area/apiserver | sig/api-machinery | size/L | kind/feature | release-note-none | cncf-cla: yes | sig/testing | needs-priority | needs-triage,0,0,0,CONTRIBUTOR,743,34,1,8,1,0,1,1,0,124580,43868,2952,124580,1510698,0.0007,0.1,Low,Keep In Normal Delivery Rhythm.
Developer Experience Modernization,Developer Tools,microsoft/vscode,331579,https://github.com/microsoft/vscode/issues/331579,Issue,NES 402 handler resets the Copilot token in an unbounded loop (quota latch never engages),open,2026-08-18 23:45:05+00:00,2026-08-18 23:55:05+00:00,,0.04,0.04,0.03,0,0,,1,0,0,NONE,3229,89,1,8,0,0,0,0,0,188912,41710,19952,188912,1367899,0.0,0.0,Low,Keep In Normal Delivery Rhythm.
Developer Experience Modernization,Developer Tools,microsoft/vscode,331580,https://github.com/microsoft/vscode/issues/331580,Issue,"`cancelSelection` interferes with extension API `registerCommand(""type"")`",open,2026-08-18 23:46:30+00:00,2026-08-18 23:57:24+00:00,,0.04,0.04,0.03,0,0,,1,0,0,CONTRIBUTOR,3801,73,1,8,0,0,0,0,0,188912,41710,19952,188912,1367899,0.0,0.0,Low,Keep In Normal Delivery Rhythm.
Developer Experience Modernization,Developer Tools,microsoft/vscode,331581,https://github.com/microsoft/vscode/issues/331581,Issue,"Agent Debug Logs Call with wrong text content ""github.copilot.chat.agentDebugLog.fileLogging.enabled"": true,",open,2026-08-18 23:57:13+00:00,2026-08-19 00:07:03+00:00,,0.03,0.03,0.02,0,0,,1,0,0,NONE,1713,108,1,8,0,0,0,0,0,188912,41710,19952,188912,1367899,0.0,0.0,Low,Keep In Normal Delivery Rhythm.
Developer Experience Modernization,Developer Tools,microsoft/vscode,331582,https://github.com/microsoft/vscode/issues/331582,Issue,Cmd + Shift + ← should move cursor to the end of the previous line when positioned before an indented token,open,2026-08-19 00:00:30+00:00,2026-08-19 00:10:01+00:00,,0.03,0.03,0.02,0,0,,1,0,0,NONE,1786,107,2,8,0,0,0,0,0,188912,41710,19952,188912,1367899,0.0,0.0,Low,Keep In Normal Delivery Rhythm.
Developer Experience Modernization,Developer Tools,microsoft/vscode,331583,https://github.com/microsoft/vscode/issues/331583,Issue,terminal is not working,closed,2026-08-19 00:12:20+00:00,2026-08-19 00:22:46+00:00,2026-08-19 00:22:45+00:00,0.02,0.01,0.01,1,1,spam,0,0,0,NONE,3680,23,2,8,0,0,0,0,0,188912,41710,19952,188912,1367899,0.0,0.0,Low,Keep In Normal Delivery Rhythm.
Developer Experience Modernization,Developer Tools,microsoft/vscode,331584,https://github.com/microsoft/vscode/issues/331584,Issue,Not synching correctly,open,2026-08-19 00:21:23+00:00,2026-08-19 00:32:08+00:00,,0.01,0.01,0.01,1,1,info-needed,0,0,0,NONE,4223,22,2,8,0,0,0,0,0,188912,41710,19952,188912,1367899,0.0,0.0,Low,Keep In Normal Delivery Rhythm.
Data Platform Orchestration,Data Engineering,apache/airflow,71806,https://github.com/apache/airflow/pull/71806,Pull Request,UI: Make dialogs consistent and fix their dark mode background,open,2026-08-19 00:27:40+00:00,2026-08-19 00:35:44+00:00,,0.01,0.01,0.0,0,1,area:UI,0,0,0,CONTRIBUTOR,4522,62,2,8,0,0,0,0,0,46523,17615,1885,46523,693411,0.0,0.0,Low,Keep In Normal Delivery Rhythm.
Developer Experience Modernization,Developer Tools,microsoft/vscode,331585,https://github.com/microsoft/vscode/pull/331585,Pull Request,Refactor AgentService instantiation,open,2026-08-19 00:32:55+00:00,2026-08-19 00:32:55+00:00,,0.01,0.01,0.01,0,0,,0,0,0,MEMBER,782,35,2,8,0,0,0,0,0,188912,41710,19952,188912,1367899,0.0,0.0,Low,Keep In Normal Delivery Rhythm.
